#
# There is insufficient memory for the Java Runtime Environment to continue.
# Native memory allocation (mmap) failed to map 637534208 bytes for G1 virtual space
# Possible reasons:
#   The system is out of physical RAM or swap space
#   The process is running with CompressedOops enabled, and the Java Heap may be blocking the growth of the native heap
# Possible solutions:
#   Reduce memory load on the system
#   Increase physical memory or swap space
#   Check if swap backing store is full
#   Decrease Java heap size (-Xmx/-Xms)
#   Decrease number of Java threads
#   Decrease Java thread stack sizes (-Xss)
#   Set larger code cache with -XX:ReservedCodeCacheSize=
#   JVM is running with Unscaled Compressed Oops mode in which the Java heap is
#     placed in the first 4GB address space. The Java Heap base address is the
#     maximum limit for the native heap growth. Please use -XX:HeapBaseMinAddress
#     to set the Java Heap base and to place the Java Heap above 4GB virtual address.
# This output file may be truncated or incomplete.
#
#  Out of Memory Error (os_windows.cpp:3771), pid=18232, tid=4256
#
# JRE version: OpenJDK Runtime Environment (17.0.7) (build 17.0.7+0-b2043.56-10550314)
# Java VM: OpenJDK 64-Bit Server VM (17.0.7+0-b2043.56-10550314, mixed mode, tiered, compressed oops, compressed class ptrs, g1 gc, windows-amd64)
# No core dump will be written. Minidumps are not enabled by default on client versions of Windows
#

---------------  S U M M A R Y ------------

Command Line: --add-opens=java.base/java.util=ALL-UNNAMED --add-opens=java.base/java.lang=ALL-UNNAMED --add-opens=java.base/java.lang.invoke=ALL-UNNAMED --add-opens=java.prefs/java.util.prefs=ALL-UNNAMED --add-opens=java.base/java.nio.charset=ALL-UNNAMED --add-opens=java.base/java.net=ALL-UNNAMED --add-opens=java.base/java.util.concurrent.atomic=ALL-UNNAMED -Xmx2048m -Dfile.encoding=UTF-8 -Duser.country=US -Duser.language=en -Duser.variant -javaagent:C:\Users\minhm\.gradle\wrapper\dists\gradle-8.2-bin\bbg7u40eoinfdyxsxr3z4i7ta\gradle-8.2\lib\agents\gradle-instrumentation-agent-8.2.jar org.gradle.launcher.daemon.bootstrap.GradleDaemon 8.2

Host: 11th Gen Intel(R) Core(TM) i5-1135G7 @ 2.40GHz, 8 cores, 15G,  Windows 11 , 64 bit Build 22621 (10.0.22621.3235)
Time: Mon Apr  8 14:23:41 2024 SE Asia Standard Time elapsed time: 20.059051 seconds (0d 0h 0m 20s)

---------------  T H R E A D  ---------------

Current thread (0x000001a77f39d320):  VMThread "VM Thread" [stack: 0x00000038d9000000,0x00000038d9100000] [id=4256]

Stack: [0x00000038d9000000,0x00000038d9100000]
Native frames: (J=compiled Java code, j=interpreted, Vv=VM code, C=native code)
V  [jvm.dll+0x683bfa]
V  [jvm.dll+0x8430a4]
V  [jvm.dll+0x8449be]
V  [jvm.dll+0x845023]
V  [jvm.dll+0x24ad2f]
V  [jvm.dll+0x680ac9]
V  [jvm.dll+0x67519a]
V  [jvm.dll+0x30b3cb]
V  [jvm.dll+0x312876]
V  [jvm.dll+0x36221e]
V  [jvm.dll+0x36244f]
V  [jvm.dll+0x2e14a8]
V  [jvm.dll+0x2df684]
V  [jvm.dll+0x2dec8c]
V  [jvm.dll+0x32382b]
V  [jvm.dll+0x8496eb]
V  [jvm.dll+0x84a424]
V  [jvm.dll+0x84a93d]
V  [jvm.dll+0x84ad14]
V  [jvm.dll+0x84ade0]
V  [jvm.dll+0x7f2aea]
V  [jvm.dll+0x682a35]
C  [ucrtbase.dll+0x29363]
C  [KERNEL32.DLL+0x1257d]
C  [ntdll.dll+0x5aa58]

VM_Operation (0x00000038e34f58e0): G1CollectForAllocation, mode: safepoint, requested by thread 0x000001a7172aa8b0


---------------  P R O C E S S  ---------------

Threads class SMR info:
_java_thread_list=0x000001a721d17f30, length=156, elements={
0x000001a77652ec40, 0x000001a77f51cd10, 0x000001a77f51d8c0, 0x000001a77f569280,
0x000001a77f569d40, 0x000001a77f56a8f0, 0x000001a77f56d2b0, 0x000001a77f5703a0,
0x000001a77f570e40, 0x000001a77f580530, 0x000001a77f673ee0, 0x000001a77f7b7930,
0x000001a71500cd50, 0x000001a7167dfb10, 0x000001a71797bae0, 0x000001a716538150,
0x000001a716aacd90, 0x000001a717297010, 0x000001a7166b7840, 0x000001a716f20180,
0x000001a716bae460, 0x000001a716bb0140, 0x000001a716baf2d0, 0x000001a716bae930,
0x000001a716bb0610, 0x000001a716bb1480, 0x000001a716bb1950, 0x000001a716baee00,
0x000001a716badf90, 0x000001a716baf7a0, 0x000001a716bafc70, 0x000001a716bb0ae0,
0x000001a716bb0fb0, 0x000001a718fafeb0, 0x000001a718fb0d20, 0x000001a718face90,
0x000001a718faace0, 0x000001a718faf9e0, 0x000001a718fad830, 0x000001a718fae6a0,
0x000001a718faeb70, 0x000001a718fb0380, 0x000001a718fb11f0, 0x000001a718fb0850,
0x000001a718fab1b0, 0x000001a718fac9c0, 0x000001a718fab680, 0x000001a718fa9e70,
0x000001a718fadd00, 0x000001a718fae1d0, 0x000001a718faf040, 0x000001a718faf510,
0x000001a718fabb50, 0x000001a718faa340, 0x000001a71b9cc8b0, 0x000001a71b9c8080,
0x000001a71b9c5530, 0x000001a71b9c8550, 0x000001a71b9c93c0, 0x000001a71b9c9890,
0x000001a71b9ca230, 0x000001a71b9ca700, 0x000001a71b9cabd0, 0x000001a71b9cb0a0,
0x000001a71b9c7210, 0x000001a71b9c5a00, 0x000001a71b9c5ed0, 0x000001a71b9c6870,
0x000001a71b9c76e0, 0x000001a71b9c6d40, 0x000001a71b9c7bb0, 0x000001a7179f6930,
0x000001a7179f5f90, 0x000001a7179f8140, 0x000001a7179f3de0, 0x000001a7179f4c50,
0x000001a7179f4780, 0x000001a7179f42b0, 0x000001a7179f7c70, 0x000001a7179f8610,
0x000001a7179f55f0, 0x000001a7179f3910, 0x000001a7179f0dc0, 0x000001a7179f5120,
0x000001a7179f1290, 0x000001a7179f5ac0, 0x000001a7179f1760, 0x000001a7179f1c30,
0x000001a7179f6460, 0x000001a7179f6e00, 0x000001a7179f2100, 0x000001a7179f72d0,
0x000001a7179f25d0, 0x000001a7179f2aa0, 0x000001a7179f3440, 0x000001a7183a4620,
0x000001a7183a5960, 0x000001a7183a1130, 0x000001a7183a0790, 0x000001a7183a6300,
0x000001a7183a1600, 0x000001a71839eab0, 0x000001a7183a1ad0, 0x000001a7183a37b0,
0x000001a7183a5e30, 0x000001a7183a4150, 0x000001a71839f920, 0x000001a71839ef80,
0x000001a7183a4af0, 0x000001a71839f450, 0x000001a7183a32e0, 0x000001a7183a0c60,
0x000001a7183a02c0, 0x000001a7183a4fc0, 0x000001a71839fdf0, 0x000001a7183a1fa0,
0x000001a7183a3c80, 0x000001a7183a5490, 0x000001a7183a2470, 0x000001a7183a2940,
0x000001a7183a2e10, 0x000001a717790030, 0x000001a71778cb40, 0x000001a71778d4e0,
0x000001a717791370, 0x000001a71778d9b0, 0x000001a717789b20, 0x000001a71778ae60,
0x000001a71778b800, 0x000001a71778bcd0, 0x000001a717790500, 0x000001a71778de80,
0x000001a71778a4c0, 0x000001a71778e350, 0x000001a71778f690, 0x000001a71778c1a0,
0x000001a717790ea0, 0x000001a71778d010, 0x000001a71778a990, 0x000001a71778fb60,
0x000001a71778e820, 0x000001a71778ecf0, 0x000001a71778f1c0, 0x000001a71778b330,
0x000001a7172ae270, 0x000001a7172a9f10, 0x000001a7191f0d50, 0x000001a7172a8700,
0x000001a7172a8bd0, 0x000001a7172a90a0, 0x000001a7172ad400, 0x000001a7172aca60,
0x000001a7172af5b0, 0x000001a7172aa8b0, 0x000001a7172ac0c0, 0x000001a7172a9570
}

Java Threads: ( => current thread )
  0x000001a77652ec40 JavaThread "main" [_thread_blocked, id=7636, stack(0x00000038d8a00000,0x00000038d8b00000)]
  0x000001a77f51cd10 JavaThread "Reference Handler" daemon [_thread_blocked, id=1788, stack(0x00000038d9100000,0x00000038d9200000)]
  0x000001a77f51d8c0 JavaThread "Finalizer" daemon [_thread_blocked, id=15320, stack(0x00000038d9200000,0x00000038d9300000)]
  0x000001a77f569280 JavaThread "Signal Dispatcher" daemon [_thread_blocked, id=10092, stack(0x00000038d9300000,0x00000038d9400000)]
  0x000001a77f569d40 JavaThread "Attach Listener" daemon [_thread_blocked, id=10396, stack(0x00000038d9400000,0x00000038d9500000)]
  0x000001a77f56a8f0 JavaThread "Service Thread" daemon [_thread_blocked, id=19348, stack(0x00000038d9500000,0x00000038d9600000)]
  0x000001a77f56d2b0 JavaThread "Monitor Deflation Thread" daemon [_thread_blocked, id=11892, stack(0x00000038d9600000,0x00000038d9700000)]
  0x000001a77f5703a0 JavaThread "C2 CompilerThread0" daemon [_thread_in_native, id=2424, stack(0x00000038d9700000,0x00000038d9800000)]
  0x000001a77f570e40 JavaThread "C1 CompilerThread0" daemon [_thread_blocked, id=19380, stack(0x00000038d9800000,0x00000038d9900000)]
  0x000001a77f580530 JavaThread "Sweeper thread" daemon [_thread_blocked, id=9756, stack(0x00000038d9900000,0x00000038d9a00000)]
  0x000001a77f673ee0 JavaThread "Common-Cleaner" daemon [_thread_blocked, id=5800, stack(0x00000038d9a00000,0x00000038d9b00000)]
  0x000001a77f7b7930 JavaThread "Notification Thread" daemon [_thread_blocked, id=19336, stack(0x00000038d9b00000,0x00000038d9c00000)]
  0x000001a71500cd50 JavaThread "C2 CompilerThread1" daemon [_thread_blocked, id=18220, stack(0x00000038d9d00000,0x00000038d9e00000)]
  0x000001a7167dfb10 JavaThread "Daemon health stats" [_thread_blocked, id=19064, stack(0x00000038da400000,0x00000038da500000)]
  0x000001a71797bae0 JavaThread "Incoming local TCP Connector on port 56575" [_thread_in_native, id=10880, stack(0x00000038d9e00000,0x00000038d9f00000)]
  0x000001a716538150 JavaThread "Daemon periodic checks" [_thread_blocked, id=12208, stack(0x00000038da500000,0x00000038da600000)]
  0x000001a716aacd90 JavaThread "Daemon" [_thread_blocked, id=14052, stack(0x00000038da600000,0x00000038da700000)]
  0x000001a717297010 JavaThread "Handler for socket connection from /127.0.0.1:56575 to /127.0.0.1:56576" [_thread_in_native, id=10360, stack(0x00000038da700000,0x00000038da800000)]
  0x000001a7166b7840 JavaThread "Cancel handler" [_thread_blocked, id=8956, stack(0x00000038da800000,0x00000038da900000)]
  0x000001a716f20180 JavaThread "Daemon worker" [_thread_blocked, id=18192, stack(0x00000038da900000,0x00000038daa00000)]
  0x000001a716bae460 JavaThread "Asynchronous log dispatcher for DefaultDaemonConnection: socket connection from /127.0.0.1:56575 to /127.0.0.1:56576" [_thread_blocked, id=11052, stack(0x00000038daa00000,0x00000038dab00000)]
  0x000001a716bb0140 JavaThread "Stdin handler" [_thread_blocked, id=6404, stack(0x00000038dab00000,0x00000038dac00000)]
  0x000001a716baf2d0 JavaThread "Daemon client event forwarder" [_thread_blocked, id=13596, stack(0x00000038dac00000,0x00000038dad00000)]
  0x000001a716bae930 JavaThread "Cache worker for journal cache (C:\Users\minhm\.gradle\caches\journal-1)" [_thread_blocked, id=17788, stack(0x00000038db000000,0x00000038db100000)]
  0x000001a716bb0610 JavaThread "File lock request listener" [_thread_in_native, id=13660, stack(0x00000038db100000,0x00000038db200000)]
  0x000001a716bb1480 JavaThread "Cache worker for file hash cache (C:\Users\minhm\.gradle\caches\8.2\fileHashes)" [_thread_blocked, id=8048, stack(0x00000038db200000,0x00000038db300000)]
  0x000001a716bb1950 JavaThread "File watcher server" daemon [_thread_blocked, id=1420, stack(0x00000038db400000,0x00000038db500000)]
  0x000001a716baee00 JavaThread "File watcher consumer" daemon [_thread_blocked, id=7984, stack(0x00000038db500000,0x00000038db600000)]
  0x000001a716badf90 JavaThread "Cache worker for checksums cache (D:\study\Android\appBaoHanh\.gradle\8.2\checksums)" [_thread_blocked, id=3844, stack(0x00000038db300000,0x00000038db400000)]
  0x000001a716baf7a0 JavaThread "Cache worker for cache directory md-rule (C:\Users\minhm\.gradle\caches\8.2\md-rule)" [_thread_blocked, id=14820, stack(0x00000038db600000,0x00000038db700000)]
  0x000001a716bafc70 JavaThread "Cache worker for file content cache (C:\Users\minhm\.gradle\caches\8.2\fileContent)" [_thread_blocked, id=1284, stack(0x00000038db700000,0x00000038db800000)]
  0x000001a716bb0ae0 JavaThread "Cache worker for file hash cache (D:\study\Android\appBaoHanh\.gradle\8.2\fileHashes)" [_thread_blocked, id=15736, stack(0x00000038db800000,0x00000038db900000)]
  0x000001a716bb0fb0 JavaThread "Cache worker for cache directory md-supplier (C:\Users\minhm\.gradle\caches\8.2\md-supplier)" [_thread_blocked, id=4116, stack(0x00000038db900000,0x00000038dba00000)]
  0x000001a718fafeb0 JavaThread "Cache worker for execution history cache (C:\Users\minhm\.gradle\caches\8.2\executionHistory)" [_thread_blocked, id=11300, stack(0x00000038dba00000,0x00000038dbb00000)]
  0x000001a718fb0d20 JavaThread "jar transforms" [_thread_blocked, id=10732, stack(0x00000038dbb00000,0x00000038dbc00000)]
  0x000001a718face90 JavaThread "jar transforms Thread 2" [_thread_blocked, id=6880, stack(0x00000038dbe00000,0x00000038dbf00000)]
  0x000001a718faace0 JavaThread "Cache worker for kotlin-dsl (C:\Users\minhm\.gradle\caches\8.2\kotlin-dsl)" [_thread_blocked, id=6820, stack(0x00000038dbf00000,0x00000038dc000000)]
  0x000001a718faf9e0 JavaThread "jar transforms Thread 3" [_thread_blocked, id=16828, stack(0x00000038dc000000,0x00000038dc100000)]
  0x000001a718fad830 JavaThread "jar transforms Thread 4" [_thread_blocked, id=18560, stack(0x00000038dc100000,0x00000038dc200000)]
  0x000001a718fae6a0 JavaThread "jar transforms Thread 5" [_thread_blocked, id=3500, stack(0x00000038dc200000,0x00000038dc300000)]
  0x000001a718faeb70 JavaThread "jar transforms Thread 6" [_thread_blocked, id=11724, stack(0x00000038dc300000,0x00000038dc400000)]
  0x000001a718fb0380 JavaThread "Cache worker for dependencies-accessors (D:\study\Android\appBaoHanh\.gradle\8.2\dependencies-accessors)" [_thread_blocked, id=12596, stack(0x00000038dc400000,0x00000038dc500000)]
  0x000001a718fb11f0 JavaThread "Cache worker for Build Output Cleanup Cache (D:\study\Android\appBaoHanh\.gradle\buildOutputCleanup)" [_thread_blocked, id=11540, stack(0x00000038dc500000,0x00000038dc600000)]
  0x000001a718fb0850 JavaThread "jar transforms Thread 7" [_thread_blocked, id=9248, stack(0x00000038dc600000,0x00000038dc700000)]
  0x000001a718fab1b0 JavaThread "jar transforms Thread 8" [_thread_blocked, id=19448, stack(0x00000038dc700000,0x00000038dc800000)]
  0x000001a718fac9c0 JavaThread "Unconstrained build operations" [_thread_blocked, id=8872, stack(0x00000038dc800000,0x00000038dc900000)]
  0x000001a718fab680 JavaThread "Unconstrained build operations Thread 2" [_thread_blocked, id=13084, stack(0x00000038dc900000,0x00000038dca00000)]
  0x000001a718fa9e70 JavaThread "Unconstrained build operations Thread 3" [_thread_blocked, id=2332, stack(0x00000038dca00000,0x00000038dcb00000)]
  0x000001a718fadd00 JavaThread "Unconstrained build operations Thread 4" [_thread_blocked, id=17956, stack(0x00000038dcb00000,0x00000038dcc00000)]
  0x000001a718fae1d0 JavaThread "Unconstrained build operations Thread 5" [_thread_blocked, id=10388, stack(0x00000038dcc00000,0x00000038dcd00000)]
  0x000001a718faf040 JavaThread "Unconstrained build operations Thread 6" [_thread_blocked, id=17664, stack(0x00000038dcd00000,0x00000038dce00000)]
  0x000001a718faf510 JavaThread "Unconstrained build operations Thread 7" [_thread_blocked, id=1412, stack(0x00000038dce00000,0x00000038dcf00000)]
  0x000001a718fabb50 JavaThread "build event listener" [_thread_blocked, id=19148, stack(0x00000038dcf00000,0x00000038dd000000)]
  0x000001a718faa340 JavaThread "Memory manager" [_thread_blocked, id=5092, stack(0x00000038dd000000,0x00000038dd100000)]
  0x000001a71b9cc8b0 JavaThread "pool-3-thread-1" [_thread_blocked, id=11964, stack(0x00000038dd200000,0x00000038dd300000)]
  0x000001a71b9c8080 JavaThread "build event listener" [_thread_blocked, id=18756, stack(0x00000038dd300000,0x00000038dd400000)]
  0x000001a71b9c5530 JavaThread "included builds" [_thread_blocked, id=13728, stack(0x00000038dd400000,0x00000038dd500000)]
  0x000001a71b9c8550 JavaThread "Execution worker" [_thread_blocked, id=18160, stack(0x00000038dd500000,0x00000038dd600000)]
  0x000001a71b9c93c0 JavaThread "Execution worker Thread 2" [_thread_blocked, id=15580, stack(0x00000038dd600000,0x00000038dd700000)]
  0x000001a71b9c9890 JavaThread "Execution worker Thread 3" [_thread_blocked, id=2648, stack(0x00000038dd700000,0x00000038dd800000)]
  0x000001a71b9ca230 JavaThread "Execution worker Thread 4" [_thread_blocked, id=14012, stack(0x00000038dd800000,0x00000038dd900000)]
  0x000001a71b9ca700 JavaThread "Execution worker Thread 5" [_thread_blocked, id=7816, stack(0x00000038dd900000,0x00000038dda00000)]
  0x000001a71b9cabd0 JavaThread "Execution worker Thread 6" [_thread_blocked, id=2520, stack(0x00000038dda00000,0x00000038ddb00000)]
  0x000001a71b9cb0a0 JavaThread "Execution worker Thread 7" [_thread_blocked, id=1448, stack(0x00000038ddb00000,0x00000038ddc00000)]
  0x000001a71b9c7210 JavaThread "Cache worker for execution history cache (D:\study\Android\appBaoHanh\.gradle\8.2\executionHistory)" [_thread_blocked, id=15308, stack(0x00000038ddc00000,0x00000038ddd00000)]
  0x000001a71b9c5a00 JavaThread "Unconstrained build operations Thread 8" [_thread_blocked, id=15924, stack(0x00000038ddd00000,0x00000038dde00000)]
  0x000001a71b9c5ed0 JavaThread "Unconstrained build operations Thread 9" [_thread_blocked, id=9904, stack(0x00000038dde00000,0x00000038ddf00000)]
  0x000001a71b9c6870 JavaThread "Unconstrained build operations Thread 10" [_thread_blocked, id=8288, stack(0x00000038ddf00000,0x00000038de000000)]
  0x000001a71b9c76e0 JavaThread "Unconstrained build operations Thread 11" [_thread_blocked, id=13176, stack(0x00000038de000000,0x00000038de100000)]
  0x000001a71b9c6d40 JavaThread "Unconstrained build operations Thread 12" [_thread_blocked, id=17508, stack(0x00000038de100000,0x00000038de200000)]
  0x000001a71b9c7bb0 JavaThread "Unconstrained build operations Thread 13" [_thread_blocked, id=8068, stack(0x00000038de200000,0x00000038de300000)]
  0x000001a7179f6930 JavaThread "Unconstrained build operations Thread 14" [_thread_blocked, id=12352, stack(0x00000038de300000,0x00000038de400000)]
  0x000001a7179f5f90 JavaThread "Unconstrained build operations Thread 15" [_thread_blocked, id=12852, stack(0x00000038de400000,0x00000038de500000)]
  0x000001a7179f8140 JavaThread "Unconstrained build operations Thread 16" [_thread_blocked, id=14836, stack(0x00000038de500000,0x00000038de600000)]
  0x000001a7179f3de0 JavaThread "Unconstrained build operations Thread 17" [_thread_blocked, id=8776, stack(0x00000038de600000,0x00000038de700000)]
  0x000001a7179f4c50 JavaThread "Unconstrained build operations Thread 18" [_thread_blocked, id=5944, stack(0x00000038de700000,0x00000038de800000)]
  0x000001a7179f4780 JavaThread "Unconstrained build operations Thread 19" [_thread_blocked, id=17032, stack(0x00000038de800000,0x00000038de900000)]
  0x000001a7179f42b0 JavaThread "Unconstrained build operations Thread 20" [_thread_blocked, id=6016, stack(0x00000038de900000,0x00000038dea00000)]
  0x000001a7179f7c70 JavaThread "Unconstrained build operations Thread 21" [_thread_blocked, id=16244, stack(0x00000038dea00000,0x00000038deb00000)]
  0x000001a7179f8610 JavaThread "Unconstrained build operations Thread 22" [_thread_blocked, id=5928, stack(0x00000038deb00000,0x00000038dec00000)]
  0x000001a7179f55f0 JavaThread "Unconstrained build operations Thread 23" [_thread_blocked, id=18792, stack(0x00000038dec00000,0x00000038ded00000)]
  0x000001a7179f3910 JavaThread "Unconstrained build operations Thread 24" [_thread_blocked, id=8184, stack(0x00000038ded00000,0x00000038dee00000)]
  0x000001a7179f0dc0 JavaThread "Unconstrained build operations Thread 25" [_thread_blocked, id=11416, stack(0x00000038dee00000,0x00000038def00000)]
  0x000001a7179f5120 JavaThread "Unconstrained build operations Thread 26" [_thread_blocked, id=19400, stack(0x00000038def00000,0x00000038df000000)]
  0x000001a7179f1290 JavaThread "Unconstrained build operations Thread 27" [_thread_blocked, id=12384, stack(0x00000038df000000,0x00000038df100000)]
  0x000001a7179f5ac0 JavaThread "Unconstrained build operations Thread 28" [_thread_blocked, id=4052, stack(0x00000038df100000,0x00000038df200000)]
  0x000001a7179f1760 JavaThread "Unconstrained build operations Thread 29" [_thread_blocked, id=10616, stack(0x00000038df200000,0x00000038df300000)]
  0x000001a7179f1c30 JavaThread "Unconstrained build operations Thread 30" [_thread_blocked, id=1976, stack(0x00000038df300000,0x00000038df400000)]
  0x000001a7179f6460 JavaThread "Unconstrained build operations Thread 31" [_thread_blocked, id=18396, stack(0x00000038df400000,0x00000038df500000)]
  0x000001a7179f6e00 JavaThread "Unconstrained build operations Thread 32" [_thread_blocked, id=18084, stack(0x00000038df500000,0x00000038df600000)]
  0x000001a7179f2100 JavaThread "Unconstrained build operations Thread 33" [_thread_blocked, id=18788, stack(0x00000038df600000,0x00000038df700000)]
  0x000001a7179f72d0 JavaThread "Unconstrained build operations Thread 34" [_thread_blocked, id=3876, stack(0x00000038df700000,0x00000038df800000)]
  0x000001a7179f25d0 JavaThread "Unconstrained build operations Thread 35" [_thread_blocked, id=7140, stack(0x00000038df800000,0x00000038df900000)]
  0x000001a7179f2aa0 JavaThread "Unconstrained build operations Thread 36" [_thread_blocked, id=7112, stack(0x00000038df900000,0x00000038dfa00000)]
  0x000001a7179f3440 JavaThread "Unconstrained build operations Thread 37" [_thread_blocked, id=14248, stack(0x00000038dfa00000,0x00000038dfb00000)]
  0x000001a7183a4620 JavaThread "Unconstrained build operations Thread 38" [_thread_blocked, id=19300, stack(0x00000038dfb00000,0x00000038dfc00000)]
  0x000001a7183a5960 JavaThread "Unconstrained build operations Thread 39" [_thread_blocked, id=7540, stack(0x00000038dfc00000,0x00000038dfd00000)]
  0x000001a7183a1130 JavaThread "Unconstrained build operations Thread 40" [_thread_blocked, id=6896, stack(0x00000038dfd00000,0x00000038dfe00000)]
  0x000001a7183a0790 JavaThread "Unconstrained build operations Thread 41" [_thread_blocked, id=17264, stack(0x00000038dfe00000,0x00000038dff00000)]
  0x000001a7183a6300 JavaThread "Unconstrained build operations Thread 42" [_thread_blocked, id=2076, stack(0x00000038dff00000,0x00000038e0000000)]
  0x000001a7183a1600 JavaThread "Unconstrained build operations Thread 43" [_thread_blocked, id=8148, stack(0x00000038e0000000,0x00000038e0100000)]
  0x000001a71839eab0 JavaThread "Unconstrained build operations Thread 44" [_thread_blocked, id=9752, stack(0x00000038e0100000,0x00000038e0200000)]
  0x000001a7183a1ad0 JavaThread "Unconstrained build operations Thread 45" [_thread_blocked, id=7992, stack(0x00000038e0200000,0x00000038e0300000)]
  0x000001a7183a37b0 JavaThread "Unconstrained build operations Thread 46" [_thread_blocked, id=13212, stack(0x00000038e0300000,0x00000038e0400000)]
  0x000001a7183a5e30 JavaThread "Unconstrained build operations Thread 47" [_thread_blocked, id=9176, stack(0x00000038e0400000,0x00000038e0500000)]
  0x000001a7183a4150 JavaThread "Unconstrained build operations Thread 48" [_thread_blocked, id=19292, stack(0x00000038e0500000,0x00000038e0600000)]
  0x000001a71839f920 JavaThread "Unconstrained build operations Thread 49" [_thread_blocked, id=9156, stack(0x00000038e0600000,0x00000038e0700000)]
  0x000001a71839ef80 JavaThread "Unconstrained build operations Thread 50" [_thread_blocked, id=7844, stack(0x00000038e0700000,0x00000038e0800000)]
  0x000001a7183a4af0 JavaThread "Unconstrained build operations Thread 51" [_thread_blocked, id=10540, stack(0x00000038e0800000,0x00000038e0900000)]
  0x000001a71839f450 JavaThread "Unconstrained build operations Thread 52" [_thread_blocked, id=3828, stack(0x00000038e0900000,0x00000038e0a00000)]
  0x000001a7183a32e0 JavaThread "Unconstrained build operations Thread 53" [_thread_blocked, id=11908, stack(0x00000038e0a00000,0x00000038e0b00000)]
  0x000001a7183a0c60 JavaThread "Unconstrained build operations Thread 54" [_thread_blocked, id=17492, stack(0x00000038e0b00000,0x00000038e0c00000)]
  0x000001a7183a02c0 JavaThread "Unconstrained build operations Thread 55" [_thread_blocked, id=17464, stack(0x00000038e0c00000,0x00000038e0d00000)]
  0x000001a7183a4fc0 JavaThread "Unconstrained build operations Thread 56" [_thread_blocked, id=18392, stack(0x00000038e0d00000,0x00000038e0e00000)]
  0x000001a71839fdf0 JavaThread "Unconstrained build operations Thread 57" [_thread_blocked, id=7700, stack(0x00000038e0e00000,0x00000038e0f00000)]
  0x000001a7183a1fa0 JavaThread "Unconstrained build operations Thread 58" [_thread_blocked, id=14768, stack(0x00000038e0f00000,0x00000038e1000000)]
  0x000001a7183a3c80 JavaThread "Unconstrained build operations Thread 59" [_thread_blocked, id=5572, stack(0x00000038e1000000,0x00000038e1100000)]
  0x000001a7183a5490 JavaThread "Unconstrained build operations Thread 60" [_thread_blocked, id=14760, stack(0x00000038e1100000,0x00000038e1200000)]
  0x000001a7183a2470 JavaThread "Unconstrained build operations Thread 61" [_thread_blocked, id=16420, stack(0x00000038e1200000,0x00000038e1300000)]
  0x000001a7183a2940 JavaThread "Unconstrained build operations Thread 62" [_thread_blocked, id=9696, stack(0x00000038e1300000,0x00000038e1400000)]
  0x000001a7183a2e10 JavaThread "Unconstrained build operations Thread 63" [_thread_blocked, id=17844, stack(0x00000038e1400000,0x00000038e1500000)]
  0x000001a717790030 JavaThread "Unconstrained build operations Thread 64" [_thread_blocked, id=6268, stack(0x00000038e1500000,0x00000038e1600000)]
  0x000001a71778cb40 JavaThread "Unconstrained build operations Thread 65" [_thread_blocked, id=8232, stack(0x00000038e1600000,0x00000038e1700000)]
  0x000001a71778d4e0 JavaThread "Unconstrained build operations Thread 66" [_thread_blocked, id=17248, stack(0x00000038e1700000,0x00000038e1800000)]
  0x000001a717791370 JavaThread "Unconstrained build operations Thread 67" [_thread_blocked, id=17328, stack(0x00000038e1800000,0x00000038e1900000)]
  0x000001a71778d9b0 JavaThread "Unconstrained build operations Thread 68" [_thread_blocked, id=18320, stack(0x00000038e1900000,0x00000038e1a00000)]
  0x000001a717789b20 JavaThread "Unconstrained build operations Thread 69" [_thread_blocked, id=16904, stack(0x00000038e1a00000,0x00000038e1b00000)]
  0x000001a71778ae60 JavaThread "Unconstrained build operations Thread 70" [_thread_blocked, id=2972, stack(0x00000038e1b00000,0x00000038e1c00000)]
  0x000001a71778b800 JavaThread "Unconstrained build operations Thread 71" [_thread_blocked, id=16396, stack(0x00000038e1c00000,0x00000038e1d00000)]
  0x000001a71778bcd0 JavaThread "Unconstrained build operations Thread 72" [_thread_blocked, id=5512, stack(0x00000038e1d00000,0x00000038e1e00000)]
  0x000001a717790500 JavaThread "Unconstrained build operations Thread 73" [_thread_blocked, id=17932, stack(0x00000038e1e00000,0x00000038e1f00000)]
  0x000001a71778de80 JavaThread "Unconstrained build operations Thread 74" [_thread_blocked, id=12952, stack(0x00000038e1f00000,0x00000038e2000000)]
  0x000001a71778a4c0 JavaThread "Unconstrained build operations Thread 75" [_thread_blocked, id=18128, stack(0x00000038e2000000,0x00000038e2100000)]
  0x000001a71778e350 JavaThread "Unconstrained build operations Thread 76" [_thread_blocked, id=18164, stack(0x00000038e2100000,0x00000038e2200000)]
  0x000001a71778f690 JavaThread "Unconstrained build operations Thread 77" [_thread_blocked, id=18324, stack(0x00000038e2200000,0x00000038e2300000)]
  0x000001a71778c1a0 JavaThread "Unconstrained build operations Thread 78" [_thread_blocked, id=3868, stack(0x00000038e2300000,0x00000038e2400000)]
  0x000001a717790ea0 JavaThread "Unconstrained build operations Thread 79" [_thread_blocked, id=19056, stack(0x00000038e2400000,0x00000038e2500000)]
  0x000001a71778d010 JavaThread "Unconstrained build operations Thread 80" [_thread_blocked, id=13968, stack(0x00000038e2500000,0x00000038e2600000)]
  0x000001a71778a990 JavaThread "Cache worker for Java compile cache (C:\Users\minhm\.gradle\caches\8.2\javaCompile)" [_thread_blocked, id=18244, stack(0x00000038e2600000,0x00000038e2700000)]
  0x000001a71778fb60 JavaThread "Build operations" [_thread_blocked, id=4156, stack(0x00000038e2700000,0x00000038e2800000)]
  0x000001a71778e820 JavaThread "Build operations Thread 2" [_thread_blocked, id=5712, stack(0x00000038e2800000,0x00000038e2900000)]
  0x000001a71778ecf0 JavaThread "Build operations Thread 3" [_thread_blocked, id=7588, stack(0x00000038e2900000,0x00000038e2a00000)]
  0x000001a71778f1c0 JavaThread "Build operations Thread 4" [_thread_blocked, id=6632, stack(0x00000038e2a00000,0x00000038e2b00000)]
  0x000001a71778b330 JavaThread "Build operations Thread 5" [_thread_blocked, id=18860, stack(0x00000038e2b00000,0x00000038e2c00000)]
  0x000001a7172ae270 JavaThread "Build operations Thread 6" [_thread_blocked, id=16056, stack(0x00000038e2c00000,0x00000038e2d00000)]
  0x000001a7172a9f10 JavaThread "Build operations Thread 7" [_thread_blocked, id=18228, stack(0x00000038e2d00000,0x00000038e2e00000)]
  0x000001a7191f0d50 JavaThread "C2 CompilerThread2" daemon [_thread_blocked, id=1684, stack(0x00000038dbc00000,0x00000038dbd00000)]
  0x000001a7172a8700 JavaThread "WorkerExecutor Queue" [_thread_blocked, id=15824, stack(0x00000038e2e00000,0x00000038e2f00000)]
  0x000001a7172a8bd0 JavaThread "WorkerExecutor Queue Thread 2" [_thread_blocked, id=16036, stack(0x00000038e2f00000,0x00000038e3000000)]
  0x000001a7172a90a0 JavaThread "WorkerExecutor Queue Thread 3" [_thread_blocked, id=16416, stack(0x00000038e3000000,0x00000038e3100000)]
  0x000001a7172ad400 JavaThread "WorkerExecutor Queue Thread 4" [_thread_blocked, id=15816, stack(0x00000038e3100000,0x00000038e3200000)]
  0x000001a7172aca60 JavaThread "WorkerExecutor Queue Thread 5" [_thread_blocked, id=15220, stack(0x00000038e3200000,0x00000038e3300000)]
  0x000001a7172af5b0 JavaThread "WorkerExecutor Queue Thread 6" [_thread_blocked, id=9736, stack(0x00000038e3300000,0x00000038e3400000)]
  0x000001a7172aa8b0 JavaThread "WorkerExecutor Queue Thread 7" [_thread_blocked, id=8156, stack(0x00000038e3400000,0x00000038e3500000)]
  0x000001a7172ac0c0 JavaThread "WorkerExecutor Queue Thread 8" [_thread_blocked, id=17504, stack(0x00000038e3500000,0x00000038e3600000)]
  0x000001a7172a9570 JavaThread "WorkerExecutor Queue Thread 9" [_thread_blocked, id=8060, stack(0x00000038e3600000,0x00000038e3700000)]

Other Threads:
=>0x000001a77f39d320 VMThread "VM Thread" [stack: 0x00000038d9000000,0x00000038d9100000] [id=4256]
  0x000001a7765a4550 WatcherThread [stack: 0x00000038d9c00000,0x00000038d9d00000] [id=11688]
  0x000001a77658a930 GCTaskThread "GC Thread#0" [stack: 0x00000038d8b00000,0x00000038d8c00000] [id=4984]
  0x000001a7162c27a0 GCTaskThread "GC Thread#1" [stack: 0x00000038d9f00000,0x00000038da000000] [id=10200]
  0x000001a715ce4510 GCTaskThread "GC Thread#2" [stack: 0x00000038da000000,0x00000038da100000] [id=13584]
  0x000001a715ce47c0 GCTaskThread "GC Thread#3" [stack: 0x00000038da100000,0x00000038da200000] [id=13416]
  0x000001a715607420 GCTaskThread "GC Thread#4" [stack: 0x00000038da200000,0x00000038da300000] [id=18276]
  0x000001a7156076d0 GCTaskThread "GC Thread#5" [stack: 0x00000038da300000,0x00000038da400000] [id=9816]
  0x000001a7164bf280 GCTaskThread "GC Thread#6" [stack: 0x00000038dad00000,0x00000038dae00000] [id=17832]
  0x000001a716aad260 GCTaskThread "GC Thread#7" [stack: 0x00000038dae00000,0x00000038daf00000] [id=13508]
  0x000001a77659b8e0 ConcurrentGCThread "G1 Main Marker" [stack: 0x00000038d8c00000,0x00000038d8d00000] [id=17584]
  0x000001a77659ca90 ConcurrentGCThread "G1 Conc#0" [stack: 0x00000038d8d00000,0x00000038d8e00000] [id=6556]
  0x000001a716b42330 ConcurrentGCThread "G1 Conc#1" [stack: 0x00000038daf00000,0x00000038db000000] [id=16440]
  0x000001a7765edd50 ConcurrentGCThread "G1 Refine#0" [stack: 0x00000038d8e00000,0x00000038d8f00000] [id=5908]
  0x000001a717aa2fc0 ConcurrentGCThread "G1 Refine#1" [stack: 0x00000038dbd00000,0x00000038dbe00000] [id=18644]
  0x000001a71b9d26e0 ConcurrentGCThread "G1 Refine#2" [stack: 0x00000038dd100000,0x00000038dd200000] [id=2784]
  0x000001a72215fb70 ConcurrentGCThread "G1 Refine#3" [stack: 0x00000038e3700000,0x00000038e3800000] [id=1992]
  0x000001a7765ee770 ConcurrentGCThread "G1 Service" [stack: 0x00000038d8f00000,0x00000038d9000000] [id=17676]

Threads with active compile tasks:
C2 CompilerThread0    20075 15823 % !   4       com.android.tools.r8.dex.a::b @ 935 (3881 bytes)
C1 CompilerThread0    20075 16386 %     3       com.android.tools.r8.internal.fb::a @ 2588 (5041 bytes)
C2 CompilerThread1    20076 16025   !   4       jdk.internal.loader.BuiltinClassLoader::loadClassOrNull (143 bytes)
C2 CompilerThread2    20076 16280       4       java.lang.invoke.LambdaForm::prepare (112 bytes)

VM state: at safepoint (normal execution)

VM Mutex/Monitor currently owned by a thread:  ([mutex/lock_event])
[0x000001a77652bed0] Threads_lock - owner thread: 0x000001a77f39d320
[0x000001a77652b540] Heap_lock - owner thread: 0x000001a7172aa8b0

Heap address: 0x0000000080000000, size: 2048 MB, Compressed Oops mode: 32-bit

CDS archive(s) not mapped
Compressed class space mapped at: 0x0000000100000000-0x0000000140000000, reserved size: 1073741824
Narrow klass base: 0x0000000000000000, Narrow klass shift: 3, Narrow klass range: 0x140000000

GC Precious Log:
 CPUs: 8 total, 8 available
 Memory: 16106M
 Large Page Support: Disabled
 NUMA Support: Disabled
 Compressed Oops: Enabled (32-bit)
 Heap Region Size: 1M
 Heap Min Capacity: 8M
 Heap Initial Capacity: 252M
 Heap Max Capacity: 2G
 Pre-touch: Disabled
 Parallel Workers: 8
 Concurrent Workers: 2
 Concurrent Refinement Workers: 8
 Periodic GC: Disabled

Heap:
 garbage-first heap   total 401408K, used 239273K [0x0000000080000000, 0x0000000100000000)
  region size 1024K, 12 young (12288K), 12 survivors (12288K)
 Metaspace       used 121913K, committed 122688K, reserved 1179648K
  class space    used 16588K, committed 16960K, reserved 1048576K

Heap Regions: E=young(eden), S=young(survivor), O=old, HS=humongous(starts), HC=humongous(continues), CS=collection set, F=free, OA=open archive, CA=closed archive, TAMS=top-at-mark-start (previous, next)
|   0|0x0000000080000000, 0x0000000080100000, 0x0000000080100000|100%|HS|  |TAMS 0x0000000080100000, 0x0000000080000000| Complete 
|   1|0x0000000080100000, 0x0000000080200000, 0x0000000080200000|100%|HC|  |TAMS 0x0000000080200000, 0x0000000080100000| Complete 
|   2|0x0000000080200000, 0x0000000080300000, 0x0000000080300000|100%|HC|  |TAMS 0x0000000080300000, 0x0000000080200000| Complete 
|   3|0x0000000080300000, 0x0000000080400000, 0x0000000080400000|100%|HC|  |TAMS 0x0000000080400000, 0x0000000080300000| Complete 
|   4|0x0000000080400000, 0x0000000080500000, 0x0000000080500000|100%| O|  |TAMS 0x0000000080500000, 0x0000000080400000| Untracked 
|   5|0x0000000080500000, 0x0000000080600000, 0x0000000080600000|100%| O|  |TAMS 0x0000000080600000, 0x0000000080500000| Untracked 
|   6|0x0000000080600000, 0x0000000080700000, 0x0000000080700000|100%| O|  |TAMS 0x0000000080700000, 0x0000000080600000| Untracked 
|   7|0x0000000080700000, 0x0000000080800000, 0x0000000080800000|100%| O|  |TAMS 0x0000000080800000, 0x0000000080700000| Untracked 
|   8|0x0000000080800000, 0x0000000080900000, 0x0000000080900000|100%| O|  |TAMS 0x0000000080900000, 0x0000000080800000| Untracked 
|   9|0x0000000080900000, 0x0000000080a00000, 0x0000000080a00000|100%| O|  |TAMS 0x0000000080a00000, 0x0000000080900000| Untracked 
|  10|0x0000000080a00000, 0x0000000080b00000, 0x0000000080b00000|100%| O|  |TAMS 0x0000000080b00000, 0x0000000080a00000| Untracked 
|  11|0x0000000080b00000, 0x0000000080c00000, 0x0000000080c00000|100%| O|  |TAMS 0x0000000080c00000, 0x0000000080b00000| Untracked 
|  12|0x0000000080c00000, 0x0000000080d00000, 0x0000000080d00000|100%| O|  |TAMS 0x0000000080d00000, 0x0000000080c00000| Untracked 
|  13|0x0000000080d00000, 0x0000000080e00000, 0x0000000080e00000|100%| O|  |TAMS 0x0000000080e00000, 0x0000000080d00000| Untracked 
|  14|0x0000000080e00000, 0x0000000080f00000, 0x0000000080f00000|100%| O|  |TAMS 0x0000000080f00000, 0x0000000080e00000| Untracked 
|  15|0x0000000080f00000, 0x0000000081000000, 0x0000000081000000|100%| O|  |TAMS 0x0000000081000000, 0x0000000080f00000| Untracked 
|  16|0x0000000081000000, 0x0000000081100000, 0x0000000081100000|100%| O|  |TAMS 0x0000000081100000, 0x0000000081000000| Untracked 
|  17|0x0000000081100000, 0x0000000081200000, 0x0000000081200000|100%| O|  |TAMS 0x0000000081200000, 0x0000000081100000| Untracked 
|  18|0x0000000081200000, 0x0000000081300000, 0x0000000081300000|100%| O|  |TAMS 0x0000000081300000, 0x0000000081200000| Untracked 
|  19|0x0000000081300000, 0x0000000081400000, 0x0000000081400000|100%| O|  |TAMS 0x0000000081400000, 0x0000000081300000| Untracked 
|  20|0x0000000081400000, 0x0000000081500000, 0x0000000081500000|100%| O|  |TAMS 0x0000000081500000, 0x0000000081400000| Untracked 
|  21|0x0000000081500000, 0x0000000081600000, 0x0000000081600000|100%| O|  |TAMS 0x0000000081600000, 0x0000000081500000| Untracked 
|  22|0x0000000081600000, 0x0000000081700000, 0x0000000081700000|100%| O|  |TAMS 0x0000000081700000, 0x0000000081600000| Untracked 
|  23|0x0000000081700000, 0x0000000081800000, 0x0000000081800000|100%| O|  |TAMS 0x0000000081800000, 0x0000000081700000| Untracked 
|  24|0x0000000081800000, 0x0000000081900000, 0x0000000081900000|100%|HS|  |TAMS 0x0000000081900000, 0x0000000081800000| Complete 
|  25|0x0000000081900000, 0x0000000081a00000, 0x0000000081a00000|100%| O|  |TAMS 0x0000000081a00000, 0x0000000081900000| Untracked 
|  26|0x0000000081a00000, 0x0000000081b00000, 0x0000000081b00000|100%| O|  |TAMS 0x0000000081b00000, 0x0000000081a00000| Untracked 
|  27|0x0000000081b00000, 0x0000000081c00000, 0x0000000081c00000|100%| O|  |TAMS 0x0000000081c00000, 0x0000000081b00000| Untracked 
|  28|0x0000000081c00000, 0x0000000081d00000, 0x0000000081d00000|100%| O|  |TAMS 0x0000000081d00000, 0x0000000081c00000| Untracked 
|  29|0x0000000081d00000, 0x0000000081e00000, 0x0000000081e00000|100%| O|  |TAMS 0x0000000081e00000, 0x0000000081d00000| Untracked 
|  30|0x0000000081e00000, 0x0000000081f00000, 0x0000000081f00000|100%| O|  |TAMS 0x0000000081f00000, 0x0000000081e00000| Untracked 
|  31|0x0000000081f00000, 0x0000000082000000, 0x0000000082000000|100%| O|  |TAMS 0x0000000082000000, 0x0000000081f00000| Untracked 
|  32|0x0000000082000000, 0x0000000082100000, 0x0000000082100000|100%|HS|  |TAMS 0x0000000082100000, 0x0000000082000000| Complete 
|  33|0x0000000082100000, 0x0000000082200000, 0x0000000082200000|100%|HS|  |TAMS 0x0000000082200000, 0x0000000082100000| Complete 
|  34|0x0000000082200000, 0x0000000082300000, 0x0000000082300000|100%| O|  |TAMS 0x0000000082300000, 0x0000000082200000| Untracked 
|  35|0x0000000082300000, 0x0000000082400000, 0x0000000082400000|100%|HS|  |TAMS 0x0000000082400000, 0x0000000082300000| Complete 
|  36|0x0000000082400000, 0x0000000082500000, 0x0000000082500000|100%| O|  |TAMS 0x0000000082500000, 0x0000000082400000| Untracked 
|  37|0x0000000082500000, 0x0000000082600000, 0x0000000082600000|100%| O|  |TAMS 0x0000000082600000, 0x0000000082500000| Untracked 
|  38|0x0000000082600000, 0x0000000082700000, 0x0000000082700000|100%| O|  |TAMS 0x0000000082700000, 0x0000000082600000| Untracked 
|  39|0x0000000082700000, 0x0000000082800000, 0x0000000082800000|100%| O|  |TAMS 0x0000000082800000, 0x0000000082700000| Untracked 
|  40|0x0000000082800000, 0x0000000082900000, 0x0000000082900000|100%| O|  |TAMS 0x0000000082900000, 0x0000000082800000| Untracked 
|  41|0x0000000082900000, 0x0000000082a00000, 0x0000000082a00000|100%| O|  |TAMS 0x0000000082a00000, 0x0000000082900000| Untracked 
|  42|0x0000000082a00000, 0x0000000082b00000, 0x0000000082b00000|100%| O|  |TAMS 0x0000000082b00000, 0x0000000082a00000| Untracked 
|  43|0x0000000082b00000, 0x0000000082c00000, 0x0000000082c00000|100%| O|  |TAMS 0x0000000082c00000, 0x0000000082b00000| Untracked 
|  44|0x0000000082c00000, 0x0000000082d00000, 0x0000000082d00000|100%| O|  |TAMS 0x0000000082d00000, 0x0000000082c00000| Untracked 
|  45|0x0000000082d00000, 0x0000000082e00000, 0x0000000082e00000|100%| O|  |TAMS 0x0000000082e00000, 0x0000000082d00000| Untracked 
|  46|0x0000000082e00000, 0x0000000082f00000, 0x0000000082f00000|100%| O|  |TAMS 0x0000000082f00000, 0x0000000082e00000| Untracked 
|  47|0x0000000082f00000, 0x0000000083000000, 0x0000000083000000|100%|HS|  |TAMS 0x0000000083000000, 0x0000000082f00000| Complete 
|  48|0x0000000083000000, 0x0000000083100000, 0x0000000083100000|100%| O|  |TAMS 0x0000000083100000, 0x0000000083000000| Untracked 
|  49|0x0000000083100000, 0x0000000083200000, 0x0000000083200000|100%| O|  |TAMS 0x0000000083200000, 0x0000000083100000| Untracked 
|  50|0x0000000083200000, 0x0000000083300000, 0x0000000083300000|100%| O|  |TAMS 0x0000000083300000, 0x0000000083200000| Untracked 
|  51|0x0000000083300000, 0x0000000083400000, 0x0000000083400000|100%| O|  |TAMS 0x0000000083400000, 0x0000000083300000| Untracked 
|  52|0x0000000083400000, 0x0000000083500000, 0x0000000083500000|100%| O|  |TAMS 0x0000000083500000, 0x0000000083400000| Untracked 
|  53|0x0000000083500000, 0x0000000083600000, 0x0000000083600000|100%| O|  |TAMS 0x0000000083600000, 0x0000000083500000| Untracked 
|  54|0x0000000083600000, 0x0000000083700000, 0x0000000083700000|100%| O|  |TAMS 0x0000000083700000, 0x0000000083600000| Untracked 
|  55|0x0000000083700000, 0x0000000083800000, 0x0000000083800000|100%| O|  |TAMS 0x0000000083800000, 0x0000000083700000| Untracked 
|  56|0x0000000083800000, 0x0000000083900000, 0x0000000083900000|100%| O|  |TAMS 0x0000000083900000, 0x0000000083800000| Untracked 
|  57|0x0000000083900000, 0x0000000083a00000, 0x0000000083a00000|100%| O|  |TAMS 0x0000000083a00000, 0x0000000083900000| Untracked 
|  58|0x0000000083a00000, 0x0000000083b00000, 0x0000000083b00000|100%| O|  |TAMS 0x0000000083b00000, 0x0000000083a00000| Untracked 
|  59|0x0000000083b00000, 0x0000000083c00000, 0x0000000083c00000|100%| O|  |TAMS 0x0000000083c00000, 0x0000000083b00000| Untracked 
|  60|0x0000000083c00000, 0x0000000083d00000, 0x0000000083d00000|100%| O|  |TAMS 0x0000000083d00000, 0x0000000083c00000| Untracked 
|  61|0x0000000083d00000, 0x0000000083e00000, 0x0000000083e00000|100%| O|  |TAMS 0x0000000083e00000, 0x0000000083d00000| Untracked 
|  62|0x0000000083e00000, 0x0000000083f00000, 0x0000000083f00000|100%| O|  |TAMS 0x0000000083f00000, 0x0000000083e00000| Untracked 
|  63|0x0000000083f00000, 0x0000000084000000, 0x0000000084000000|100%| O|  |TAMS 0x0000000084000000, 0x0000000083f00000| Untracked 
|  64|0x0000000084000000, 0x0000000084100000, 0x0000000084100000|100%| O|  |TAMS 0x0000000084100000, 0x0000000084000000| Untracked 
|  65|0x0000000084100000, 0x0000000084200000, 0x0000000084200000|100%| O|  |TAMS 0x0000000084200000, 0x0000000084100000| Untracked 
|  66|0x0000000084200000, 0x0000000084300000, 0x0000000084300000|100%| O|  |TAMS 0x0000000084300000, 0x0000000084200000| Untracked 
|  67|0x0000000084300000, 0x0000000084400000, 0x0000000084400000|100%| O|  |TAMS 0x0000000084400000, 0x0000000084300000| Untracked 
|  68|0x0000000084400000, 0x0000000084500000, 0x0000000084500000|100%| O|  |TAMS 0x0000000084500000, 0x0000000084400000| Untracked 
|  69|0x0000000084500000, 0x0000000084600000, 0x0000000084600000|100%| O|  |TAMS 0x0000000084600000, 0x0000000084500000| Untracked 
|  70|0x0000000084600000, 0x0000000084700000, 0x0000000084700000|100%| O|  |TAMS 0x0000000084700000, 0x0000000084600000| Untracked 
|  71|0x0000000084700000, 0x0000000084800000, 0x0000000084800000|100%| O|  |TAMS 0x0000000084800000, 0x0000000084700000| Untracked 
|  72|0x0000000084800000, 0x0000000084900000, 0x0000000084900000|100%| O|  |TAMS 0x0000000084900000, 0x0000000084800000| Untracked 
|  73|0x0000000084900000, 0x0000000084a00000, 0x0000000084a00000|100%| O|  |TAMS 0x0000000084a00000, 0x0000000084900000| Untracked 
|  74|0x0000000084a00000, 0x0000000084b00000, 0x0000000084b00000|100%| O|  |TAMS 0x0000000084b00000, 0x0000000084a00000| Untracked 
|  75|0x0000000084b00000, 0x0000000084c00000, 0x0000000084c00000|100%| O|  |TAMS 0x0000000084c00000, 0x0000000084b00000| Untracked 
|  76|0x0000000084c00000, 0x0000000084d00000, 0x0000000084d00000|100%| O|  |TAMS 0x0000000084d00000, 0x0000000084c00000| Untracked 
|  77|0x0000000084d00000, 0x0000000084e00000, 0x0000000084e00000|100%| O|  |TAMS 0x0000000084e00000, 0x0000000084d00000| Untracked 
|  78|0x0000000084e00000, 0x0000000084f00000, 0x0000000084f00000|100%| O|  |TAMS 0x0000000084f00000, 0x0000000084e00000| Untracked 
|  79|0x0000000084f00000, 0x0000000085000000, 0x0000000085000000|100%| O|  |TAMS 0x0000000085000000, 0x0000000084f00000| Untracked 
|  80|0x0000000085000000, 0x0000000085100000, 0x0000000085100000|100%| O|  |TAMS 0x0000000085100000, 0x0000000085000000| Untracked 
|  81|0x0000000085100000, 0x0000000085200000, 0x0000000085200000|100%| O|  |TAMS 0x0000000085200000, 0x0000000085100000| Untracked 
|  82|0x0000000085200000, 0x0000000085300000, 0x0000000085300000|100%|HS|  |TAMS 0x0000000085200000, 0x0000000085200000| Complete 
|  83|0x0000000085300000, 0x0000000085400000, 0x0000000085400000|100%| O|  |TAMS 0x0000000085400000, 0x0000000085300000| Untracked 
|  84|0x0000000085400000, 0x0000000085500000, 0x0000000085500000|100%| O|  |TAMS 0x0000000085500000, 0x0000000085400000| Untracked 
|  85|0x0000000085500000, 0x0000000085600000, 0x0000000085600000|100%| O|  |TAMS 0x0000000085600000, 0x0000000085500000| Untracked 
|  86|0x0000000085600000, 0x0000000085700000, 0x0000000085700000|100%| O|  |TAMS 0x0000000085700000, 0x0000000085600000| Untracked 
|  87|0x0000000085700000, 0x0000000085800000, 0x0000000085800000|100%|HS|  |TAMS 0x0000000085700000, 0x0000000085700000| Complete 
|  88|0x0000000085800000, 0x0000000085900000, 0x0000000085900000|100%| O|  |TAMS 0x0000000085800000, 0x0000000085800000| Untracked 
|  89|0x0000000085900000, 0x0000000085a00000, 0x0000000085a00000|100%| O|  |TAMS 0x0000000085900000, 0x0000000085900000| Untracked 
|  90|0x0000000085a00000, 0x0000000085b00000, 0x0000000085b00000|100%| O|  |TAMS 0x0000000085b00000, 0x0000000085a00000| Untracked 
|  91|0x0000000085b00000, 0x0000000085c00000, 0x0000000085c00000|100%| O|  |TAMS 0x0000000085c00000, 0x0000000085b00000| Untracked 
|  92|0x0000000085c00000, 0x0000000085d00000, 0x0000000085d00000|100%| O|  |TAMS 0x0000000085d00000, 0x0000000085c00000| Untracked 
|  93|0x0000000085d00000, 0x0000000085e00000, 0x0000000085e00000|100%| O|  |TAMS 0x0000000085e00000, 0x0000000085d00000| Untracked 
|  94|0x0000000085e00000, 0x0000000085f00000, 0x0000000085f00000|100%| O|  |TAMS 0x0000000085f00000, 0x0000000085e00000| Untracked 
|  95|0x0000000085f00000, 0x0000000086000000, 0x0000000086000000|100%| O|  |TAMS 0x0000000086000000, 0x0000000085f00000| Untracked 
|  96|0x0000000086000000, 0x0000000086100000, 0x0000000086100000|100%| O|  |TAMS 0x0000000086100000, 0x0000000086000000| Untracked 
|  97|0x0000000086100000, 0x0000000086200000, 0x0000000086200000|100%| O|  |TAMS 0x0000000086200000, 0x0000000086100000| Untracked 
|  98|0x0000000086200000, 0x0000000086300000, 0x0000000086300000|100%| O|  |TAMS 0x0000000086300000, 0x0000000086200000| Untracked 
|  99|0x0000000086300000, 0x0000000086400000, 0x0000000086400000|100%| O|  |TAMS 0x0000000086400000, 0x0000000086300000| Untracked 
| 100|0x0000000086400000, 0x0000000086500000, 0x0000000086500000|100%| O|  |TAMS 0x0000000086500000, 0x0000000086400000| Untracked 
| 101|0x0000000086500000, 0x0000000086600000, 0x0000000086600000|100%| O|  |TAMS 0x0000000086600000, 0x0000000086500000| Untracked 
| 102|0x0000000086600000, 0x0000000086700000, 0x0000000086700000|100%| O|  |TAMS 0x0000000086700000, 0x0000000086600000| Untracked 
| 103|0x0000000086700000, 0x0000000086800000, 0x0000000086800000|100%| O|  |TAMS 0x0000000086800000, 0x0000000086700000| Untracked 
| 104|0x0000000086800000, 0x0000000086900000, 0x0000000086900000|100%| O|  |TAMS 0x0000000086900000, 0x0000000086800000| Untracked 
| 105|0x0000000086900000, 0x0000000086a00000, 0x0000000086a00000|100%| O|  |TAMS 0x0000000086a00000, 0x0000000086900000| Untracked 
| 106|0x0000000086a00000, 0x0000000086b00000, 0x0000000086b00000|100%| O|  |TAMS 0x0000000086b00000, 0x0000000086a00000| Untracked 
| 107|0x0000000086b00000, 0x0000000086c00000, 0x0000000086c00000|100%| O|  |TAMS 0x0000000086c00000, 0x0000000086b00000| Untracked 
| 108|0x0000000086c00000, 0x0000000086d00000, 0x0000000086d00000|100%| O|  |TAMS 0x0000000086d00000, 0x0000000086c00000| Untracked 
| 109|0x0000000086d00000, 0x0000000086e00000, 0x0000000086e00000|100%| O|  |TAMS 0x0000000086e00000, 0x0000000086d00000| Untracked 
| 110|0x0000000086e00000, 0x0000000086f00000, 0x0000000086f00000|100%| O|  |TAMS 0x0000000086f00000, 0x0000000086e00000| Untracked 
| 111|0x0000000086f00000, 0x0000000087000000, 0x0000000087000000|100%|HS|  |TAMS 0x0000000087000000, 0x0000000086f00000| Complete 
| 112|0x0000000087000000, 0x0000000087100000, 0x0000000087100000|100%|HC|  |TAMS 0x0000000087100000, 0x0000000087000000| Complete 
| 113|0x0000000087100000, 0x0000000087200000, 0x0000000087200000|100%| O|  |TAMS 0x0000000087200000, 0x0000000087100000| Untracked 
| 114|0x0000000087200000, 0x0000000087300000, 0x0000000087300000|100%| O|  |TAMS 0x0000000087300000, 0x0000000087200000| Untracked 
| 115|0x0000000087300000, 0x0000000087400000, 0x0000000087400000|100%|HS|  |TAMS 0x0000000087400000, 0x0000000087300000| Complete 
| 116|0x0000000087400000, 0x0000000087500000, 0x0000000087500000|100%|HC|  |TAMS 0x0000000087500000, 0x0000000087400000| Complete 
| 117|0x0000000087500000, 0x0000000087600000, 0x0000000087600000|100%|HC|  |TAMS 0x0000000087600000, 0x0000000087500000| Complete 
| 118|0x0000000087600000, 0x0000000087700000, 0x0000000087700000|100%|HS|  |TAMS 0x0000000087700000, 0x0000000087600000| Complete 
| 119|0x0000000087700000, 0x0000000087800000, 0x0000000087800000|100%|HS|  |TAMS 0x0000000087800000, 0x0000000087700000| Complete 
| 120|0x0000000087800000, 0x0000000087900000, 0x0000000087900000|100%|HC|  |TAMS 0x0000000087900000, 0x0000000087800000| Complete 
| 121|0x0000000087900000, 0x0000000087a00000, 0x0000000087a00000|100%|HS|  |TAMS 0x0000000087a00000, 0x0000000087900000| Complete 
| 122|0x0000000087a00000, 0x0000000087b00000, 0x0000000087b00000|100%|HS|  |TAMS 0x0000000087b00000, 0x0000000087a00000| Complete 
| 123|0x0000000087b00000, 0x0000000087c00000, 0x0000000087c00000|100%|HS|  |TAMS 0x0000000087c00000, 0x0000000087b00000| Complete 
| 124|0x0000000087c00000, 0x0000000087d00000, 0x0000000087d00000|100%|HS|  |TAMS 0x0000000087d00000, 0x0000000087c00000| Complete 
| 125|0x0000000087d00000, 0x0000000087e00000, 0x0000000087e00000|100%|HC|  |TAMS 0x0000000087e00000, 0x0000000087d00000| Complete 
| 126|0x0000000087e00000, 0x0000000087f00000, 0x0000000087f00000|100%|HS|  |TAMS 0x0000000087f00000, 0x0000000087e00000| Complete 
| 127|0x0000000087f00000, 0x0000000088000000, 0x0000000088000000|100%|HS|  |TAMS 0x0000000088000000, 0x0000000087f00000| Complete 
| 128|0x0000000088000000, 0x0000000088100000, 0x0000000088100000|100%|HC|  |TAMS 0x0000000088100000, 0x0000000088000000| Complete 
| 129|0x0000000088100000, 0x0000000088200000, 0x0000000088200000|100%| O|  |TAMS 0x0000000088200000, 0x0000000088100000| Untracked 
| 130|0x0000000088200000, 0x0000000088300000, 0x0000000088300000|100%| O|  |TAMS 0x0000000088300000, 0x0000000088200000| Untracked 
| 131|0x0000000088300000, 0x0000000088400000, 0x0000000088400000|100%| O|  |TAMS 0x000000008835e200, 0x0000000088300000| Untracked 
| 132|0x0000000088400000, 0x0000000088500000, 0x0000000088500000|100%|HS|  |TAMS 0x0000000088500000, 0x0000000088400000| Complete 
| 133|0x0000000088500000, 0x0000000088600000, 0x0000000088600000|100%|HC|  |TAMS 0x0000000088600000, 0x0000000088500000| Complete 
| 134|0x0000000088600000, 0x0000000088700000, 0x0000000088700000|100%|HC|  |TAMS 0x0000000088700000, 0x0000000088600000| Complete 
| 135|0x0000000088700000, 0x0000000088800000, 0x0000000088800000|100%|HS|  |TAMS 0x0000000088800000, 0x0000000088700000| Complete 
| 136|0x0000000088800000, 0x0000000088900000, 0x0000000088900000|100%| O|  |TAMS 0x0000000088800000, 0x0000000088800000| Untracked 
| 137|0x0000000088900000, 0x0000000088a00000, 0x0000000088a00000|100%| O|  |TAMS 0x0000000088900000, 0x0000000088900000| Untracked 
| 138|0x0000000088a00000, 0x0000000088b00000, 0x0000000088b00000|100%| O|  |TAMS 0x0000000088a00000, 0x0000000088a00000| Untracked 
| 139|0x0000000088b00000, 0x0000000088c00000, 0x0000000088c00000|100%|HS|  |TAMS 0x0000000088c00000, 0x0000000088b00000| Complete 
| 140|0x0000000088c00000, 0x0000000088d00000, 0x0000000088d00000|100%|HC|  |TAMS 0x0000000088d00000, 0x0000000088c00000| Complete 
| 141|0x0000000088d00000, 0x0000000088e00000, 0x0000000088e00000|100%| O|  |TAMS 0x0000000088d00000, 0x0000000088d00000| Untracked 
| 142|0x0000000088e00000, 0x0000000088f00000, 0x0000000088f00000|100%|HS|  |TAMS 0x0000000088f00000, 0x0000000088e00000| Complete 
| 143|0x0000000088f00000, 0x0000000089000000, 0x0000000089000000|100%| O|  |TAMS 0x0000000088f00000, 0x0000000088f00000| Untracked 
| 144|0x0000000089000000, 0x0000000089100000, 0x0000000089100000|100%|HS|  |TAMS 0x0000000089100000, 0x0000000089000000| Complete 
| 145|0x0000000089100000, 0x0000000089200000, 0x0000000089200000|100%|HS|  |TAMS 0x0000000089100000, 0x0000000089100000| Complete 
| 146|0x0000000089200000, 0x0000000089300000, 0x0000000089300000|100%|HS|  |TAMS 0x0000000089300000, 0x0000000089200000| Complete 
| 147|0x0000000089300000, 0x0000000089400000, 0x0000000089400000|100%|HS|  |TAMS 0x0000000089300000, 0x0000000089300000| Complete 
| 148|0x0000000089400000, 0x0000000089500000, 0x0000000089500000|100%|HC|  |TAMS 0x0000000089400000, 0x0000000089400000| Complete 
| 149|0x0000000089500000, 0x0000000089600000, 0x0000000089600000|100%|HC|  |TAMS 0x0000000089500000, 0x0000000089500000| Complete 
| 150|0x0000000089600000, 0x0000000089700000, 0x0000000089700000|100%| O|  |TAMS 0x0000000089600000, 0x0000000089600000| Untracked 
| 151|0x0000000089700000, 0x0000000089800000, 0x0000000089800000|100%|HS|  |TAMS 0x0000000089800000, 0x0000000089700000| Complete 
| 152|0x0000000089800000, 0x0000000089900000, 0x0000000089900000|100%|HC|  |TAMS 0x0000000089900000, 0x0000000089800000| Complete 
| 153|0x0000000089900000, 0x0000000089a00000, 0x0000000089a00000|100%|HS|  |TAMS 0x0000000089900000, 0x0000000089900000| Complete 
| 154|0x0000000089a00000, 0x0000000089b00000, 0x0000000089b00000|100%|HS|  |TAMS 0x0000000089b00000, 0x0000000089a00000| Complete 
| 155|0x0000000089b00000, 0x0000000089c00000, 0x0000000089c00000|100%| O|  |TAMS 0x0000000089b00000, 0x0000000089b00000| Untracked 
| 156|0x0000000089c00000, 0x0000000089d00000, 0x0000000089d00000|100%| O|  |TAMS 0x0000000089c00000, 0x0000000089c00000| Untracked 
| 157|0x0000000089d00000, 0x0000000089e00000, 0x0000000089e00000|100%| O|  |TAMS 0x0000000089d00000, 0x0000000089d00000| Untracked 
| 158|0x0000000089e00000, 0x0000000089f00000, 0x0000000089f00000|100%| O|  |TAMS 0x0000000089e00000, 0x0000000089e00000| Untracked 
| 159|0x0000000089f00000, 0x000000008a000000, 0x000000008a000000|100%| O|  |TAMS 0x0000000089f00000, 0x0000000089f00000| Untracked 
| 160|0x000000008a000000, 0x000000008a100000, 0x000000008a100000|100%|HS|  |TAMS 0x000000008a000000, 0x000000008a000000| Complete 
| 161|0x000000008a100000, 0x000000008a200000, 0x000000008a200000|100%|HC|  |TAMS 0x000000008a100000, 0x000000008a100000| Complete 
| 162|0x000000008a200000, 0x000000008a300000, 0x000000008a300000|100%|HC|  |TAMS 0x000000008a200000, 0x000000008a200000| Complete 
| 163|0x000000008a300000, 0x000000008a400000, 0x000000008a400000|100%| O|  |TAMS 0x000000008a300000, 0x000000008a300000| Untracked 
| 164|0x000000008a400000, 0x000000008a500000, 0x000000008a500000|100%| O|  |TAMS 0x000000008a400000, 0x000000008a400000| Untracked 
| 165|0x000000008a500000, 0x000000008a600000, 0x000000008a600000|100%| O|  |TAMS 0x000000008a500000, 0x000000008a500000| Untracked 
| 166|0x000000008a600000, 0x000000008a700000, 0x000000008a700000|100%| O|  |TAMS 0x000000008a600000, 0x000000008a600000| Untracked 
| 167|0x000000008a700000, 0x000000008a800000, 0x000000008a800000|100%| O|  |TAMS 0x000000008a700000, 0x000000008a700000| Untracked 
| 168|0x000000008a800000, 0x000000008a900000, 0x000000008a900000|100%| O|  |TAMS 0x000000008a800000, 0x000000008a800000| Untracked 
| 169|0x000000008a900000, 0x000000008aa00000, 0x000000008aa00000|100%| O|  |TAMS 0x000000008a900000, 0x000000008a900000| Untracked 
| 170|0x000000008aa00000, 0x000000008ab00000, 0x000000008ab00000|100%| O|  |TAMS 0x000000008aa00000, 0x000000008aa00000| Untracked 
| 171|0x000000008ab00000, 0x000000008ac00000, 0x000000008ac00000|100%| O|  |TAMS 0x000000008ab00000, 0x000000008ab00000| Untracked 
| 172|0x000000008ac00000, 0x000000008ad00000, 0x000000008ad00000|100%| O|  |TAMS 0x000000008ac00000, 0x000000008ac00000| Untracked 
| 173|0x000000008ad00000, 0x000000008ae00000, 0x000000008ae00000|100%| O|  |TAMS 0x000000008ad00000, 0x000000008ad00000| Untracked 
| 174|0x000000008ae00000, 0x000000008af00000, 0x000000008af00000|100%| O|  |TAMS 0x000000008ae00000, 0x000000008ae00000| Untracked 
| 175|0x000000008af00000, 0x000000008b000000, 0x000000008b000000|100%| O|  |TAMS 0x000000008af00000, 0x000000008af00000| Untracked 
| 176|0x000000008b000000, 0x000000008b100000, 0x000000008b100000|100%| O|  |TAMS 0x000000008b000000, 0x000000008b000000| Untracked 
| 177|0x000000008b100000, 0x000000008b200000, 0x000000008b200000|100%| O|  |TAMS 0x000000008b100000, 0x000000008b100000| Untracked 
| 178|0x000000008b200000, 0x000000008b300000, 0x000000008b300000|100%| O|  |TAMS 0x000000008b200000, 0x000000008b200000| Untracked 
| 179|0x000000008b300000, 0x000000008b400000, 0x000000008b400000|100%|HS|  |TAMS 0x000000008b400000, 0x000000008b300000| Complete 
| 180|0x000000008b400000, 0x000000008b500000, 0x000000008b500000|100%|HC|  |TAMS 0x000000008b500000, 0x000000008b400000| Complete 
| 181|0x000000008b500000, 0x000000008b600000, 0x000000008b600000|100%| O|  |TAMS 0x000000008b500000, 0x000000008b500000| Untracked 
| 182|0x000000008b600000, 0x000000008b700000, 0x000000008b700000|100%| O|  |TAMS 0x000000008b600000, 0x000000008b600000| Untracked 
| 183|0x000000008b700000, 0x000000008b800000, 0x000000008b800000|100%| O|  |TAMS 0x000000008b700000, 0x000000008b700000| Untracked 
| 184|0x000000008b800000, 0x000000008b900000, 0x000000008b900000|100%|HS|  |TAMS 0x000000008b900000, 0x000000008b800000| Complete 
| 185|0x000000008b900000, 0x000000008ba00000, 0x000000008ba00000|100%|HC|  |TAMS 0x000000008ba00000, 0x000000008b900000| Complete 
| 186|0x000000008ba00000, 0x000000008bb00000, 0x000000008bb00000|100%| O|  |TAMS 0x000000008ba00000, 0x000000008ba00000| Untracked 
| 187|0x000000008bb00000, 0x000000008bc00000, 0x000000008bc00000|100%| O|  |TAMS 0x000000008bb00000, 0x000000008bb00000| Untracked 
| 188|0x000000008bc00000, 0x000000008bd00000, 0x000000008bd00000|100%| O|  |TAMS 0x000000008bc00000, 0x000000008bc00000| Untracked 
| 189|0x000000008bd00000, 0x000000008be00000, 0x000000008be00000|100%| O|  |TAMS 0x000000008bd00000, 0x000000008bd00000| Untracked 
| 190|0x000000008be00000, 0x000000008bf00000, 0x000000008bf00000|100%| O|  |TAMS 0x000000008be00000, 0x000000008be00000| Untracked 
| 191|0x000000008bf00000, 0x000000008c000000, 0x000000008c000000|100%| O|  |TAMS 0x000000008bf00000, 0x000000008bf00000| Untracked 
| 192|0x000000008c000000, 0x000000008c100000, 0x000000008c100000|100%| O|  |TAMS 0x000000008c000000, 0x000000008c000000| Untracked 
| 193|0x000000008c100000, 0x000000008c200000, 0x000000008c200000|100%| O|  |TAMS 0x000000008c100000, 0x000000008c100000| Untracked 
| 194|0x000000008c200000, 0x000000008c300000, 0x000000008c300000|100%| O|  |TAMS 0x000000008c200000, 0x000000008c200000| Untracked 
| 195|0x000000008c300000, 0x000000008c400000, 0x000000008c400000|100%| O|  |TAMS 0x000000008c300000, 0x000000008c300000| Untracked 
| 196|0x000000008c400000, 0x000000008c500000, 0x000000008c500000|100%| O|  |TAMS 0x000000008c400000, 0x000000008c400000| Untracked 
| 197|0x000000008c500000, 0x000000008c600000, 0x000000008c600000|100%| O|  |TAMS 0x000000008c500000, 0x000000008c500000| Untracked 
| 198|0x000000008c600000, 0x000000008c700000, 0x000000008c700000|100%| O|  |TAMS 0x000000008c600000, 0x000000008c600000| Untracked 
| 199|0x000000008c700000, 0x000000008c800000, 0x000000008c800000|100%| O|  |TAMS 0x000000008c700000, 0x000000008c700000| Untracked 
| 200|0x000000008c800000, 0x000000008c900000, 0x000000008c900000|100%| O|  |TAMS 0x000000008c800000, 0x000000008c800000| Untracked 
| 201|0x000000008c900000, 0x000000008ca00000, 0x000000008ca00000|100%| O|  |TAMS 0x000000008c900000, 0x000000008c900000| Untracked 
| 202|0x000000008ca00000, 0x000000008cb00000, 0x000000008cb00000|100%| O|  |TAMS 0x000000008ca00000, 0x000000008ca00000| Untracked 
| 203|0x000000008cb00000, 0x000000008cc00000, 0x000000008cc00000|100%| O|  |TAMS 0x000000008cb00000, 0x000000008cb00000| Untracked 
| 204|0x000000008cc00000, 0x000000008cd00000, 0x000000008cd00000|100%| O|  |TAMS 0x000000008cc00000, 0x000000008cc00000| Untracked 
| 205|0x000000008cd00000, 0x000000008ce00000, 0x000000008ce00000|100%| O|  |TAMS 0x000000008cd00000, 0x000000008cd00000| Untracked 
| 206|0x000000008ce00000, 0x000000008cf00000, 0x000000008cf00000|100%| O|  |TAMS 0x000000008ce00000, 0x000000008ce00000| Untracked 
| 207|0x000000008cf00000, 0x000000008d000000, 0x000000008d000000|100%| O|  |TAMS 0x000000008cf00000, 0x000000008cf00000| Untracked 
| 208|0x000000008d000000, 0x000000008d100000, 0x000000008d100000|100%| O|  |TAMS 0x000000008d000000, 0x000000008d000000| Untracked 
| 209|0x000000008d100000, 0x000000008d200000, 0x000000008d200000|100%| O|  |TAMS 0x000000008d100000, 0x000000008d100000| Untracked 
| 210|0x000000008d200000, 0x000000008d300000, 0x000000008d300000|100%| O|  |TAMS 0x000000008d200000, 0x000000008d200000| Untracked 
| 211|0x000000008d300000, 0x000000008d400000, 0x000000008d400000|100%| O|  |TAMS 0x000000008d300000, 0x000000008d300000| Untracked 
| 212|0x000000008d400000, 0x000000008d500000, 0x000000008d500000|100%| O|  |TAMS 0x000000008d400000, 0x000000008d400000| Untracked 
| 213|0x000000008d500000, 0x000000008d600000, 0x000000008d600000|100%| O|  |TAMS 0x000000008d500000, 0x000000008d500000| Untracked 
| 214|0x000000008d600000, 0x000000008d700000, 0x000000008d700000|100%| O|  |TAMS 0x000000008d600000, 0x000000008d600000| Untracked 
| 215|0x000000008d700000, 0x000000008d800000, 0x000000008d800000|100%| O|  |TAMS 0x000000008d700000, 0x000000008d700000| Untracked 
| 216|0x000000008d800000, 0x000000008d900000, 0x000000008d900000|100%| O|  |TAMS 0x000000008d800000, 0x000000008d800000| Untracked 
| 217|0x000000008d900000, 0x000000008da00000, 0x000000008da00000|100%| O|  |TAMS 0x000000008d900000, 0x000000008d900000| Untracked 
| 218|0x000000008da00000, 0x000000008db00000, 0x000000008db00000|100%| O|  |TAMS 0x000000008da00000, 0x000000008da00000| Untracked 
| 219|0x000000008db00000, 0x000000008dc00000, 0x000000008dc00000|100%| O|  |TAMS 0x000000008db00000, 0x000000008db00000| Untracked 
| 220|0x000000008dc00000, 0x000000008dd00000, 0x000000008dd00000|100%| O|  |TAMS 0x000000008dc00000, 0x000000008dc00000| Untracked 
| 221|0x000000008dd00000, 0x000000008ddaa600, 0x000000008de00000| 66%| O|  |TAMS 0x000000008dd00000, 0x000000008dd00000| Untracked 
| 222|0x000000008de00000, 0x000000008de00000, 0x000000008df00000|  0%| F|  |TAMS 0x000000008de00000, 0x000000008de00000| Untracked 
| 223|0x000000008df00000, 0x000000008df00000, 0x000000008e000000|  0%| F|  |TAMS 0x000000008df00000, 0x000000008df00000| Untracked 
| 224|0x000000008e000000, 0x000000008e000000, 0x000000008e100000|  0%| F|  |TAMS 0x000000008e000000, 0x000000008e000000| Untracked 
| 225|0x000000008e100000, 0x000000008e100000, 0x000000008e200000|  0%| F|  |TAMS 0x000000008e100000, 0x000000008e100000| Untracked 
| 226|0x000000008e200000, 0x000000008e200000, 0x000000008e300000|  0%| F|  |TAMS 0x000000008e200000, 0x000000008e200000| Untracked 
| 227|0x000000008e300000, 0x000000008e300000, 0x000000008e400000|  0%| F|  |TAMS 0x000000008e300000, 0x000000008e300000| Untracked 
| 228|0x000000008e400000, 0x000000008e400000, 0x000000008e500000|  0%| F|  |TAMS 0x000000008e400000, 0x000000008e400000| Untracked 
| 229|0x000000008e500000, 0x000000008e500000, 0x000000008e600000|  0%| F|  |TAMS 0x000000008e500000, 0x000000008e500000| Untracked 
| 230|0x000000008e600000, 0x000000008e600000, 0x000000008e700000|  0%| F|  |TAMS 0x000000008e600000, 0x000000008e600000| Untracked 
| 231|0x000000008e700000, 0x000000008e700000, 0x000000008e800000|  0%| F|  |TAMS 0x000000008e700000, 0x000000008e700000| Untracked 
| 232|0x000000008e800000, 0x000000008e800000, 0x000000008e900000|  0%| F|  |TAMS 0x000000008e800000, 0x000000008e800000| Untracked 
| 233|0x000000008e900000, 0x000000008e900000, 0x000000008ea00000|  0%| F|  |TAMS 0x000000008e900000, 0x000000008e900000| Untracked 
| 234|0x000000008ea00000, 0x000000008ea00000, 0x000000008eb00000|  0%| F|  |TAMS 0x000000008ea00000, 0x000000008ea00000| Untracked 
| 235|0x000000008eb00000, 0x000000008eb00000, 0x000000008ec00000|  0%| F|  |TAMS 0x000000008eb00000, 0x000000008eb00000| Untracked 
| 236|0x000000008ec00000, 0x000000008ec00000, 0x000000008ed00000|  0%| F|  |TAMS 0x000000008ec00000, 0x000000008ec00000| Untracked 
| 237|0x000000008ed00000, 0x000000008ed00000, 0x000000008ee00000|  0%| F|  |TAMS 0x000000008ed00000, 0x000000008ed00000| Untracked 
| 238|0x000000008ee00000, 0x000000008ee00000, 0x000000008ef00000|  0%| F|  |TAMS 0x000000008ee00000, 0x000000008ee00000| Untracked 
| 239|0x000000008ef00000, 0x000000008ef00000, 0x000000008f000000|  0%| F|  |TAMS 0x000000008ef00000, 0x000000008ef00000| Untracked 
| 240|0x000000008f000000, 0x000000008f000000, 0x000000008f100000|  0%| F|  |TAMS 0x000000008f000000, 0x000000008f000000| Untracked 
| 241|0x000000008f100000, 0x000000008f100000, 0x000000008f200000|  0%| F|  |TAMS 0x000000008f100000, 0x000000008f100000| Untracked 
| 242|0x000000008f200000, 0x000000008f200000, 0x000000008f300000|  0%| F|  |TAMS 0x000000008f200000, 0x000000008f200000| Untracked 
| 243|0x000000008f300000, 0x000000008f300000, 0x000000008f400000|  0%| F|  |TAMS 0x000000008f300000, 0x000000008f300000| Untracked 
| 244|0x000000008f400000, 0x000000008f400000, 0x000000008f500000|  0%| F|  |TAMS 0x000000008f400000, 0x000000008f400000| Untracked 
| 245|0x000000008f500000, 0x000000008f500000, 0x000000008f600000|  0%| F|  |TAMS 0x000000008f500000, 0x000000008f500000| Untracked 
| 246|0x000000008f600000, 0x000000008f600000, 0x000000008f700000|  0%| F|  |TAMS 0x000000008f600000, 0x000000008f600000| Untracked 
| 247|0x000000008f700000, 0x000000008f700000, 0x000000008f800000|  0%| F|  |TAMS 0x000000008f700000, 0x000000008f700000| Untracked 
| 248|0x000000008f800000, 0x000000008f800000, 0x000000008f900000|  0%| F|  |TAMS 0x000000008f800000, 0x000000008f800000| Untracked 
| 249|0x000000008f900000, 0x000000008f900000, 0x000000008fa00000|  0%| F|  |TAMS 0x000000008f900000, 0x000000008f900000| Untracked 
| 250|0x000000008fa00000, 0x000000008fa00000, 0x000000008fb00000|  0%| F|  |TAMS 0x000000008fa00000, 0x000000008fa00000| Untracked 
| 251|0x000000008fb00000, 0x000000008fb00000, 0x000000008fc00000|  0%| F|  |TAMS 0x000000008fb00000, 0x000000008fb00000| Untracked 
| 252|0x000000008fc00000, 0x000000008fc00000, 0x000000008fd00000|  0%| F|  |TAMS 0x000000008fc00000, 0x000000008fc00000| Untracked 
| 253|0x000000008fd00000, 0x000000008fd00000, 0x000000008fe00000|  0%| F|  |TAMS 0x000000008fd00000, 0x000000008fd00000| Untracked 
| 254|0x000000008fe00000, 0x000000008fe00000, 0x000000008ff00000|  0%| F|  |TAMS 0x000000008fe00000, 0x000000008fe00000| Untracked 
| 255|0x000000008ff00000, 0x000000008ff00000, 0x0000000090000000|  0%| F|  |TAMS 0x000000008ff00000, 0x000000008ff00000| Untracked 
| 256|0x0000000090000000, 0x0000000090000000, 0x0000000090100000|  0%| F|  |TAMS 0x0000000090000000, 0x0000000090000000| Untracked 
| 257|0x0000000090100000, 0x0000000090100000, 0x0000000090200000|  0%| F|  |TAMS 0x0000000090100000, 0x0000000090100000| Untracked 
| 258|0x0000000090200000, 0x0000000090200000, 0x0000000090300000|  0%| F|  |TAMS 0x0000000090200000, 0x0000000090200000| Untracked 
| 259|0x0000000090300000, 0x0000000090300000, 0x0000000090400000|  0%| F|  |TAMS 0x0000000090300000, 0x0000000090300000| Untracked 
| 260|0x0000000090400000, 0x0000000090400000, 0x0000000090500000|  0%| F|  |TAMS 0x0000000090400000, 0x0000000090400000| Untracked 
| 261|0x0000000090500000, 0x0000000090500000, 0x0000000090600000|  0%| F|  |TAMS 0x0000000090500000, 0x0000000090500000| Untracked 
| 262|0x0000000090600000, 0x0000000090600000, 0x0000000090700000|  0%| F|  |TAMS 0x0000000090600000, 0x0000000090600000| Untracked 
| 263|0x0000000090700000, 0x0000000090700000, 0x0000000090800000|  0%| F|  |TAMS 0x0000000090700000, 0x0000000090700000| Untracked 
| 264|0x0000000090800000, 0x0000000090800000, 0x0000000090900000|  0%| F|  |TAMS 0x0000000090800000, 0x0000000090800000| Untracked 
| 265|0x0000000090900000, 0x0000000090900000, 0x0000000090a00000|  0%| F|  |TAMS 0x0000000090900000, 0x0000000090900000| Untracked 
| 266|0x0000000090a00000, 0x0000000090a00000, 0x0000000090b00000|  0%| F|  |TAMS 0x0000000090a00000, 0x0000000090a00000| Untracked 
| 267|0x0000000090b00000, 0x0000000090b00000, 0x0000000090c00000|  0%| F|  |TAMS 0x0000000090b00000, 0x0000000090b00000| Untracked 
| 268|0x0000000090c00000, 0x0000000090c00000, 0x0000000090d00000|  0%| F|  |TAMS 0x0000000090c00000, 0x0000000090c00000| Untracked 
| 269|0x0000000090d00000, 0x0000000090d00000, 0x0000000090e00000|  0%| F|  |TAMS 0x0000000090d00000, 0x0000000090d00000| Untracked 
| 270|0x0000000090e00000, 0x0000000090e00000, 0x0000000090f00000|  0%| F|  |TAMS 0x0000000090e00000, 0x0000000090e00000| Untracked 
| 271|0x0000000090f00000, 0x0000000090f00000, 0x0000000091000000|  0%| F|  |TAMS 0x0000000090f00000, 0x0000000090f00000| Untracked 
| 272|0x0000000091000000, 0x0000000091000000, 0x0000000091100000|  0%| F|  |TAMS 0x0000000091000000, 0x0000000091000000| Untracked 
| 273|0x0000000091100000, 0x0000000091100000, 0x0000000091200000|  0%| F|  |TAMS 0x0000000091100000, 0x0000000091100000| Untracked 
| 274|0x0000000091200000, 0x0000000091200000, 0x0000000091300000|  0%| F|  |TAMS 0x0000000091200000, 0x0000000091200000| Untracked 
| 275|0x0000000091300000, 0x0000000091300000, 0x0000000091400000|  0%| F|  |TAMS 0x0000000091300000, 0x0000000091300000| Untracked 
| 276|0x0000000091400000, 0x0000000091400000, 0x0000000091500000|  0%| F|  |TAMS 0x0000000091400000, 0x0000000091400000| Untracked 
| 277|0x0000000091500000, 0x0000000091500000, 0x0000000091600000|  0%| F|  |TAMS 0x0000000091500000, 0x0000000091500000| Untracked 
| 278|0x0000000091600000, 0x0000000091600000, 0x0000000091700000|  0%| F|  |TAMS 0x0000000091600000, 0x0000000091600000| Untracked 
| 279|0x0000000091700000, 0x0000000091700000, 0x0000000091800000|  0%| F|  |TAMS 0x0000000091700000, 0x0000000091700000| Untracked 
| 280|0x0000000091800000, 0x0000000091800000, 0x0000000091900000|  0%| F|  |TAMS 0x0000000091800000, 0x0000000091800000| Untracked 
| 281|0x0000000091900000, 0x0000000091900000, 0x0000000091a00000|  0%| F|  |TAMS 0x0000000091900000, 0x0000000091900000| Untracked 
| 282|0x0000000091a00000, 0x0000000091a00000, 0x0000000091b00000|  0%| F|  |TAMS 0x0000000091a00000, 0x0000000091a00000| Untracked 
| 283|0x0000000091b00000, 0x0000000091b00000, 0x0000000091c00000|  0%| F|  |TAMS 0x0000000091b00000, 0x0000000091b00000| Untracked 
| 284|0x0000000091c00000, 0x0000000091c00000, 0x0000000091d00000|  0%| F|  |TAMS 0x0000000091c00000, 0x0000000091c00000| Untracked 
| 285|0x0000000091d00000, 0x0000000091d00000, 0x0000000091e00000|  0%| F|  |TAMS 0x0000000091d00000, 0x0000000091d00000| Untracked 
| 286|0x0000000091e00000, 0x0000000091e00000, 0x0000000091f00000|  0%| F|  |TAMS 0x0000000091e00000, 0x0000000091e00000| Untracked 
| 287|0x0000000091f00000, 0x0000000092000000, 0x0000000092000000|100%| S|CS|TAMS 0x0000000091f00000, 0x0000000091f00000| Complete 
| 288|0x0000000092000000, 0x0000000092100000, 0x0000000092100000|100%| S|CS|TAMS 0x0000000092000000, 0x0000000092000000| Complete 
| 289|0x0000000092100000, 0x0000000092200000, 0x0000000092200000|100%| S|CS|TAMS 0x0000000092100000, 0x0000000092100000| Complete 
| 290|0x0000000092200000, 0x0000000092300000, 0x0000000092300000|100%| S|CS|TAMS 0x0000000092200000, 0x0000000092200000| Complete 
| 291|0x0000000092300000, 0x0000000092400000, 0x0000000092400000|100%| S|CS|TAMS 0x0000000092300000, 0x0000000092300000| Complete 
| 292|0x0000000092400000, 0x0000000092500000, 0x0000000092500000|100%| S|CS|TAMS 0x0000000092400000, 0x0000000092400000| Complete 
| 293|0x0000000092500000, 0x0000000092600000, 0x0000000092600000|100%| S|CS|TAMS 0x0000000092500000, 0x0000000092500000| Complete 
| 294|0x0000000092600000, 0x0000000092700000, 0x0000000092700000|100%| S|CS|TAMS 0x0000000092600000, 0x0000000092600000| Complete 
| 295|0x0000000092700000, 0x0000000092800000, 0x0000000092800000|100%| S|CS|TAMS 0x0000000092700000, 0x0000000092700000| Complete 
| 296|0x0000000092800000, 0x0000000092900000, 0x0000000092900000|100%| S|CS|TAMS 0x0000000092800000, 0x0000000092800000| Complete 
| 297|0x0000000092900000, 0x0000000092a00000, 0x0000000092a00000|100%| S|CS|TAMS 0x0000000092900000, 0x0000000092900000| Complete 
| 298|0x0000000092a00000, 0x0000000092b00000, 0x0000000092b00000|100%| S|CS|TAMS 0x0000000092a00000, 0x0000000092a00000| Complete 
| 299|0x0000000092b00000, 0x0000000092b00000, 0x0000000092c00000|  0%| F|  |TAMS 0x0000000092b00000, 0x0000000092b00000| Untracked 
| 300|0x0000000092c00000, 0x0000000092c00000, 0x0000000092d00000|  0%| F|  |TAMS 0x0000000092c00000, 0x0000000092c00000| Untracked 
| 301|0x0000000092d00000, 0x0000000092d00000, 0x0000000092e00000|  0%| F|  |TAMS 0x0000000092d00000, 0x0000000092d00000| Untracked 
| 302|0x0000000092e00000, 0x0000000092e00000, 0x0000000092f00000|  0%| F|  |TAMS 0x0000000092e00000, 0x0000000092e00000| Untracked 
| 303|0x0000000092f00000, 0x0000000092f00000, 0x0000000093000000|  0%| F|  |TAMS 0x0000000092f00000, 0x0000000092f00000| Untracked 
| 304|0x0000000093000000, 0x0000000093000000, 0x0000000093100000|  0%| F|  |TAMS 0x0000000093000000, 0x0000000093000000| Untracked 
| 305|0x0000000093100000, 0x0000000093100000, 0x0000000093200000|  0%| F|  |TAMS 0x0000000093100000, 0x0000000093100000| Untracked 
| 306|0x0000000093200000, 0x0000000093200000, 0x0000000093300000|  0%| F|  |TAMS 0x0000000093200000, 0x0000000093200000| Untracked 
| 307|0x0000000093300000, 0x0000000093300000, 0x0000000093400000|  0%| F|  |TAMS 0x0000000093300000, 0x0000000093300000| Untracked 
| 308|0x0000000093400000, 0x0000000093400000, 0x0000000093500000|  0%| F|  |TAMS 0x0000000093400000, 0x0000000093400000| Untracked 
| 309|0x0000000093500000, 0x0000000093500000, 0x0000000093600000|  0%| F|  |TAMS 0x0000000093500000, 0x0000000093500000| Untracked 
| 310|0x0000000093600000, 0x0000000093600000, 0x0000000093700000|  0%| F|  |TAMS 0x0000000093600000, 0x0000000093600000| Untracked 
| 311|0x0000000093700000, 0x0000000093700000, 0x0000000093800000|  0%| F|  |TAMS 0x0000000093700000, 0x0000000093700000| Untracked 
| 312|0x0000000093800000, 0x0000000093800000, 0x0000000093900000|  0%| F|  |TAMS 0x0000000093800000, 0x0000000093800000| Untracked 
| 313|0x0000000093900000, 0x0000000093900000, 0x0000000093a00000|  0%| F|  |TAMS 0x0000000093900000, 0x0000000093900000| Untracked 
| 314|0x0000000093a00000, 0x0000000093a00000, 0x0000000093b00000|  0%| F|  |TAMS 0x0000000093a00000, 0x0000000093a00000| Untracked 
| 315|0x0000000093b00000, 0x0000000093b00000, 0x0000000093c00000|  0%| F|  |TAMS 0x0000000093b00000, 0x0000000093b00000| Untracked 
| 316|0x0000000093c00000, 0x0000000093c00000, 0x0000000093d00000|  0%| F|  |TAMS 0x0000000093c00000, 0x0000000093c00000| Untracked 
| 317|0x0000000093d00000, 0x0000000093d00000, 0x0000000093e00000|  0%| F|  |TAMS 0x0000000093d00000, 0x0000000093d00000| Untracked 
| 318|0x0000000093e00000, 0x0000000093e00000, 0x0000000093f00000|  0%| F|  |TAMS 0x0000000093e00000, 0x0000000093e00000| Untracked 
| 319|0x0000000093f00000, 0x0000000093f00000, 0x0000000094000000|  0%| F|  |TAMS 0x0000000093f00000, 0x0000000093f00000| Untracked 
| 320|0x0000000094000000, 0x0000000094000000, 0x0000000094100000|  0%| F|  |TAMS 0x0000000094000000, 0x0000000094000000| Untracked 
| 321|0x0000000094100000, 0x0000000094100000, 0x0000000094200000|  0%| F|  |TAMS 0x0000000094100000, 0x0000000094100000| Untracked 
| 322|0x0000000094200000, 0x0000000094200000, 0x0000000094300000|  0%| F|  |TAMS 0x0000000094200000, 0x0000000094200000| Untracked 
| 323|0x0000000094300000, 0x0000000094300000, 0x0000000094400000|  0%| F|  |TAMS 0x0000000094300000, 0x0000000094300000| Untracked 
| 324|0x0000000094400000, 0x0000000094400000, 0x0000000094500000|  0%| F|  |TAMS 0x0000000094400000, 0x0000000094400000| Untracked 
| 325|0x0000000094500000, 0x0000000094500000, 0x0000000094600000|  0%| F|  |TAMS 0x0000000094500000, 0x0000000094500000| Untracked 
| 326|0x0000000094600000, 0x0000000094600000, 0x0000000094700000|  0%| F|  |TAMS 0x0000000094600000, 0x0000000094600000| Untracked 
| 327|0x0000000094700000, 0x0000000094700000, 0x0000000094800000|  0%| F|  |TAMS 0x0000000094700000, 0x0000000094700000| Untracked 
| 328|0x0000000094800000, 0x0000000094800000, 0x0000000094900000|  0%| F|  |TAMS 0x0000000094800000, 0x0000000094800000| Untracked 
| 329|0x0000000094900000, 0x0000000094900000, 0x0000000094a00000|  0%| F|  |TAMS 0x0000000094900000, 0x0000000094900000| Untracked 
| 330|0x0000000094a00000, 0x0000000094a00000, 0x0000000094b00000|  0%| F|  |TAMS 0x0000000094a00000, 0x0000000094a00000| Untracked 
| 331|0x0000000094b00000, 0x0000000094b00000, 0x0000000094c00000|  0%| F|  |TAMS 0x0000000094b00000, 0x0000000094b00000| Untracked 
| 332|0x0000000094c00000, 0x0000000094c00000, 0x0000000094d00000|  0%| F|  |TAMS 0x0000000094c00000, 0x0000000094c00000| Untracked 
| 333|0x0000000094d00000, 0x0000000094d00000, 0x0000000094e00000|  0%| F|  |TAMS 0x0000000094d00000, 0x0000000094d00000| Untracked 
| 334|0x0000000094e00000, 0x0000000094e00000, 0x0000000094f00000|  0%| F|  |TAMS 0x0000000094e00000, 0x0000000094e00000| Untracked 
| 335|0x0000000094f00000, 0x0000000094f00000, 0x0000000095000000|  0%| F|  |TAMS 0x0000000094f00000, 0x0000000094f00000| Untracked 
| 336|0x0000000095000000, 0x0000000095000000, 0x0000000095100000|  0%| F|  |TAMS 0x0000000095000000, 0x0000000095000000| Untracked 
| 337|0x0000000095100000, 0x0000000095100000, 0x0000000095200000|  0%| F|  |TAMS 0x0000000095100000, 0x0000000095100000| Untracked 
| 338|0x0000000095200000, 0x0000000095200000, 0x0000000095300000|  0%| F|  |TAMS 0x0000000095200000, 0x0000000095200000| Untracked 
| 339|0x0000000095300000, 0x0000000095300000, 0x0000000095400000|  0%| F|  |TAMS 0x0000000095300000, 0x0000000095300000| Untracked 
| 340|0x0000000095400000, 0x0000000095400000, 0x0000000095500000|  0%| F|  |TAMS 0x0000000095400000, 0x0000000095400000| Untracked 
| 341|0x0000000095500000, 0x0000000095500000, 0x0000000095600000|  0%| F|  |TAMS 0x0000000095500000, 0x0000000095500000| Untracked 
| 342|0x0000000095600000, 0x0000000095600000, 0x0000000095700000|  0%| F|  |TAMS 0x0000000095600000, 0x0000000095600000| Untracked 
| 343|0x0000000095700000, 0x0000000095700000, 0x0000000095800000|  0%| F|  |TAMS 0x0000000095700000, 0x0000000095700000| Untracked 
| 344|0x0000000095800000, 0x0000000095800000, 0x0000000095900000|  0%| F|  |TAMS 0x0000000095800000, 0x0000000095800000| Untracked 
| 345|0x0000000095900000, 0x0000000095900000, 0x0000000095a00000|  0%| F|  |TAMS 0x0000000095900000, 0x0000000095900000| Untracked 
| 346|0x0000000095a00000, 0x0000000095a00000, 0x0000000095b00000|  0%| F|  |TAMS 0x0000000095a00000, 0x0000000095a00000| Untracked 
| 347|0x0000000095b00000, 0x0000000095b00000, 0x0000000095c00000|  0%| F|  |TAMS 0x0000000095b00000, 0x0000000095b00000| Untracked 
| 348|0x0000000095c00000, 0x0000000095c00000, 0x0000000095d00000|  0%| F|  |TAMS 0x0000000095c00000, 0x0000000095c00000| Untracked 
| 349|0x0000000095d00000, 0x0000000095d00000, 0x0000000095e00000|  0%| F|  |TAMS 0x0000000095d00000, 0x0000000095d00000| Untracked 
| 350|0x0000000095e00000, 0x0000000095e00000, 0x0000000095f00000|  0%| F|  |TAMS 0x0000000095e00000, 0x0000000095e00000| Untracked 
| 351|0x0000000095f00000, 0x0000000095f00000, 0x0000000096000000|  0%| F|  |TAMS 0x0000000095f00000, 0x0000000095f00000| Untracked 
| 352|0x0000000096000000, 0x0000000096000000, 0x0000000096100000|  0%| F|  |TAMS 0x0000000096000000, 0x0000000096000000| Untracked 
| 353|0x0000000096100000, 0x0000000096100000, 0x0000000096200000|  0%| F|  |TAMS 0x0000000096100000, 0x0000000096100000| Untracked 
| 354|0x0000000096200000, 0x0000000096200000, 0x0000000096300000|  0%| F|  |TAMS 0x0000000096200000, 0x0000000096200000| Untracked 
| 355|0x0000000096300000, 0x0000000096300000, 0x0000000096400000|  0%| F|  |TAMS 0x0000000096300000, 0x0000000096300000| Untracked 
| 356|0x0000000096400000, 0x0000000096400000, 0x0000000096500000|  0%| F|  |TAMS 0x0000000096400000, 0x0000000096400000| Untracked 
| 357|0x0000000096500000, 0x0000000096500000, 0x0000000096600000|  0%| F|  |TAMS 0x0000000096500000, 0x0000000096500000| Untracked 
| 358|0x0000000096600000, 0x0000000096600000, 0x0000000096700000|  0%| F|  |TAMS 0x0000000096600000, 0x0000000096600000| Untracked 
| 359|0x0000000096700000, 0x0000000096700000, 0x0000000096800000|  0%| F|  |TAMS 0x0000000096700000, 0x0000000096700000| Untracked 
| 360|0x0000000096800000, 0x0000000096800000, 0x0000000096900000|  0%| F|  |TAMS 0x0000000096800000, 0x0000000096800000| Untracked 
| 361|0x0000000096900000, 0x0000000096900000, 0x0000000096a00000|  0%| F|  |TAMS 0x0000000096900000, 0x0000000096900000| Untracked 
| 362|0x0000000096a00000, 0x0000000096a00000, 0x0000000096b00000|  0%| F|  |TAMS 0x0000000096a00000, 0x0000000096a00000| Untracked 
| 363|0x0000000096b00000, 0x0000000096b00000, 0x0000000096c00000|  0%| F|  |TAMS 0x0000000096b00000, 0x0000000096b00000| Untracked 
| 364|0x0000000096c00000, 0x0000000096c00000, 0x0000000096d00000|  0%| F|  |TAMS 0x0000000096c00000, 0x0000000096c00000| Untracked 
| 365|0x0000000096d00000, 0x0000000096d00000, 0x0000000096e00000|  0%| F|  |TAMS 0x0000000096d00000, 0x0000000096d00000| Untracked 
| 366|0x0000000096e00000, 0x0000000096e00000, 0x0000000096f00000|  0%| F|  |TAMS 0x0000000096e00000, 0x0000000096e00000| Untracked 
| 367|0x0000000096f00000, 0x0000000096f00000, 0x0000000097000000|  0%| F|  |TAMS 0x0000000096f00000, 0x0000000096f00000| Untracked 
| 368|0x0000000097000000, 0x0000000097000000, 0x0000000097100000|  0%| F|  |TAMS 0x0000000097000000, 0x0000000097000000| Untracked 
| 369|0x0000000097100000, 0x0000000097100000, 0x0000000097200000|  0%| F|  |TAMS 0x0000000097100000, 0x0000000097100000| Untracked 
| 370|0x0000000097200000, 0x0000000097200000, 0x0000000097300000|  0%| F|  |TAMS 0x0000000097200000, 0x0000000097200000| Untracked 
| 371|0x0000000097300000, 0x0000000097300000, 0x0000000097400000|  0%| F|  |TAMS 0x0000000097300000, 0x0000000097300000| Untracked 
| 372|0x0000000097400000, 0x0000000097400000, 0x0000000097500000|  0%| F|  |TAMS 0x0000000097400000, 0x0000000097400000| Untracked 
| 373|0x0000000097500000, 0x0000000097500000, 0x0000000097600000|  0%| F|  |TAMS 0x0000000097500000, 0x0000000097500000| Untracked 
| 374|0x0000000097600000, 0x0000000097600000, 0x0000000097700000|  0%| F|  |TAMS 0x0000000097600000, 0x0000000097600000| Untracked 
| 375|0x0000000097700000, 0x0000000097700000, 0x0000000097800000|  0%| F|  |TAMS 0x0000000097700000, 0x0000000097700000| Untracked 
| 376|0x0000000097800000, 0x0000000097800000, 0x0000000097900000|  0%| F|  |TAMS 0x0000000097800000, 0x0000000097800000| Untracked 
| 377|0x0000000097900000, 0x0000000097900000, 0x0000000097a00000|  0%| F|  |TAMS 0x0000000097900000, 0x0000000097900000| Untracked 
| 378|0x0000000097a00000, 0x0000000097a00000, 0x0000000097b00000|  0%| F|  |TAMS 0x0000000097a00000, 0x0000000097a00000| Untracked 
| 379|0x0000000097b00000, 0x0000000097b00000, 0x0000000097c00000|  0%| F|  |TAMS 0x0000000097b00000, 0x0000000097b00000| Untracked 
| 380|0x0000000097c00000, 0x0000000097c00000, 0x0000000097d00000|  0%| F|  |TAMS 0x0000000097c00000, 0x0000000097c00000| Untracked 
| 381|0x0000000097d00000, 0x0000000097d00000, 0x0000000097e00000|  0%| F|  |TAMS 0x0000000097d00000, 0x0000000097d00000| Untracked 
| 382|0x0000000097e00000, 0x0000000097e00000, 0x0000000097f00000|  0%| F|  |TAMS 0x0000000097e00000, 0x0000000097e00000| Untracked 
| 383|0x0000000097f00000, 0x0000000097f00000, 0x0000000098000000|  0%| F|  |TAMS 0x0000000097f00000, 0x0000000097f00000| Untracked 
| 384|0x0000000098000000, 0x0000000098000000, 0x0000000098100000|  0%| F|  |TAMS 0x0000000098000000, 0x0000000098000000| Untracked 
| 385|0x0000000098100000, 0x0000000098100000, 0x0000000098200000|  0%| F|  |TAMS 0x0000000098100000, 0x0000000098100000| Untracked 
| 386|0x0000000098200000, 0x0000000098200000, 0x0000000098300000|  0%| F|  |TAMS 0x0000000098200000, 0x0000000098200000| Untracked 
| 387|0x0000000098300000, 0x0000000098300000, 0x0000000098400000|  0%| F|  |TAMS 0x0000000098300000, 0x0000000098300000| Untracked 
| 388|0x0000000098400000, 0x0000000098400000, 0x0000000098500000|  0%| F|  |TAMS 0x0000000098400000, 0x0000000098400000| Untracked 
| 389|0x0000000098500000, 0x0000000098500000, 0x0000000098600000|  0%| F|  |TAMS 0x0000000098500000, 0x0000000098500000| Untracked 
| 390|0x0000000098600000, 0x0000000098600000, 0x0000000098700000|  0%| F|  |TAMS 0x0000000098600000, 0x0000000098600000| Untracked 
| 391|0x0000000098700000, 0x0000000098700000, 0x0000000098800000|  0%| F|  |TAMS 0x0000000098700000, 0x0000000098700000| Untracked 

Card table byte_map: [0x000001a77a130000,0x000001a77a530000] _byte_map_base: 0x000001a779d30000

Marking Bits (Prev, Next): (CMBitMap*) 0x000001a77658af80, (CMBitMap*) 0x000001a77658af40
 Prev Bits: [0x000001a77c930000, 0x000001a77e930000)
 Next Bits: [0x000001a77a930000, 0x000001a77c930000)

Polling page: 0x000001a774470000

Metaspace:

Usage:
  Non-class:    102.86 MB used.
      Class:     16.20 MB used.
       Both:    119.06 MB used.

Virtual space:
  Non-class space:      128.00 MB reserved,     103.25 MB ( 81%) committed,  2 nodes.
      Class space:        1.00 GB reserved,      16.56 MB (  2%) committed,  1 nodes.
             Both:        1.12 GB reserved,     119.81 MB ( 10%) committed. 

Chunk freelists:
   Non-Class:  8.09 MB
       Class:  15.42 MB
        Both:  23.52 MB

MaxMetaspaceSize: unlimited
CompressedClassSpaceSize: 1.00 GB
Initial GC threshold: 21.00 MB
Current GC threshold: 190.75 MB
CDS: off
MetaspaceReclaimPolicy: balanced
 - commit_granule_bytes: 65536.
 - commit_granule_words: 8192.
 - virtual_space_node_default_size: 8388608.
 - enlarge_chunks_in_place: 1.
 - new_chunks_are_fully_committed: 0.
 - uncommit_free_chunks: 1.
 - use_allocation_guard: 0.
 - handle_deallocations: 1.


Internal statistics:

num_allocs_failed_limit: 6.
num_arena_births: 1188.
num_arena_deaths: 16.
num_vsnodes_births: 3.
num_vsnodes_deaths: 0.
num_space_committed: 1916.
num_space_uncommitted: 0.
num_chunks_returned_to_freelist: 26.
num_chunks_taken_from_freelist: 5786.
num_chunk_merges: 13.
num_chunk_splits: 3932.
num_chunks_enlarged: 2719.
num_inconsistent_stats: 0.

CodeHeap 'non-profiled nmethods': size=120000Kb used=7948Kb max_used=8996Kb free=112051Kb
 bounds [0x000001a707ad0000, 0x000001a7083a0000, 0x000001a70f000000]
CodeHeap 'profiled nmethods': size=120000Kb used=25439Kb max_used=26878Kb free=94560Kb
 bounds [0x000001a700000000, 0x000001a701a60000, 0x000001a707530000]
CodeHeap 'non-nmethods': size=5760Kb used=2439Kb max_used=2496Kb free=3320Kb
 bounds [0x000001a707530000, 0x000001a7077b0000, 0x000001a707ad0000]
 total_blobs=14184 nmethods=13219 adapters=877
 compilation: enabled
              stopped_count=0, restarted_count=0
 full_count=0

Compilation events (20 events):
Event: 19.986 Thread 0x000001a77f570e40 nmethod 16366 0x000001a7009ee490 code [0x000001a7009ee620, 0x000001a7009ee818]
Event: 19.986 Thread 0x000001a77f570e40 16374       2       com.android.tools.r8.internal.XG$$Lambda$2722/0x0000000101081558::accept (24 bytes)
Event: 19.987 Thread 0x000001a77f570e40 nmethod 16374 0x000001a7014eb090 code [0x000001a7014eb240, 0x000001a7014eb3c8]
Event: 19.987 Thread 0x000001a77f570e40 16369       1       com.android.tools.r8.graph.B0::e (5 bytes)
Event: 19.987 Thread 0x000001a77f570e40 nmethod 16369 0x000001a7081f1f90 code [0x000001a7081f2120, 0x000001a7081f21f8]
Event: 19.987 Thread 0x000001a77f570e40 16367       2       com.android.tools.build.apkzlib.bytestorage.LruTracker$$Lambda$1953/0x0000000100ee7290::compare (12 bytes)
Event: 19.987 Thread 0x000001a77f570e40 nmethod 16367 0x000001a700a28b10 code [0x000001a700a28ca0, 0x000001a700a28e38]
Event: 19.987 Thread 0x000001a77f570e40 16368       2       com.android.tools.build.apkzlib.bytestorage.LruTracker::lambda$new$0 (10 bytes)
Event: 19.987 Thread 0x000001a77f570e40 nmethod 16368 0x000001a701597f10 code [0x000001a7015980a0, 0x000001a701598198]
Event: 19.987 Thread 0x000001a77f570e40 16376       2       com.android.tools.r8.internal.MM::test (8 bytes)
Event: 19.987 Thread 0x000001a77f570e40 nmethod 16376 0x000001a7015d8410 code [0x000001a7015d85a0, 0x000001a7015d86c8]
Event: 19.987 Thread 0x000001a77f570e40 16375       1       com.android.tools.r8.graph.k4::w0 (2 bytes)
Event: 19.987 Thread 0x000001a77f570e40 nmethod 16375 0x000001a7081f1c90 code [0x000001a7081f1e20, 0x000001a7081f1ef8]
Event: 19.987 Thread 0x000001a77f570e40 16385 %     3       com.android.tools.r8.internal.fb::a @ 50 (131 bytes)
Event: 19.988 Thread 0x000001a77f570e40 nmethod 16385% 0x000001a701327910 code [0x000001a701327b40, 0x000001a701328498]
Event: 19.988 Thread 0x000001a77f570e40 16386 %     3       com.android.tools.r8.internal.fb::a @ 2588 (5041 bytes)
Event: 19.999 Thread 0x000001a7191f0d50 nmethod 16189 0x000001a707d96b90 code [0x000001a707d96d60, 0x000001a707d97818]
Event: 20.000 Thread 0x000001a7191f0d50 16358       4       java.lang.String::indexOf (18 bytes)
Event: 20.003 Thread 0x000001a7191f0d50 nmethod 16358 0x000001a707e24310 code [0x000001a707e244a0, 0x000001a707e24bb8]
Event: 20.003 Thread 0x000001a7191f0d50 16280       4       java.lang.invoke.LambdaForm::prepare (112 bytes)

GC Heap History (20 events):
Event: 12.448 GC heap after
{Heap after GC invocations=43 (full 0):
 garbage-first heap   total 348160K, used 91991K [0x0000000080000000, 0x0000000100000000)
  region size 1024K, 1 young (1024K), 1 survivors (1024K)
 Metaspace       used 96184K, committed 96832K, reserved 1179648K
  class space    used 13152K, committed 13440K, reserved 1048576K
}
Event: 13.545 GC heap before
{Heap before GC invocations=43 (full 0):
 garbage-first heap   total 348160K, used 245591K [0x0000000080000000, 0x0000000100000000)
  region size 1024K, 152 young (155648K), 1 survivors (1024K)
 Metaspace       used 97168K, committed 97920K, reserved 1179648K
  class space    used 13215K, committed 13568K, reserved 1048576K
}
Event: 13.557 GC heap after
{Heap after GC invocations=44 (full 0):
 garbage-first heap   total 348160K, used 102235K [0x0000000080000000, 0x0000000100000000)
  region size 1024K, 11 young (11264K), 11 survivors (11264K)
 Metaspace       used 97168K, committed 97920K, reserved 1179648K
  class space    used 13215K, committed 13568K, reserved 1048576K
}
Event: 14.619 GC heap before
{Heap before GC invocations=44 (full 0):
 garbage-first heap   total 348160K, used 264027K [0x0000000080000000, 0x0000000100000000)
  region size 1024K, 170 young (174080K), 11 survivors (11264K)
 Metaspace       used 99027K, committed 99776K, reserved 1179648K
  class space    used 13436K, committed 13824K, reserved 1048576K
}
Event: 14.642 GC heap after
{Heap after GC invocations=45 (full 0):
 garbage-first heap   total 348160K, used 113866K [0x0000000080000000, 0x0000000100000000)
  region size 1024K, 22 young (22528K), 22 survivors (22528K)
 Metaspace       used 99027K, committed 99776K, reserved 1179648K
  class space    used 13436K, committed 13824K, reserved 1048576K
}
Event: 15.291 GC heap before
{Heap before GC invocations=45 (full 0):
 garbage-first heap   total 348160K, used 266442K [0x0000000080000000, 0x0000000100000000)
  region size 1024K, 172 young (176128K), 22 survivors (22528K)
 Metaspace       used 99038K, committed 99776K, reserved 1179648K
  class space    used 13436K, committed 13824K, reserved 1048576K
}
Event: 15.306 GC heap after
{Heap after GC invocations=46 (full 0):
 garbage-first heap   total 348160K, used 116926K [0x0000000080000000, 0x0000000100000000)
  region size 1024K, 4 young (4096K), 4 survivors (4096K)
 Metaspace       used 99038K, committed 99776K, reserved 1179648K
  class space    used 13436K, committed 13824K, reserved 1048576K
}
Event: 16.506 GC heap before
{Heap before GC invocations=46 (full 0):
 garbage-first heap   total 348160K, used 278718K [0x0000000080000000, 0x0000000100000000)
  region size 1024K, 161 young (164864K), 4 survivors (4096K)
 Metaspace       used 106020K, committed 106752K, reserved 1179648K
  class space    used 14317K, committed 14656K, reserved 1048576K
}
Event: 16.515 GC heap after
{Heap after GC invocations=47 (full 0):
 garbage-first heap   total 348160K, used 126390K [0x0000000080000000, 0x0000000100000000)
  region size 1024K, 12 young (12288K), 12 survivors (12288K)
 Metaspace       used 106020K, committed 106752K, reserved 1179648K
  class space    used 14317K, committed 14656K, reserved 1048576K
}
Event: 18.048 GC heap before
{Heap before GC invocations=47 (full 0):
 garbage-first heap   total 348160K, used 278966K [0x0000000080000000, 0x0000000100000000)
  region size 1024K, 162 young (165888K), 12 survivors (12288K)
 Metaspace       used 109627K, committed 110400K, reserved 1179648K
  class space    used 14731K, committed 15104K, reserved 1048576K
}
Event: 18.057 GC heap after
{Heap after GC invocations=48 (full 0):
 garbage-first heap   total 348160K, used 126869K [0x0000000080000000, 0x0000000100000000)
  region size 1024K, 10 young (10240K), 10 survivors (10240K)
 Metaspace       used 109627K, committed 110400K, reserved 1179648K
  class space    used 14731K, committed 15104K, reserved 1048576K
}
Event: 18.701 GC heap before
{Heap before GC invocations=48 (full 0):
 garbage-first heap   total 348160K, used 296853K [0x0000000080000000, 0x0000000100000000)
  region size 1024K, 163 young (166912K), 10 survivors (10240K)
 Metaspace       used 111647K, committed 112384K, reserved 1179648K
  class space    used 15016K, committed 15360K, reserved 1048576K
}
Event: 18.719 GC heap after
{Heap after GC invocations=49 (full 0):
 garbage-first heap   total 348160K, used 149880K [0x0000000080000000, 0x0000000100000000)
  region size 1024K, 21 young (21504K), 21 survivors (21504K)
 Metaspace       used 111647K, committed 112384K, reserved 1179648K
  class space    used 15016K, committed 15360K, reserved 1048576K
}
Event: 19.103 GC heap before
{Heap before GC invocations=49 (full 0):
 garbage-first heap   total 348160K, used 289144K [0x0000000080000000, 0x0000000100000000)
  region size 1024K, 117 young (119808K), 21 survivors (21504K)
 Metaspace       used 115479K, committed 116224K, reserved 1179648K
  class space    used 15581K, committed 15936K, reserved 1048576K
}
Event: 19.121 GC heap after
{Heap after GC invocations=50 (full 0):
 garbage-first heap   total 348160K, used 195564K [0x0000000080000000, 0x0000000100000000)
  region size 1024K, 19 young (19456K), 19 survivors (19456K)
 Metaspace       used 115479K, committed 116224K, reserved 1179648K
  class space    used 15581K, committed 15936K, reserved 1048576K
}
Event: 19.631 GC heap before
{Heap before GC invocations=51 (full 0):
 garbage-first heap   total 401408K, used 298988K [0x0000000080000000, 0x0000000100000000)
  region size 1024K, 102 young (104448K), 19 survivors (19456K)
 Metaspace       used 117735K, committed 118464K, reserved 1179648K
  class space    used 15910K, committed 16256K, reserved 1048576K
}
Event: 19.652 GC heap after
{Heap after GC invocations=52 (full 0):
 garbage-first heap   total 401408K, used 221036K [0x0000000080000000, 0x0000000100000000)
  region size 1024K, 13 young (13312K), 13 survivors (13312K)
 Metaspace       used 117735K, committed 118464K, reserved 1179648K
  class space    used 15910K, committed 16256K, reserved 1048576K
}
Event: 19.675 GC heap before
{Heap before GC invocations=52 (full 0):
 garbage-first heap   total 401408K, used 226156K [0x0000000080000000, 0x0000000100000000)
  region size 1024K, 19 young (19456K), 13 survivors (13312K)
 Metaspace       used 117882K, committed 118720K, reserved 1179648K
  class space    used 15941K, committed 16320K, reserved 1048576K
}
Event: 19.693 GC heap after
{Heap after GC invocations=53 (full 0):
 garbage-first heap   total 401408K, used 221918K [0x0000000080000000, 0x0000000100000000)
  region size 1024K, 3 young (3072K), 3 survivors (3072K)
 Metaspace       used 117882K, committed 118720K, reserved 1179648K
  class space    used 15941K, committed 16320K, reserved 1048576K
}
Event: 20.027 GC heap before
{Heap before GC invocations=53 (full 0):
 garbage-first heap   total 401408K, used 315102K [0x0000000080000000, 0x0000000100000000)
  region size 1024K, 93 young (95232K), 3 survivors (3072K)
 Metaspace       used 121913K, committed 122688K, reserved 1179648K
  class space    used 16588K, committed 16960K, reserved 1048576K
}

Dll operation events (3 events):
Event: 0.007 Loaded shared library C:\Program Files\Android\Android Studio\jbr\bin\java.dll
Event: 0.120 Loaded shared library C:\Program Files\Android\Android Studio\jbr\bin\zip.dll
Event: 0.325 Loaded shared library C:\Program Files\Android\Android Studio\jbr\bin\verify.dll

Deoptimization events (20 events):
Event: 19.845 Thread 0x000001a7172a8700 DEOPT PACKING pc=0x000001a708356b94 sp=0x00000038e2efd7e0
Event: 19.845 Thread 0x000001a7172a8700 DEOPT UNPACKING pc=0x000001a70758a1a3 sp=0x00000038e2efd768 mode 2
Event: 19.847 Thread 0x000001a7172a8700 Uncommon trap: trap_request=0xffffffde fr.pc=0x000001a708356b94 relative=0x0000000000000074
Event: 19.847 Thread 0x000001a7172a8700 Uncommon trap: reason=class_check action=maybe_recompile pc=0x000001a708356b94 method=com.android.tools.build.apkzlib.zip.CentralDirectoryHeader.getCompressionInfoWithWait()Lcom/android/tools/build/apkzlib/zip/CentralDirectoryHeaderCompressInfo; @ 4 c2
Event: 19.847 Thread 0x000001a7172a8700 DEOPT PACKING pc=0x000001a708356b94 sp=0x00000038e2efd7b0
Event: 19.847 Thread 0x000001a7172a8700 DEOPT UNPACKING pc=0x000001a70758a1a3 sp=0x00000038e2efd730 mode 2
Event: 19.859 Thread 0x000001a7172a8700 DEOPT PACKING pc=0x000001a7017f5f12 sp=0x00000038e2efd640
Event: 19.859 Thread 0x000001a7172a8700 DEOPT UNPACKING pc=0x000001a70758ace3 sp=0x00000038e2efcb08 mode 0
Event: 19.907 Thread 0x000001a7172a8700 Uncommon trap: trap_request=0xffffffde fr.pc=0x000001a708356b94 relative=0x0000000000000074
Event: 19.907 Thread 0x000001a7172a8700 Uncommon trap: reason=class_check action=maybe_recompile pc=0x000001a708356b94 method=com.android.tools.build.apkzlib.zip.CentralDirectoryHeader.getCompressionInfoWithWait()Lcom/android/tools/build/apkzlib/zip/CentralDirectoryHeaderCompressInfo; @ 4 c2
Event: 19.907 Thread 0x000001a7172a8700 DEOPT PACKING pc=0x000001a708356b94 sp=0x00000038e2efd7c0
Event: 19.907 Thread 0x000001a7172a8700 DEOPT UNPACKING pc=0x000001a70758a1a3 sp=0x00000038e2efd740 mode 2
Event: 19.910 Thread 0x000001a7172ac0c0 Uncommon trap: trap_request=0xffffff45 fr.pc=0x000001a708369eb8 relative=0x0000000000000098
Event: 19.910 Thread 0x000001a7172ac0c0 Uncommon trap: reason=unstable_if action=reinterpret pc=0x000001a708369eb8 method=com.android.tools.r8.utils.structural.s.a(Lcom/android/tools/r8/utils/structural/s;)Z @ 7 c2
Event: 19.910 Thread 0x000001a7172ac0c0 DEOPT PACKING pc=0x000001a708369eb8 sp=0x00000038e35fd6f0
Event: 19.910 Thread 0x000001a7172ac0c0 DEOPT UNPACKING pc=0x000001a70758a1a3 sp=0x00000038e35fd628 mode 2
Event: 19.935 Thread 0x000001a7172a90a0 DEOPT PACKING pc=0x000001a70199e32c sp=0x00000038e30fd1d0
Event: 19.935 Thread 0x000001a7172a90a0 DEOPT UNPACKING pc=0x000001a70758ace3 sp=0x00000038e30fc678 mode 0
Event: 20.001 Thread 0x000001a7172af5b0 DEOPT PACKING pc=0x000001a7019a48d8 sp=0x00000038e33fbd00
Event: 20.001 Thread 0x000001a7172af5b0 DEOPT UNPACKING pc=0x000001a70758ace3 sp=0x00000038e33fb1d8 mode 0

Classes unloaded (8 events):
Event: 19.291 Thread 0x000001a77f39d320 Unloading class 0x0000000100d3c400 'java/lang/invoke/LambdaForm$DMH+0x0000000100d3c400'
Event: 19.291 Thread 0x000001a77f39d320 Unloading class 0x0000000100d35c00 'java/lang/invoke/LambdaForm$DMH+0x0000000100d35c00'
Event: 19.291 Thread 0x000001a77f39d320 Unloading class 0x0000000100d35800 'java/lang/invoke/LambdaForm$DMH+0x0000000100d35800'
Event: 19.291 Thread 0x000001a77f39d320 Unloading class 0x0000000100d35400 'java/lang/invoke/LambdaForm$DMH+0x0000000100d35400'
Event: 19.291 Thread 0x000001a77f39d320 Unloading class 0x0000000100d35000 'java/lang/invoke/LambdaForm$DMH+0x0000000100d35000'
Event: 19.291 Thread 0x000001a77f39d320 Unloading class 0x0000000100d34c00 'java/lang/invoke/LambdaForm$DMH+0x0000000100d34c00'
Event: 19.291 Thread 0x000001a77f39d320 Unloading class 0x0000000100d34800 'java/lang/invoke/LambdaForm$DMH+0x0000000100d34800'
Event: 19.291 Thread 0x000001a77f39d320 Unloading class 0x0000000100d34400 'java/lang/invoke/LambdaForm$DMH+0x0000000100d34400'

Classes redefined (0 events):
No events

Internal exceptions (20 events):
Event: 18.676 Thread 0x000001a71b9c8550 Exception <a 'sun/nio/fs/WindowsException'{0x000000008c410210}> (0x000000008c410210) 
thrown [s\src\hotspot\share\prims\jni.cpp, line 517]
Event: 18.727 Thread 0x000001a71b9c8550 Exception <a 'java/lang/NoSuchMethodError'{0x00000000951224e8}: static Lcom/android/build/gradle/internal/tasks/DexArchiveBuilderTaskDelegate$ClasspathServiceKey;.<clinit>()V> (0x00000000951224e8) 
thrown [s\src\hotspot\share\prims\jni.cpp, line 1108]
Event: 18.840 Thread 0x000001a7172a90a0 Exception <a 'sun/nio/fs/WindowsException'{0x0000000093c459f8}> (0x0000000093c459f8) 
thrown [s\src\hotspot\share\prims\jni.cpp, line 517]
Event: 19.067 Thread 0x000001a7172aa8b0 Exception <a 'java/lang/NoSuchMethodError'{0x0000000090ecced8}: 'java.lang.Object java.lang.invoke.DirectMethodHandle$Holder.invokeStaticInit(java.lang.Object, java.lang.Object, java.lang.Object, java.lang.Object, java.lang.Object, java.lang.Object, java.lang.Object, java.lang.Object, java.lang.Object, java.lang.Object, java.lang.Object, java.lang.Object, java.lang.Object, java.lang.Object, java.lang.Object, java.lang.Object, java.lang.Object, java.lang.Object, java.lang.Object, java.lang.Object, int, java
Event: 19.127 Thread 0x000001a7172ac0c0 Exception <a 'java/lang/IncompatibleClassChangeError'{0x00000000953f1e80}: Found class java.lang.Object, but interface was expected> (0x00000000953f1e80) 
thrown [s\src\hotspot\share\interpreter\linkResolver.cpp, line 838]
Event: 19.207 Thread 0x000001a7172a9570 Exception <a 'java/lang/NoSuchMethodError'{0x00000000944001e0}: 'java.lang.Object java.lang.invoke.DirectMethodHandle$Holder.newInvokeSpecial(java.lang.Object, long)'> (0x00000000944001e0) 
thrown [s\src\hotspot\share\interpreter\linkResolver.cpp, line 771]
Event: 19.662 Thread 0x000001a7172af5b0 Exception <a 'java/lang/NoSuchMethodError'{0x00000000986d8150}: 'void java.lang.invoke.DirectMethodHandle$Holder.invokeStatic(java.lang.Object, java.lang.Object, java.lang.Object, int)'> (0x00000000986d8150) 
thrown [s\src\hotspot\share\interpreter\linkResolver.cpp, line 771]
Event: 19.662 Thread 0x000001a7172aa8b0 Exception <a 'java/lang/NoSuchMethodError'{0x000000009853eb90}: 'void java.lang.invoke.DirectMethodHandle$Holder.invokeStatic(java.lang.Object, java.lang.Object, java.lang.Object, int)'> (0x000000009853eb90) 
thrown [s\src\hotspot\share\interpreter\linkResolver.cpp, line 771]
Event: 19.664 Thread 0x000001a7172aa8b0 Exception <a 'java/lang/IncompatibleClassChangeError'{0x00000000985ad118}: Found class java.lang.Object, but interface was expected> (0x00000000985ad118) 
thrown [s\src\hotspot\share\interpreter\linkResolver.cpp, line 838]
Event: 19.665 Thread 0x000001a7172af5b0 Exception <a 'java/lang/NoSuchMethodError'{0x00000000985e9600}: 'void java.lang.invoke.DirectMethodHandle$Holder.invokeInterface(java.lang.Object, java.lang.Object, java.lang.Object, int)'> (0x00000000985e9600) 
thrown [s\src\hotspot\share\interpreter\linkResolver.cpp, line 771]
Event: 19.665 Thread 0x000001a7172ac0c0 Exception <a 'java/lang/NoSuchMethodError'{0x0000000098581dc0}: 'void java.lang.invoke.DirectMethodHandle$Holder.invokeInterface(java.lang.Object, java.lang.Object, java.lang.Object, int)'> (0x0000000098581dc0) 
thrown [s\src\hotspot\share\interpreter\linkResolver.cpp, line 771]
Event: 19.666 Thread 0x000001a7172a9570 Exception <a 'java/lang/NoSuchMethodError'{0x0000000098585a18}: 'void java.lang.invoke.DirectMethodHandle$Holder.invokeInterface(java.lang.Object, java.lang.Object, java.lang.Object, int)'> (0x0000000098585a18) 
thrown [s\src\hotspot\share\interpreter\linkResolver.cpp, line 771]
Event: 19.845 Thread 0x000001a7172a8700 Implicit null exception at 0x000001a708101530 to 0x000001a708101547
Event: 19.898 Thread 0x000001a7172ac0c0 Exception <a 'java/lang/NoSuchMethodError'{0x00000000952342e0}: 'java.lang.Object java.lang.invoke.DirectMethodHandle$Holder.invokeStatic(java.lang.Object, int, java.lang.Object, java.lang.Object)'> (0x00000000952342e0) 
thrown [s\src\hotspot\share\interpreter\linkResolver.cpp, line 771]
Event: 19.898 Thread 0x000001a7172aa8b0 Exception <a 'java/lang/NoSuchMethodError'{0x000000009520e520}: 'java.lang.Object java.lang.invoke.DirectMethodHandle$Holder.invokeStatic(java.lang.Object, int, java.lang.Object, java.lang.Object)'> (0x000000009520e520) 
thrown [s\src\hotspot\share\interpreter\linkResolver.cpp, line 771]
Event: 19.898 Thread 0x000001a7172a9570 Exception <a 'java/lang/NoSuchMethodError'{0x0000000095225f08}: 'java.lang.Object java.lang.invoke.DirectMethodHandle$Holder.invokeStatic(java.lang.Object, int, java.lang.Object, java.lang.Object)'> (0x0000000095225f08) 
thrown [s\src\hotspot\share\interpreter\linkResolver.cpp, line 771]
Event: 19.900 Thread 0x000001a7172ac0c0 Exception <a 'java/lang/NoSuchMethodError'{0x0000000095249300}: 'java.lang.Object java.lang.invoke.DirectMethodHandle$Holder.invokeStatic(java.lang.Object, java.lang.Object, int, java.lang.Object, java.lang.Object)'> (0x0000000095249300) 
thrown [s\src\hotspot\share\interpreter\linkResolver.cpp, line 771]
Event: 19.900 Thread 0x000001a7172a9570 Exception <a 'java/lang/NoSuchMethodError'{0x00000000952f31c0}: 'java.lang.Object java.lang.invoke.DirectMethodHandle$Holder.invokeStatic(java.lang.Object, java.lang.Object, int, java.lang.Object, java.lang.Object)'> (0x00000000952f31c0) 
thrown [s\src\hotspot\share\interpreter\linkResolver.cpp, line 771]
Event: 19.900 Thread 0x000001a7172af5b0 Exception <a 'java/lang/NoSuchMethodError'{0x000000009525ca78}: 'java.lang.Object java.lang.invoke.DirectMethodHandle$Holder.invokeStatic(java.lang.Object, java.lang.Object, int, java.lang.Object, java.lang.Object)'> (0x000000009525ca78) 
thrown [s\src\hotspot\share\interpreter\linkResolver.cpp, line 771]
Event: 19.900 Thread 0x000001a7172aa8b0 Exception <a 'java/lang/NoSuchMethodError'{0x00000000952ff920}: 'java.lang.Object java.lang.invoke.DirectMethodHandle$Holder.invokeStatic(java.lang.Object, java.lang.Object, int, java.lang.Object, java.lang.Object)'> (0x00000000952ff920) 
thrown [s\src\hotspot\share\interpreter\linkResolver.cpp, line 771]

VM Operations (20 events):
Event: 19.746 Executing VM operation: HandshakeAllThreads done
Event: 19.746 Executing VM operation: HandshakeAllThreads
Event: 19.746 Executing VM operation: HandshakeAllThreads done
Event: 19.778 Executing VM operation: HandshakeAllThreads
Event: 19.782 Executing VM operation: HandshakeAllThreads done
Event: 19.822 Executing VM operation: HandshakeAllThreads
Event: 19.822 Executing VM operation: HandshakeAllThreads done
Event: 19.824 Executing VM operation: HandshakeAllThreads
Event: 19.825 Executing VM operation: HandshakeAllThreads done
Event: 19.833 Executing VM operation: HandshakeAllThreads
Event: 19.833 Executing VM operation: HandshakeAllThreads done
Event: 19.834 Executing VM operation: HandshakeAllThreads
Event: 19.835 Executing VM operation: HandshakeAllThreads done
Event: 19.849 Executing VM operation: HandshakeAllThreads
Event: 19.850 Executing VM operation: HandshakeAllThreads done
Event: 19.968 Executing VM operation: HandshakeAllThreads
Event: 19.969 Executing VM operation: HandshakeAllThreads done
Event: 19.999 Executing VM operation: HandshakeAllThreads
Event: 19.999 Executing VM operation: HandshakeAllThreads done
Event: 20.027 Executing VM operation: G1CollectForAllocation

Events (20 events):
Event: 19.836 loading class sun/nio/cs/ThreadLocalCoders
Event: 19.836 loading class sun/nio/cs/ThreadLocalCoders done
Event: 19.836 loading class sun/nio/cs/ThreadLocalCoders$1
Event: 19.836 loading class sun/nio/cs/ThreadLocalCoders$Cache
Event: 19.836 loading class sun/nio/cs/ThreadLocalCoders$Cache done
Event: 19.836 loading class sun/nio/cs/ThreadLocalCoders$1 done
Event: 19.837 loading class sun/nio/cs/ThreadLocalCoders$2
Event: 19.837 loading class sun/nio/cs/ThreadLocalCoders$2 done
Event: 19.838 loading class java/util/zip/Deflater
Event: 19.838 loading class java/util/zip/Deflater done
Event: 19.839 loading class java/util/zip/Deflater$DeflaterZStreamRef
Event: 19.839 loading class java/util/zip/Deflater$DeflaterZStreamRef done
Event: 19.846 loading class java/util/TreeMap$AscendingSubMap
Event: 19.846 loading class java/util/TreeMap$NavigableSubMap
Event: 19.847 loading class java/util/TreeMap$NavigableSubMap done
Event: 19.847 loading class java/util/TreeMap$AscendingSubMap done
Event: 19.847 loading class java/util/TreeMap$NavigableSubMap$SubMapKeyIterator
Event: 19.847 loading class java/util/TreeMap$NavigableSubMap$SubMapIterator
Event: 19.847 loading class java/util/TreeMap$NavigableSubMap$SubMapIterator done
Event: 19.847 loading class java/util/TreeMap$NavigableSubMap$SubMapKeyIterator done


Dynamic libraries:
0x00007ff731700000 - 0x00007ff73170a000 	C:\Program Files\Android\Android Studio\jbr\bin\java.exe
0x00007ffdcd690000 - 0x00007ffdcd8a6000 	C:\WINDOWS\SYSTEM32\ntdll.dll
0x00007ffdcca90000 - 0x00007ffdccb54000 	C:\WINDOWS\System32\KERNEL32.DLL
0x00007ffdca9d0000 - 0x00007ffdcad76000 	C:\WINDOWS\System32\KERNELBASE.dll
0x00007ffdcadb0000 - 0x00007ffdcaec1000 	C:\WINDOWS\System32\ucrtbase.dll
0x00007ffdbd9f0000 - 0x00007ffdbda07000 	C:\Program Files\Android\Android Studio\jbr\bin\jli.dll
0x00007ffdc4fa0000 - 0x00007ffdc4fbb000 	C:\Program Files\Android\Android Studio\jbr\bin\VCRUNTIME140.dll
0x00007ffdcc5a0000 - 0x00007ffdcc74d000 	C:\WINDOWS\System32\USER32.dll
0x00007ffdcaed0000 - 0x00007ffdcaef6000 	C:\WINDOWS\System32\win32u.dll
0x00007ffdb3d10000 - 0x00007ffdb3fa3000 	C:\WINDOWS\WinSxS\amd64_microsoft.windows.common-controls_6595b64144ccf1df_6.0.22621.3235_none_270f74e173860f98\COMCTL32.dll
0x00007ffdccd60000 - 0x00007ffdccd89000 	C:\WINDOWS\System32\GDI32.dll
0x00007ffdcb930000 - 0x00007ffdcb9d7000 	C:\WINDOWS\System32\msvcrt.dll
0x00007ffdcaf00000 - 0x00007ffdcb018000 	C:\WINDOWS\System32\gdi32full.dll
0x00007ffdcb340000 - 0x00007ffdcb3da000 	C:\WINDOWS\System32\msvcp_win.dll
0x00007ffdcd190000 - 0x00007ffdcd1c1000 	C:\WINDOWS\System32\IMM32.DLL
0x00007ffdc2310000 - 0x00007ffdc231c000 	C:\Program Files\Android\Android Studio\jbr\bin\vcruntime140_1.dll
0x00007ffdb3490000 - 0x00007ffdb351d000 	C:\Program Files\Android\Android Studio\jbr\bin\msvcp140.dll
0x00007ffd1dc80000 - 0x00007ffd1e900000 	C:\Program Files\Android\Android Studio\jbr\bin\server\jvm.dll
0x00007ffdccca0000 - 0x00007ffdccd52000 	C:\WINDOWS\System32\ADVAPI32.dll
0x00007ffdccbf0000 - 0x00007ffdccc98000 	C:\WINDOWS\System32\sechost.dll
0x00007ffdcad80000 - 0x00007ffdcada8000 	C:\WINDOWS\System32\bcrypt.dll
0x00007ffdcba30000 - 0x00007ffdcbb45000 	C:\WINDOWS\System32\RPCRT4.dll
0x00007ffdab460000 - 0x00007ffdab469000 	C:\WINDOWS\SYSTEM32\WSOCK32.dll
0x00007ffdc1a60000 - 0x00007ffdc1a94000 	C:\WINDOWS\SYSTEM32\WINMM.dll
0x00007ffdcc830000 - 0x00007ffdcc8a1000 	C:\WINDOWS\System32\WS2_32.dll
0x00007ffdc0be0000 - 0x00007ffdc0bea000 	C:\WINDOWS\SYSTEM32\VERSION.dll
0x00007ffdc9b00000 - 0x00007ffdc9b18000 	C:\WINDOWS\SYSTEM32\kernel.appcore.dll
0x00007ffdc22e0000 - 0x00007ffdc22ea000 	C:\Program Files\Android\Android Studio\jbr\bin\jimage.dll
0x00007ffdc8100000 - 0x00007ffdc8333000 	C:\WINDOWS\SYSTEM32\DBGHELP.DLL
0x00007ffdcb3e0000 - 0x00007ffdcb768000 	C:\WINDOWS\System32\combase.dll
0x00007ffdcc750000 - 0x00007ffdcc827000 	C:\WINDOWS\System32\OLEAUT32.dll
0x00007ffdbb810000 - 0x00007ffdbb842000 	C:\WINDOWS\SYSTEM32\dbgcore.DLL
0x00007ffdcb020000 - 0x00007ffdcb09a000 	C:\WINDOWS\System32\bcryptPrimitives.dll
0x00007ffdbda10000 - 0x00007ffdbda1e000 	C:\Program Files\Android\Android Studio\jbr\bin\instrument.dll
0x00007ffdbdb60000 - 0x00007ffdbdb85000 	C:\Program Files\Android\Android Studio\jbr\bin\java.dll
0x00007ffdc22c0000 - 0x00007ffdc22d8000 	C:\Program Files\Android\Android Studio\jbr\bin\zip.dll
0x00007ffdcbb50000 - 0x00007ffdcc3ad000 	C:\WINDOWS\System32\SHELL32.dll
0x00007ffdc8940000 - 0x00007ffdc9238000 	C:\WINDOWS\SYSTEM32\windows.storage.dll
0x00007ffdc8800000 - 0x00007ffdc893e000 	C:\WINDOWS\SYSTEM32\wintypes.dll
0x00007ffdccfe0000 - 0x00007ffdcd0d3000 	C:\WINDOWS\System32\SHCORE.dll
0x00007ffdccb70000 - 0x00007ffdccbce000 	C:\WINDOWS\System32\shlwapi.dll
0x00007ffdca900000 - 0x00007ffdca926000 	C:\WINDOWS\SYSTEM32\profapi.dll
0x00007ffdbdb40000 - 0x00007ffdbdb59000 	C:\Program Files\Android\Android Studio\jbr\bin\net.dll
0x00007ffdc4270000 - 0x00007ffdc43a7000 	C:\WINDOWS\SYSTEM32\WINHTTP.dll
0x00007ffdc9f80000 - 0x00007ffdc9fe9000 	C:\WINDOWS\system32\mswsock.dll
0x00007ffdbdb20000 - 0x00007ffdbdb36000 	C:\Program Files\Android\Android Studio\jbr\bin\nio.dll
0x00007ffdbda80000 - 0x00007ffdbda90000 	C:\Program Files\Android\Android Studio\jbr\bin\verify.dll
0x00007ffda8f70000 - 0x00007ffda8f97000 	C:\Users\minhm\.gradle\native\68d5fa5c4cc2d200863cafc0d521ce42e7d3e7ee720ec0a83991735586a16f82\windows-amd64\native-platform.dll
0x00007ffd8ff70000 - 0x00007ffd900b4000 	C:\Users\minhm\.gradle\native\e376f236ea51e6404a007f0833ffe2c6e607c4080706a723a18a27aeea778392\windows-amd64\native-platform-file-events.dll
0x00007ffdbda30000 - 0x00007ffdbda39000 	C:\Program Files\Android\Android Studio\jbr\bin\management.dll
0x00007ffdbda20000 - 0x00007ffdbda2b000 	C:\Program Files\Android\Android Studio\jbr\bin\management_ext.dll
0x00007ffdccfd0000 - 0x00007ffdccfd8000 	C:\WINDOWS\System32\PSAPI.DLL
0x00007ffdca1d0000 - 0x00007ffdca1eb000 	C:\WINDOWS\SYSTEM32\CRYPTSP.dll
0x00007ffdc9a60000 - 0x00007ffdc9a95000 	C:\WINDOWS\system32\rsaenh.dll
0x00007ffdca070000 - 0x00007ffdca09c000 	C:\WINDOWS\SYSTEM32\USERENV.dll
0x00007ffdca1f0000 - 0x00007ffdca1fc000 	C:\WINDOWS\SYSTEM32\CRYPTBASE.dll
0x00007ffdc9510000 - 0x00007ffdc953d000 	C:\WINDOWS\SYSTEM32\IPHLPAPI.DLL
0x00007ffdccb60000 - 0x00007ffdccb69000 	C:\WINDOWS\System32\NSI.dll
0x00007ffdc4000000 - 0x00007ffdc4019000 	C:\WINDOWS\SYSTEM32\dhcpcsvc6.DLL
0x00007ffdc3fe0000 - 0x00007ffdc3fff000 	C:\WINDOWS\SYSTEM32\dhcpcsvc.DLL
0x00007ffdc9580000 - 0x00007ffdc9679000 	C:\WINDOWS\SYSTEM32\DNSAPI.dll
0x00007ffdc2220000 - 0x00007ffdc2228000 	C:\WINDOWS\system32\wshunix.dll

dbghelp: loaded successfully - version: 4.0.5 - missing functions: none
symbol engine: initialized successfully - sym options: 0x614 - pdb path: .;C:\Program Files\Android\Android Studio\jbr\bin;C:\WINDOWS\SYSTEM32;C:\WINDOWS\WinSxS\amd64_microsoft.windows.common-controls_6595b64144ccf1df_6.0.22621.3235_none_270f74e173860f98;C:\Program Files\Android\Android Studio\jbr\bin\server;C:\Users\minhm\.gradle\native\68d5fa5c4cc2d200863cafc0d521ce42e7d3e7ee720ec0a83991735586a16f82\windows-amd64;C:\Users\minhm\.gradle\native\e376f236ea51e6404a007f0833ffe2c6e607c4080706a723a18a27aeea778392\windows-amd64

VM Arguments:
jvm_args: --add-opens=java.base/java.util=ALL-UNNAMED --add-opens=java.base/java.lang=ALL-UNNAMED --add-opens=java.base/java.lang.invoke=ALL-UNNAMED --add-opens=java.prefs/java.util.prefs=ALL-UNNAMED --add-opens=java.base/java.nio.charset=ALL-UNNAMED --add-opens=java.base/java.net=ALL-UNNAMED --add-opens=java.base/java.util.concurrent.atomic=ALL-UNNAMED -Xmx2048m -Dfile.encoding=UTF-8 -Duser.country=US -Duser.language=en -Duser.variant -javaagent:C:\Users\minhm\.gradle\wrapper\dists\gradle-8.2-bin\bbg7u40eoinfdyxsxr3z4i7ta\gradle-8.2\lib\agents\gradle-instrumentation-agent-8.2.jar 
java_command: org.gradle.launcher.daemon.bootstrap.GradleDaemon 8.2
java_class_path (initial): C:\Users\minhm\.gradle\wrapper\dists\gradle-8.2-bin\bbg7u40eoinfdyxsxr3z4i7ta\gradle-8.2\lib\gradle-launcher-8.2.jar
Launcher Type: SUN_STANDARD

[Global flags]
     intx CICompilerCount                          = 4                                         {product} {ergonomic}
     uint ConcGCThreads                            = 2                                         {product} {ergonomic}
     uint G1ConcRefinementThreads                  = 8                                         {product} {ergonomic}
   size_t G1HeapRegionSize                         = 1048576                                   {product} {ergonomic}
    uintx GCDrainStackTargetSize                   = 64                                        {product} {ergonomic}
   size_t InitialHeapSize                          = 264241152                                 {product} {ergonomic}
   size_t MarkStackSize                            = 4194304                                   {product} {ergonomic}
   size_t MaxHeapSize                              = 2147483648                                {product} {command line}
   size_t MaxNewSize                               = 1287651328                                {product} {ergonomic}
   size_t MinHeapDeltaBytes                        = 1048576                                   {product} {ergonomic}
   size_t MinHeapSize                              = 8388608                                   {product} {ergonomic}
    uintx NonNMethodCodeHeapSize                   = 5839372                                {pd product} {ergonomic}
    uintx NonProfiledCodeHeapSize                  = 122909434                              {pd product} {ergonomic}
    uintx ProfiledCodeHeapSize                     = 122909434                              {pd product} {ergonomic}
    uintx ReservedCodeCacheSize                    = 251658240                              {pd product} {ergonomic}
     bool SegmentedCodeCache                       = true                                      {product} {ergonomic}
   size_t SoftMaxHeapSize                          = 2147483648                             {manageable} {ergonomic}
     bool UseCompressedClassPointers               = true                           {product lp64_product} {ergonomic}
     bool UseCompressedOops                        = true                           {product lp64_product} {ergonomic}
     bool UseG1GC                                  = true                                      {product} {ergonomic}
     bool UseLargePagesIndividualAllocation        = false                                  {pd product} {ergonomic}

Logging:
Log output configuration:
 #0: stdout all=warning uptime,level,tags
 #1: stderr all=off uptime,level,tags

Environment Variables:
JAVA_HOME=C:\Program Files\Java\jdk-21
CLASSPATH=C:\Program Files\Java\jdk-21\lib
PATH="C:\Program Files\Java\jdk-21\bin;";C:\Program Files\Common Files\Oracle\Java\javapath;C:\Program Files\Microsoft\jdk-11.0.16.101-hotspot\bin;C:\WINDOWS\system32;C:\WINDOWS;C:\WINDOWS\System32\Wbem;C:\WINDOWS\System32\WindowsPowerShell\v1.0\;C:\WINDOWS\System32\OpenSSH\;C:\Program Files\Microsoft SQL Server\150\Tools\Binn\;C:\Program Files\Microsoft SQL Server\Client SDK\ODBC\170\Tools\Binn\;C:\Program Files (x86)\Microsoft SQL Server\160\Tools\Binn\;C:\Program Files\Microsoft SQL Server\160\Tools\Binn\;C:\Program Files\Microsoft SQL Server\160\DTS\Binn\;C:\Program Files (x86)\Microsoft SQL Server\160\DTS\Binn\;C:\Program Files\Azure Data Studio\bin;C:\MinGW\bin;C:\Program Files\Git\cmd;C:\Program Files\Java\jdk-21\bin;D:\VScode\Microsoft VS Code\bin
USERNAME=minhm
OS=Windows_NT
PROCESSOR_IDENTIFIER=Intel64 Family 6 Model 140 Stepping 1, GenuineIntel
TMP=C:\Users\minhm\AppData\Local\Temp
TEMP=C:\Users\minhm\AppData\Local\Temp


JNI global refs:
JNI global refs: 28, weak refs: 38

JNI global refs memory usage: 843, weak refs: 841

OOME stack traces (most recent first):
Classloader memory used:
Loader org.gradle.internal.classloader.VisitableURLClassLoader                         : 4850K
Loader org.gradle.internal.classloader.VisitableURLClassLoader$InstrumentingVisitableURLClassLoader: 4493K
Loader bootstrap                                                                       : 3147K
Loader org.gradle.initialization.MixInLegacyTypesClassLoader                           : 1360K
Loader jdk.internal.loader.ClassLoaders$AppClassLoader                                 : 1166K
Loader jdk.internal.loader.ClassLoaders$PlatformClassLoader                            : 98159B
Loader jdk.internal.reflect.DelegatingClassLoader                                      : 85809B
Loader java.net.URLClassLoader                                                         : 33365B
Loader org.gradle.internal.classloader.VisitableURLClassLoader                         : 5163B
Loader org.gradle.groovy.scripts.internal.DefaultScriptCompilationHandler$ScriptClassLoader: 3067B
Loader org.codehaus.groovy.runtime.callsite.CallSiteClassLoader                        : 795B
Loader sun.reflect.misc.MethodUtil                                                     : 373B

Classes loaded by more than one classloader:
Class Program                                                                         : loaded 5 times (x 70B)
Class com.google.common.collect.Iterators$MergingIterator                             : loaded 2 times (x 79B)
Class com.google.common.io.Closer$SuppressingSuppressor                               : loaded 2 times (x 73B)
Class org.objectweb.asm.ModuleVisitor                                                 : loaded 2 times (x 78B)
Class com.google.common.io.ByteSource                                                 : loaded 2 times (x 82B)
Class [Lcom.google.common.collect.AbstractMapEntry;                                   : loaded 2 times (x 67B)
Class com.google.common.collect.ImmutableRangeSet$AsSet                               : loaded 2 times (x 233B)
Class com.google.common.collect.SingletonImmutableList                                : loaded 2 times (x 167B)
Class com.google.common.cache.CacheLoader$SupplierToCacheLoader                       : loaded 2 times (x 73B)
Class org.gradle.internal.classpath.ClassPath                                         : loaded 2 times (x 68B)
Class com.google.common.cache.RemovalListener                                         : loaded 2 times (x 68B)
Class org.gradle.api.internal.classpath.DefaultModuleRegistry                         : loaded 2 times (x 84B)
Class Settings_gradle$1$1                                                             : loaded 2 times (x 72B)
Class com.google.common.collect.ImmutableEnumSet                                      : loaded 2 times (x 144B)
Class com.google.common.collect.ListMultimap                                          : loaded 2 times (x 68B)
Class com.google.common.base.CharMatcher$JavaDigit                                    : loaded 2 times (x 109B)
Class com.google.common.base.CharMatcher$Digit                                        : loaded 2 times (x 110B)
Class com.google.common.collect.AbstractMultimap                                      : loaded 2 times (x 121B)
Class com.google.common.io.ByteSource$ConcatenatedByteSource                          : loaded 2 times (x 83B)
Class com.google.common.cache.CacheBuilder$OneWeigher                                 : loaded 2 times (x 80B)
Class org.gradle.api.Action                                                           : loaded 2 times (x 68B)
Class com.google.common.io.ByteSource$SlicedByteSource                                : loaded 2 times (x 83B)
Class com.google.common.io.ByteArrayDataOutput                                        : loaded 2 times (x 68B)
Class com.google.common.collect.ImmutableEntry                                        : loaded 2 times (x 80B)
Class com.google.common.collect.Lists$StringAsImmutableList                           : loaded 2 times (x 167B)
Class com.google.common.cache.LocalCache$StrongEntry                                  : loaded 2 times (x 106B)
Class org.objectweb.asm.FieldWriter                                                   : loaded 2 times (x 75B)
Class com.google.common.base.CharMatcher                                              : loaded 2 times (x 109B)
Class com.google.common.base.CharMatcher$IsNot                                        : loaded 2 times (x 109B)
Class com.google.common.collect.RegularImmutableSortedSet                             : loaded 2 times (x 233B)
Class com.google.common.collect.Maps$IteratorBasedAbstractMap                         : loaded 2 times (x 123B)
Class com.google.common.base.Splitter                                                 : loaded 2 times (x 70B)
Class [Lcom.google.common.cache.Weigher;                                              : loaded 2 times (x 67B)
Class com.google.common.collect.Iterators$ArrayItr                                    : loaded 2 times (x 95B)
Class com.google.common.cache.LocalCache$Segment                                      : loaded 2 times (x 152B)
Class org.gradle.api.internal.DefaultClassPathProvider                                : loaded 2 times (x 74B)
Class org.gradle.internal.installation.GradleInstallation$1                           : loaded 2 times (x 73B)
Class com.google.common.cache.LocalCache$AbstractReferenceEntry                       : loaded 2 times (x 105B)
Class org.objectweb.asm.Type                                                          : loaded 2 times (x 70B)
Class com.google.common.util.concurrent.AbstractFuture$Failure                        : loaded 2 times (x 70B)
Class com.google.common.base.CharMatcher$BitSetMatcher                                : loaded 2 times (x 110B)
Class com.google.common.collect.ImmutableMap$IteratorBasedImmutableMap                : loaded 2 times (x 123B)
Class com.google.common.collect.ImmutableMap                                          : loaded 2 times (x 118B)
Class com.google.common.base.Converter                                                : loaded 2 times (x 88B)
Class com.google.common.collect.ImmutableSortedSetFauxverideShim                      : loaded 2 times (x 145B)
Class com.google.common.collect.ImmutableSet$EmptySetBuilderImpl                      : loaded 2 times (x 74B)
Class com.google.common.base.Equivalence                                              : loaded 2 times (x 80B)
Class com.google.common.primitives.Ints                                               : loaded 2 times (x 69B)
Class com.google.common.cache.LocalCache$EntryFactory$1                               : loaded 2 times (x 81B)
Class com.google.common.cache.LocalCache$EntryFactory$2                               : loaded 2 times (x 81B)
Class com.google.common.cache.LocalCache$EntryFactory$3                               : loaded 2 times (x 81B)
Class com.google.common.cache.LocalCache$EntryFactory$4                               : loaded 2 times (x 81B)
Class com.google.common.cache.LocalCache$EntryFactory$5                               : loaded 2 times (x 81B)
Class com.google.common.cache.LocalCache$EntryFactory$6                               : loaded 2 times (x 81B)
Class com.google.common.cache.LocalCache$EntryFactory$7                               : loaded 2 times (x 81B)
Class com.google.common.cache.LocalCache$EntryFactory$8                               : loaded 2 times (x 81B)
Class com.google.common.base.Predicate                                                : loaded 2 times (x 68B)
Class com.google.common.cache.LocalCache$StrongValueReference                         : loaded 2 times (x 88B)
Class org.gradle.internal.classloader.FilteringClassLoader                            : loaded 2 times (x 102B)
Class com.google.common.collect.RegularImmutableSet                                   : loaded 2 times (x 146B)
Class [Lcom.google.common.cache.LocalCache$Strength;                                  : loaded 2 times (x 67B)
Class org.gradle.internal.classpath.DefaultClassPath$ImmutableUniqueList$Builder      : loaded 2 times (x 73B)
Class com.google.common.collect.AbstractRangeSet                                      : loaded 2 times (x 112B)
Class com.google.common.collect.Maps$8                                                : loaded 2 times (x 80B)
Class com.google.common.base.PatternCompiler                                          : loaded 2 times (x 68B)
Class [Lcom.google.common.cache.CacheBuilder$NullListener;                            : loaded 2 times (x 67B)
Class com.google.common.base.CharMatcher$InRange                                      : loaded 2 times (x 109B)
Class com.google.common.collect.Maps$KeySet                                           : loaded 2 times (x 135B)
Class com.google.common.collect.Sets$SetView                                          : loaded 2 times (x 136B)
Class com.google.common.collect.BiMap                                                 : loaded 2 times (x 68B)
Class com.google.common.collect.Lists                                                 : loaded 2 times (x 69B)
Class org.objectweb.asm.AnnotationWriter                                              : loaded 2 times (x 76B)
Class com.google.common.math.IntMath$1                                                : loaded 2 times (x 69B)
Class org.gradle.internal.classloader.ClassLoaderVisitor                              : loaded 2 times (x 74B)
Class [Lcom.google.common.collect.HashBiMap$BiEntry;                                  : loaded 2 times (x 67B)
Class org.objectweb.asm.Label                                                         : loaded 2 times (x 71B)
Class com.google.common.cache.CacheBuilder$NullListener                               : loaded 2 times (x 80B)
Class com.google.common.math.MathPreconditions                                        : loaded 2 times (x 69B)
Class com.google.common.io.ByteStreams$1                                              : loaded 2 times (x 83B)
Class org.gradle.internal.service.DefaultServiceLocator                               : loaded 2 times (x 81B)
Class org.gradle.internal.service.UnknownServiceException                             : loaded 2 times (x 81B)
Class com.google.common.util.concurrent.AbstractFuture$SynchronizedHelper             : loaded 2 times (x 76B)
Class com.google.common.collect.ArrayListMultimap                                     : loaded 2 times (x 170B)
Class com.google.common.base.Strings                                                  : loaded 2 times (x 69B)
Class com.google.common.io.Closer                                                     : loaded 2 times (x 76B)
Class com.google.common.cache.CacheLoader$InvalidCacheLoadException                   : loaded 2 times (x 80B)
Class org.gradle.internal.classloader.DefaultClassLoaderFactory                       : loaded 2 times (x 80B)
Class com.google.common.collect.UnmodifiableIterator                                  : loaded 2 times (x 78B)
Class com.google.common.base.Stopwatch                                                : loaded 2 times (x 70B)
Class com.google.common.base.Platform$JdkPatternCompiler                              : loaded 2 times (x 73B)
Class com.google.common.cache.LocalCache$LoadingValueReference                        : loaded 2 times (x 94B)
Class com.google.common.base.CharMatcher$SingleWidth                                  : loaded 2 times (x 110B)
Class com.google.common.collect.Hashing                                               : loaded 2 times (x 69B)
Class com.google.common.io.ByteStreams$LimitedInputStream                             : loaded 2 times (x 90B)
Class com.google.common.collect.ImmutableRangeSet$ComplementRanges                    : loaded 2 times (x 167B)
Class com.google.common.base.JdkPattern                                               : loaded 2 times (x 73B)
Class com.google.common.base.Optional                                                 : loaded 2 times (x 78B)
Class com.google.common.collect.Multimap                                              : loaded 2 times (x 68B)
Class com.google.common.base.FunctionalEquivalence                                    : loaded 2 times (x 81B)
Class org.objectweb.asm.AnnotationVisitor                                             : loaded 2 times (x 75B)
Class org.objectweb.asm.RecordComponentWriter                                         : loaded 2 times (x 76B)
Class com.google.common.cache.LocalCache$1                                            : loaded 2 times (x 87B)
Class com.google.common.cache.LocalCache$2                                            : loaded 2 times (x 140B)
Class com.google.common.collect.RegularImmutableBiMap                                 : loaded 2 times (x 146B)
Class org.gradle.internal.classloader.VisitableURLClassLoader$Spec                    : loaded 2 times (x 72B)
Class org.gradle.api.GradleException                                                  : loaded 2 times (x 80B)
Class com.google.common.base.CharMatcher$JavaLetterOrDigit                            : loaded 2 times (x 109B)
Class org.gradle.api.internal.classpath.ModuleRegistry                                : loaded 2 times (x 68B)
Class com.google.common.collect.ForwardingObject                                      : loaded 2 times (x 70B)
Class com.google.common.cache.CacheBuilder                                            : loaded 2 times (x 70B)
Class org.objectweb.asm.ByteVector                                                    : loaded 2 times (x 76B)
Class com.google.common.collect.ImmutableCollection                                   : loaded 2 times (x 123B)
Class com.google.common.collect.ImmutableRangeSet                                     : loaded 2 times (x 113B)
Class com.google.common.base.PairwiseEquivalence                                      : loaded 2 times (x 81B)
Class com.google.common.base.Ticker                                                   : loaded 2 times (x 70B)
Class org.gradle.api.internal.ClassPathProvider                                       : loaded 2 times (x 68B)
Class com.google.common.base.Ascii                                                    : loaded 2 times (x 69B)
Class com.google.common.collect.RegularImmutableMap$Values                            : loaded 2 times (x 167B)
Class org.objectweb.asm.ModuleWriter                                                  : loaded 2 times (x 79B)
Class org.gradle.internal.classloader.ClasspathUtil$1                                 : loaded 2 times (x 74B)
Class com.google.common.io.ByteSource$AsCharSource                                    : loaded 2 times (x 84B)
Class com.google.common.collect.ImmutableEnumMap                                      : loaded 2 times (x 123B)
Class com.google.common.collect.ForwardingMap                                         : loaded 2 times (x 130B)
Class com.google.common.collect.ImmutableList$ReverseImmutableList                    : loaded 2 times (x 168B)
Class com.google.common.cache.AbstractCache$StatsCounter                              : loaded 2 times (x 68B)
Class org.objectweb.asm.FieldVisitor                                                  : loaded 2 times (x 74B)
Class org.objectweb.asm.Symbol                                                        : loaded 2 times (x 71B)
Class com.google.common.cache.LocalCache$Strength$1                                   : loaded 2 times (x 79B)
Class com.google.common.cache.LocalCache$Strength$2                                   : loaded 2 times (x 79B)
Class com.google.common.cache.LocalCache$Strength$3                                   : loaded 2 times (x 79B)
Class org.gradle.internal.classloader.ClassLoaderFactory                              : loaded 2 times (x 68B)
Class com.google.common.collect.ObjectArrays                                          : loaded 2 times (x 69B)
Class com.google.common.base.Absent                                                   : loaded 2 times (x 78B)
Class com.google.common.util.concurrent.AbstractFuture$Waiter                         : loaded 2 times (x 70B)
Class com.google.common.util.concurrent.Uninterruptibles                              : loaded 2 times (x 69B)
Class com.google.common.collect.Iterators$10                                          : loaded 2 times (x 79B)
Class com.google.common.collect.ImmutableList                                         : loaded 2 times (x 166B)
Class org.gradle.api.internal.classpath.ManifestUtil                                  : loaded 2 times (x 69B)
Class org.gradle.api.specs.Spec                                                       : loaded 2 times (x 68B)
Class com.google.common.collect.RangeSet                                              : loaded 2 times (x 68B)
Class com.google.common.cache.CacheLoader$UnsupportedLoadingOperationException        : loaded 2 times (x 80B)
Class com.google.common.base.CharMatcher$Whitespace                                   : loaded 2 times (x 110B)
Class com.google.common.util.concurrent.ListenableFuture                              : loaded 2 times (x 68B)
Class com.google.common.collect.Iterators$1                                           : loaded 2 times (x 79B)
Class com.google.common.collect.Iterators$4                                           : loaded 2 times (x 80B)
Class com.google.common.collect.RegularImmutableMap$BucketOverflowException           : loaded 2 times (x 80B)
Class com.google.common.collect.Iterators$5                                           : loaded 2 times (x 80B)
Class com.google.common.util.concurrent.AbstractFuture$UnsafeAtomicHelper             : loaded 2 times (x 76B)
Class com.google.common.base.Joiner                                                   : loaded 2 times (x 77B)
Class com.google.common.base.Equivalence$Equals                                       : loaded 2 times (x 80B)
Class com.google.common.base.Preconditions                                            : loaded 2 times (x 69B)
Class com.google.common.base.Function                                                 : loaded 2 times (x 68B)
Class com.google.common.collect.Iterators$9                                           : loaded 2 times (x 79B)
Class org.gradle.internal.IoActions                                                   : loaded 2 times (x 69B)
Class com.google.common.cache.ReferenceEntry                                          : loaded 2 times (x 68B)
Class com.google.common.collect.RegularImmutableMap$KeySet                            : loaded 2 times (x 148B)
Class com.google.common.collect.CollectPreconditions                                  : loaded 2 times (x 69B)
Class com.google.common.primitives.IntsMethodsForWeb                                  : loaded 2 times (x 69B)
Class com.google.common.collect.RangeGwtSerializationDependencies                     : loaded 2 times (x 69B)
Class com.google.common.collect.Maps                                                  : loaded 2 times (x 69B)
Class com.google.common.collect.RegularImmutableMap                                   : loaded 2 times (x 119B)
Class com.google.common.collect.AbstractIndexedListIterator                           : loaded 2 times (x 94B)
Class com.google.common.base.CharMatcher$None                                         : loaded 2 times (x 110B)
Class org.gradle.api.internal.classpath.EffectiveClassPath                            : loaded 2 times (x 88B)
Class com.google.common.collect.UnmodifiableListIterator                              : loaded 2 times (x 93B)
Class com.google.common.cache.CacheLoader$FunctionToCacheLoader                       : loaded 2 times (x 73B)
Class com.google.common.cache.CacheBuilder$1                                          : loaded 2 times (x 83B)
Class com.google.common.cache.CacheBuilder$2                                          : loaded 2 times (x 77B)
Class com.google.common.collect.ImmutableList$1                                       : loaded 2 times (x 95B)
Class com.google.common.base.Splitter$Strategy                                        : loaded 2 times (x 68B)
Class com.google.common.cache.CacheBuilder$3                                          : loaded 2 times (x 70B)
Class com.google.common.collect.ImmutableMapEntrySet$RegularEntrySet                  : loaded 2 times (x 149B)
Class [Lcom.google.common.cache.RemovalListener;                                      : loaded 2 times (x 67B)
Class [Lcom.google.common.collect.ImmutableMapEntry;                                  : loaded 2 times (x 67B)
Class org.gradle.internal.installation.CurrentGradleInstallation                      : loaded 2 times (x 71B)
Class org.gradle.internal.agents.InstrumentingClassLoader                             : loaded 2 times (x 68B)
Class org.gradle.internal.installation.CurrentGradleInstallationLocator               : loaded 2 times (x 69B)
Class [Lcom.google.common.cache.LocalCache$Segment;                                   : loaded 2 times (x 67B)
Class org.gradle.api.internal.classpath.Module                                        : loaded 2 times (x 68B)
Class com.google.common.io.ByteSource$ByteArrayByteSource                             : loaded 2 times (x 83B)
Class com.google.common.collect.ImmutableSortedSet                                    : loaded 2 times (x 233B)
Class com.google.common.base.Splitter$1$1                                             : loaded 2 times (x 84B)
Class com.google.common.collect.ImmutableSet$JdkBackedSetBuilderImpl                  : loaded 2 times (x 74B)
Class com.google.common.collect.ImmutableSet$RegularSetBuilderImpl                    : loaded 2 times (x 75B)
Class org.gradle.internal.service.CachingServiceLocator                               : loaded 2 times (x 80B)
Class [Lcom.google.common.collect.ImmutableEntry;                                     : loaded 2 times (x 67B)
Class com.google.common.collect.Sets$ImprovedAbstractSet                              : loaded 2 times (x 133B)
Class org.gradle.internal.classpath.DefaultClassPath                                  : loaded 2 times (x 88B)
Class com.google.common.util.concurrent.AbstractFuture$SetFuture                      : loaded 2 times (x 73B)
Class com.google.common.collect.CollectCollectors                                     : loaded 2 times (x 69B)
Class com.google.common.collect.TransformedIterator                                   : loaded 2 times (x 78B)
Class com.google.common.base.Splitter$SplittingIterator                               : loaded 2 times (x 82B)
Class com.google.common.cache.LocalCache$LocalManualCache$1                           : loaded 2 times (x 73B)
Class Build_gradle$1                                                                  : loaded 2 times (x 72B)
Class Build_gradle$2                                                                  : loaded 2 times (x 76B)
Class com.google.common.collect.Lists$RandomAccessReverseList                         : loaded 2 times (x 160B)
Class org.objectweb.asm.SymbolTable$Entry                                             : loaded 2 times (x 72B)
Class [Lcom.google.common.cache.LocalCache$EntryFactory;                              : loaded 2 times (x 67B)
Class com.google.common.base.CharMatcher$Is                                           : loaded 2 times (x 109B)
Class com.google.common.base.Platform                                                 : loaded 2 times (x 69B)
Class com.google.common.collect.RegularImmutableAsList                                : loaded 2 times (x 176B)
Class com.google.common.base.Suppliers$NonSerializableMemoizingSupplier               : loaded 2 times (x 77B)
Class com.google.common.collect.PeekingIterator                                       : loaded 2 times (x 68B)
Class [Lcom.google.common.base.Supplier;                                              : loaded 2 times (x 67B)
Class com.google.common.collect.ImmutableMapEntrySet                                  : loaded 2 times (x 149B)
Class com.google.common.cache.CacheLoader                                             : loaded 2 times (x 72B)
Class com.google.common.collect.ImmutableBiMapFauxverideShim                          : loaded 2 times (x 118B)
Class org.objectweb.asm.MethodTooLargeException                                       : loaded 2 times (x 81B)
Class com.google.common.collect.HashBiMap$Inverse                                     : loaded 2 times (x 140B)
Class com.google.common.cache.Cache                                                   : loaded 2 times (x 68B)
Class com.google.common.collect.Maps$EntrySet                                         : loaded 2 times (x 134B)
Class org.gradle.internal.classloader.SystemClassLoaderSpec                           : loaded 2 times (x 69B)
Class com.google.common.util.concurrent.internal.InternalFutureFailureAccess          : loaded 2 times (x 70B)
Class com.google.common.base.Charsets                                                 : loaded 2 times (x 69B)
Class com.google.common.primitives.Ints$IntConverter                                  : loaded 2 times (x 88B)
Class com.google.common.collect.SingletonImmutableSet                                 : loaded 2 times (x 144B)
Class [Lcom.google.common.base.AbstractIterator$State;                                : loaded 2 times (x 67B)
Class com.google.common.collect.ImmutableMap$Builder                                  : loaded 2 times (x 80B)
Class com.google.common.base.AbstractIterator                                         : loaded 2 times (x 78B)
Class org.objectweb.asm.ClassWriter                                                   : loaded 2 times (x 102B)
Class com.google.common.collect.Range                                                 : loaded 2 times (x 85B)
Class com.google.common.base.AbstractIterator$1                                       : loaded 2 times (x 69B)
Class [Lcom.google.common.cache.CacheBuilder$OneWeigher;                              : loaded 2 times (x 67B)
Class com.google.common.collect.Iterators                                             : loaded 2 times (x 69B)
Class com.google.common.base.CharMatcher$Ascii                                        : loaded 2 times (x 110B)
Class com.google.common.base.CharMatcher$1                                            : loaded 2 times (x 111B)
Class com.google.common.cache.LocalCache$ComputingValueReference                      : loaded 2 times (x 94B)
Class com.google.common.collect.ImmutableList$SerializedForm                          : loaded 2 times (x 71B)
Class org.gradle.api.UncheckedIOException                                             : loaded 2 times (x 80B)
Class com.google.common.base.CharMatcher$And                                          : loaded 2 times (x 110B)
Class com.google.common.collect.IndexedImmutableSet                                   : loaded 2 times (x 148B)
Class com.google.common.base.ExtraObjectsMethodsForWeb                                : loaded 2 times (x 69B)
Class com.google.common.collect.IndexedImmutableSet$1                                 : loaded 2 times (x 172B)
Class com.google.common.collect.AbstractListMultimap                                  : loaded 2 times (x 170B)
Class com.google.common.base.CharMatcher$Any                                          : loaded 2 times (x 110B)
Class org.gradle.internal.installation.GradleInstallation                             : loaded 2 times (x 73B)
Class com.google.common.cache.LocalCache$Strength                                     : loaded 2 times (x 79B)
Class com.google.common.collect.AbstractMapBasedMultimap$KeySet                       : loaded 2 times (x 135B)
Class com.google.common.collect.SortedIterable                                        : loaded 2 times (x 68B)
Class com.google.common.collect.ArrayListMultimapGwtSerializationDependencies         : loaded 2 times (x 170B)
Class com.google.common.base.CharMatcher$RangesMatcher                                : loaded 2 times (x 110B)
Class org.objectweb.asm.Handler                                                       : loaded 2 times (x 70B)
Class com.google.common.collect.ImmutableList$SubList                                 : loaded 2 times (x 168B)
Class com.google.common.cache.LocalCache$ValueReference                               : loaded 2 times (x 68B)
Class com.google.common.collect.CollectSpliterators                                   : loaded 2 times (x 69B)
Class org.gradle.internal.classloader.ClasspathUtil                                   : loaded 2 times (x 69B)
Class org.objectweb.asm.CurrentFrame                                                  : loaded 2 times (x 71B)
Class com.google.common.util.concurrent.AbstractFuture                                : loaded 2 times (x 93B)
Class com.google.common.base.Splitter$1                                               : loaded 2 times (x 75B)
Class com.google.common.base.Ticker$1                                                 : loaded 2 times (x 70B)
Class com.google.common.collect.Maps$BiMapConverter                                   : loaded 2 times (x 88B)
Class org.gradle.api.internal.DefaultClassPathRegistry                                : loaded 2 times (x 74B)
Class [Lorg.objectweb.asm.Symbol;                                                     : loaded 2 times (x 67B)
Class com.google.common.util.concurrent.AbstractFuture$Cancellation                   : loaded 2 times (x 70B)
Class com.google.common.collect.ImmutableSet$SetBuilderImpl                           : loaded 2 times (x 74B)
Class org.gradle.api.internal.classpath.DefaultModuleRegistry$DefaultModule           : loaded 2 times (x 84B)
Class com.google.common.base.CharMatcher$JavaIsoControl                               : loaded 2 times (x 110B)
Class com.google.common.collect.ImmutableMap$1                                        : loaded 2 times (x 79B)
Class com.google.common.base.CharMatcher$Or                                           : loaded 2 times (x 110B)
Class com.google.common.base.Suppliers$SupplierOfInstance                             : loaded 2 times (x 77B)
Class org.objectweb.asm.RecordComponentVisitor                                        : loaded 2 times (x 75B)
Class com.google.common.collect.Iterables                                             : loaded 2 times (x 69B)
Class com.google.common.base.CharMatcher$JavaLowerCase                                : loaded 2 times (x 109B)
Class org.objectweb.asm.ClassTooLargeException                                        : loaded 2 times (x 81B)
Class org.gradle.api.internal.classpath.UnknownModuleException                        : loaded 2 times (x 80B)
Class com.google.common.util.concurrent.AbstractFuture$Listener                       : loaded 2 times (x 70B)
Class org.objectweb.asm.Edge                                                          : loaded 2 times (x 70B)
Class com.google.common.collect.Maps$EntryTransformer                                 : loaded 2 times (x 68B)
Class com.google.common.collect.ImmutableCollection$Builder                           : loaded 2 times (x 74B)
Class com.google.common.io.ByteArrayDataInput                                         : loaded 2 times (x 68B)
Class [Lorg.objectweb.asm.SymbolTable$Entry;                                          : loaded 2 times (x 67B)
Class com.google.common.collect.SingletonImmutableBiMap                               : loaded 2 times (x 141B)
Class com.google.common.base.CommonPattern                                            : loaded 2 times (x 72B)
Class com.google.common.base.Suppliers$MemoizingSupplier                              : loaded 2 times (x 77B)
Class com.google.common.base.Suppliers                                                : loaded 2 times (x 69B)
Class org.objectweb.asm.ClassVisitor                                                  : loaded 2 times (x 85B)
Class com.google.common.cache.LoadingCache                                            : loaded 2 times (x 68B)
Class org.gradle.internal.service.ServiceLookupException                              : loaded 2 times (x 80B)
Class org.gradle.cache.GlobalCache                                                    : loaded 2 times (x 68B)
Class com.google.common.base.Present                                                  : loaded 2 times (x 79B)
Class com.google.common.base.CharMatcher$NegatedFastMatcher                           : loaded 2 times (x 111B)
Class [Lorg.gradle.api.internal.ClassPathProvider;                                    : loaded 2 times (x 67B)
Class com.google.common.util.concurrent.AbstractFuture$SafeAtomicHelper               : loaded 2 times (x 77B)
Class org.gradle.util.internal.GUtil                                                  : loaded 2 times (x 69B)
Class com.google.common.math.IntMath                                                  : loaded 2 times (x 69B)
Class com.google.common.collect.AbstractIterator                                      : loaded 2 times (x 80B)
Class org.gradle.internal.classloader.ClassLoaderSpec                                 : loaded 2 times (x 69B)
Class com.google.common.base.NullnessCasts                                            : loaded 2 times (x 69B)
Class org.objectweb.asm.Frame                                                         : loaded 2 times (x 71B)
Class com.google.common.cache.LocalCache$LocalManualCache                             : loaded 2 times (x 97B)
Class com.google.common.collect.AbstractMapEntry                                      : loaded 2 times (x 79B)
Class com.google.common.collect.ImmutableList$Builder                                 : loaded 2 times (x 75B)
Class com.google.common.base.CharMatcher$Negated                                      : loaded 2 times (x 111B)
Class com.google.common.cache.CacheLoader$1                                           : loaded 2 times (x 73B)
Class com.google.common.util.concurrent.AbstractFuture$TrustedFuture                  : loaded 2 times (x 95B)
Class com.google.common.collect.Maps$ViewCachingAbstractMap                           : loaded 2 times (x 123B)
Class com.google.common.collect.Sets                                                  : loaded 2 times (x 69B)
Class com.google.common.collect.ImmutableSet$Builder                                  : loaded 2 times (x 83B)
Class com.google.common.base.CharMatcher$ForPredicate                                 : loaded 2 times (x 110B)
Class com.google.common.collect.ImmutableMap$MapViewOfValuesAsSingletonSets           : loaded 2 times (x 123B)
Class com.google.common.base.MoreObjects                                              : loaded 2 times (x 69B)
Class com.google.common.collect.SortedMapDifference                                   : loaded 2 times (x 68B)
Class org.objectweb.asm.SymbolTable                                                   : loaded 2 times (x 70B)
Class com.google.common.cache.CacheStats                                              : loaded 2 times (x 69B)
Class org.objectweb.asm.Attribute                                                     : loaded 2 times (x 75B)
Class org.gradle.internal.classloader.VisitableURLClassLoader                         : loaded 2 times (x 114B)
Class com.google.common.cache.LocalCache$LocalLoadingCache                            : loaded 2 times (x 132B)
Class com.google.common.base.Supplier                                                 : loaded 2 times (x 68B)
Class com.google.common.collect.HashBiMap$BiEntry                                     : loaded 2 times (x 81B)
Class com.google.common.base.Objects                                                  : loaded 2 times (x 69B)
Class com.google.common.util.concurrent.AbstractFuture$AtomicHelper                   : loaded 2 times (x 76B)
Class com.google.common.collect.ImmutableBiMap                                        : loaded 2 times (x 141B)
Class org.gradle.internal.Cast                                                        : loaded 2 times (x 69B)
Class com.google.common.hash.PrimitiveSink                                            : loaded 2 times (x 68B)
Class Build_gradle                                                                    : loaded 2 times (x 128B)
Class org.gradle.api.internal.ClassPathRegistry                                       : loaded 2 times (x 68B)
Class com.google.common.cache.LocalCache$EntryFactory                                 : loaded 2 times (x 81B)
Class com.google.common.util.concurrent.UncheckedExecutionException                   : loaded 2 times (x 80B)
Class com.google.common.collect.ImmutableSet                                          : loaded 2 times (x 143B)
Class org.gradle.internal.classloader.VisitableURLClassLoader$InstrumentingVisitableURLClassLoader: loaded 2 times (x 120B)
Class org.gradle.internal.classloader.ClassLoaderHierarchy                            : loaded 2 times (x 68B)
Class com.google.common.collect.Lists$ReverseList                                     : loaded 2 times (x 160B)
Class com.google.common.io.Closer$Suppressor                                          : loaded 2 times (x 68B)
Class [Lorg.objectweb.asm.Type;                                                       : loaded 2 times (x 67B)
Class com.google.common.collect.Lists$ReverseList$1                                   : loaded 2 times (x 97B)
Class com.google.common.base.AbstractIterator$State                                   : loaded 2 times (x 77B)
Class com.google.common.cache.Weigher                                                 : loaded 2 times (x 68B)
Class com.google.common.base.CharMatcher$NamedFastMatcher                             : loaded 2 times (x 110B)
Class org.gradle.internal.InternalTransformer                                         : loaded 2 times (x 68B)
Class org.gradle.internal.service.ServiceLocator                                      : loaded 2 times (x 68B)
Class Settings_gradle$1                                                               : loaded 2 times (x 72B)
Class com.google.common.collect.ImmutableRangeSet$1                                   : loaded 2 times (x 169B)
Class com.google.common.util.concurrent.SettableFuture                                : loaded 2 times (x 95B)
Class com.google.common.collect.ImmutableMapEntry                                     : loaded 2 times (x 83B)
Class com.google.common.io.ByteStreams                                                : loaded 2 times (x 69B)
Class com.google.common.base.CharMatcher$Invisible                                    : loaded 2 times (x 110B)
Class com.google.common.base.Joiner$1                                                 : loaded 2 times (x 78B)
Class com.google.common.base.Joiner$2                                                 : loaded 2 times (x 77B)
Class com.google.common.collect.HashBiMap                                             : loaded 2 times (x 141B)
Class com.google.common.base.CharMatcher$FastMatcher                                  : loaded 2 times (x 109B)
Class org.gradle.internal.classpath.DefaultClassPath$ImmutableUniqueList              : loaded 2 times (x 159B)
Class com.google.common.base.CharMatcher$JavaLetter                                   : loaded 2 times (x 109B)
Class org.gradle.internal.classpath.TransformedClassPath                              : loaded 2 times (x 94B)
Class com.google.common.collect.MapDifference                                         : loaded 2 times (x 68B)
Class com.google.common.io.ByteSource$EmptyByteSource                                 : loaded 2 times (x 83B)
Class com.google.common.collect.Sets$1                                                : loaded 2 times (x 137B)
Class com.google.common.collect.Sets$2                                                : loaded 2 times (x 137B)
Class com.google.common.util.concurrent.AbstractFuture$Trusted                        : loaded 2 times (x 68B)
Class com.google.common.collect.Sets$3                                                : loaded 2 times (x 137B)
Class com.google.common.collect.Sets$4                                                : loaded 2 times (x 137B)
Class Settings_gradle                                                                 : loaded 2 times (x 126B)
Class org.objectweb.asm.MethodWriter                                                  : loaded 2 times (x 103B)
Class com.google.common.collect.Platform                                              : loaded 2 times (x 69B)
Class com.google.common.collect.ImmutableAsList                                       : loaded 2 times (x 169B)
Class com.google.common.util.concurrent.ExecutionError                                : loaded 2 times (x 80B)
Class com.google.common.base.Equivalence$Identity                                     : loaded 2 times (x 80B)
Class com.google.common.base.CharMatcher$AnyOf                                        : loaded 2 times (x 110B)
Class com.google.common.base.CharMatcher$IsEither                                     : loaded 2 times (x 109B)
Class com.google.common.io.CharSource                                                 : loaded 2 times (x 83B)
Class com.google.common.cache.LocalCache                                              : loaded 2 times (x 185B)
Class com.google.common.collect.ImmutableRangeSet$Builder                             : loaded 2 times (x 75B)
Class com.google.common.collect.RegularImmutableList                                  : loaded 2 times (x 172B)
Class com.google.common.util.concurrent.AbstractFuture$UnsafeAtomicHelper$1           : loaded 2 times (x 74B)
Class com.google.common.base.CharMatcher$JavaUpperCase                                : loaded 2 times (x 109B)
Class com.google.common.collect.Multiset                                              : loaded 2 times (x 68B)
Class com.google.common.collect.ImmutableSet$CachingAsList                            : loaded 2 times (x 145B)
Class org.objectweb.asm.MethodVisitor                                                 : loaded 2 times (x 102B)
Class com.google.common.collect.AbstractMapBasedMultimap$KeySet$1                     : loaded 2 times (x 80B)
Class com.google.common.collect.ImmutableMapEntry$NonTerminalImmutableMapEntry        : loaded 2 times (x 83B)
Class com.google.common.collect.AbstractMapBasedMultimap                              : loaded 2 times (x 137B)


---------------  S Y S T E M  ---------------

OS:
 Windows 11 , 64 bit Build 22621 (10.0.22621.3235)
OS uptime: 0 days 14:13 hours

CPU: total 8 (initial active 8) (4 cores per cpu, 2 threads per core) family 6 model 140 stepping 1 microcode 0xb4, cx8, cmov, fxsr, ht, mmx, 3dnowpref, sse, sse2, sse3, ssse3, sse4.1, sse4.2, popcnt, lzcnt, tsc, tscinvbit, avx, avx2, aes, erms, clmul, bmi1, bmi2, adx, avx512f, avx512dq, avx512cd, avx512bw, avx512vl, sha, fma, vzeroupper, avx512_vpopcntdq, avx512_vpclmulqdq, avx512_vaes, avx512_vnni, clflush, clflushopt, clwb, avx512_vbmi2, avx512_vbmi

Memory: 4k page, system-wide physical 16106M (2340M free)
TotalPageFile size 19106M (AvailPageFile size 490M)
current process WorkingSet (physical memory assigned to process): 739M, peak: 739M
current process commit charge ("private bytes"): 777M, peak: 1386M

vm_info: OpenJDK 64-Bit Server VM (17.0.7+0-b2043.56-10550314) for windows-amd64 JRE (17.0.7+0-b2043.56-10550314), built on Jul 24 2023 18:27:45 by "androidbuild" with MS VC++ 16.10 / 16.11 (VS2019)

END.
