#
# There is insufficient memory for the Java Runtime Environment to continue.
# Native memory allocation (mmap) failed to map 337641472 bytes for G1 virtual space
# Possible reasons:
#   The system is out of physical RAM or swap space
#   The process is running with CompressedOops enabled, and the Java Heap may be blocking the growth of the native heap
# Possible solutions:
#   Reduce memory load on the system
#   Increase physical memory or swap space
#   Check if swap backing store is full
#   Decrease Java heap size (-Xmx/-Xms)
#   Decrease number of Java threads
#   Decrease Java thread stack sizes (-Xss)
#   Set larger code cache with -XX:ReservedCodeCacheSize=
#   JVM is running with Unscaled Compressed Oops mode in which the Java heap is
#     placed in the first 4GB address space. The Java Heap base address is the
#     maximum limit for the native heap growth. Please use -XX:HeapBaseMinAddress
#     to set the Java Heap base and to place the Java Heap above 4GB virtual address.
# This output file may be truncated or incomplete.
#
#  Out of Memory Error (os_windows.cpp:3771), pid=11468, tid=11888
#
# JRE version: OpenJDK Runtime Environment (17.0.7) (build 17.0.7+0-b2043.56-10550314)
# Java VM: OpenJDK 64-Bit Server VM (17.0.7+0-b2043.56-10550314, mixed mode, tiered, compressed oops, compressed class ptrs, g1 gc, windows-amd64)
# No core dump will be written. Minidumps are not enabled by default on client versions of Windows
#

---------------  S U M M A R Y ------------

Command Line: --add-opens=java.base/java.util=ALL-UNNAMED --add-opens=java.base/java.lang=ALL-UNNAMED --add-opens=java.base/java.lang.invoke=ALL-UNNAMED --add-opens=java.prefs/java.util.prefs=ALL-UNNAMED --add-opens=java.base/java.nio.charset=ALL-UNNAMED --add-opens=java.base/java.net=ALL-UNNAMED --add-opens=java.base/java.util.concurrent.atomic=ALL-UNNAMED -Xmx2048m -Dfile.encoding=UTF-8 -Duser.country=US -Duser.language=en -Duser.variant -javaagent:C:\Users\minhm\.gradle\wrapper\dists\gradle-8.2-bin\bbg7u40eoinfdyxsxr3z4i7ta\gradle-8.2\lib\agents\gradle-instrumentation-agent-8.2.jar org.gradle.launcher.daemon.bootstrap.GradleDaemon 8.2

Host: 11th Gen Intel(R) Core(TM) i5-1135G7 @ 2.40GHz, 8 cores, 15G,  Windows 11 , 64 bit Build 22621 (10.0.22621.3235)
Time: Mon Apr  8 14:08:58 2024 SE Asia Standard Time elapsed time: 1186.354489 seconds (0d 0h 19m 46s)

---------------  T H R E A D  ---------------

Current thread (0x000002caeb7088f0):  VMThread "VM Thread" [stack: 0x000000d1f4500000,0x000000d1f4600000] [id=11888]

Stack: [0x000000d1f4500000,0x000000d1f4600000]
Native frames: (J=compiled Java code, j=interpreted, Vv=VM code, C=native code)
V  [jvm.dll+0x683bfa]
V  [jvm.dll+0x8430a4]
V  [jvm.dll+0x8449be]
V  [jvm.dll+0x845023]
V  [jvm.dll+0x24ad2f]
V  [jvm.dll+0x680ac9]
V  [jvm.dll+0x67519a]
V  [jvm.dll+0x30b3cb]
V  [jvm.dll+0x312876]
V  [jvm.dll+0x36221e]
V  [jvm.dll+0x36244f]
V  [jvm.dll+0x2e14a8]
V  [jvm.dll+0x2df684]
V  [jvm.dll+0x2dec8c]
V  [jvm.dll+0x323b51]
V  [jvm.dll+0x8496eb]
V  [jvm.dll+0x84a424]
V  [jvm.dll+0x84a93d]
V  [jvm.dll+0x84ad14]
V  [jvm.dll+0x84ade0]
V  [jvm.dll+0x7f2aea]
V  [jvm.dll+0x682a35]
C  [ucrtbase.dll+0x29363]
C  [KERNEL32.DLL+0x1257d]
C  [ntdll.dll+0x5aa58]

VM_Operation (0x000000d1fc3fca70): G1TryInitiateConcMark, mode: safepoint, requested by thread 0x000002caf0af3f70


---------------  P R O C E S S  ---------------

Threads class SMR info:
_java_thread_list=0x000002cafccccc50, length=122, elements={
0x000002cad17300c0, 0x000002caeb75f8b0, 0x000002caeb7605f0, 0x000002caeb7a9290,
0x000002caeb7a9d50, 0x000002caeb7acc10, 0x000002caeb7af5d0, 0x000002caeb7b0360,
0x000002caeb7b9b50, 0x000002caeb7ba540, 0x000002caeb39b5b0, 0x000002caeba4b010,
0x000002caf242e020, 0x000002caf087fb10, 0x000002caf0a706d0, 0x000002caf1bd5500,
0x000002caf1bd5030, 0x000002caf1bd6370, 0x000002caf1bd7b80, 0x000002caf1bd71e0,
0x000002caf1bd4b60, 0x000002caf425f700, 0x000002caf425e3c0, 0x000002caf425c210,
0x000002caf425a060, 0x000002caf425a530, 0x000002caf425d550, 0x000002caf425aed0,
0x000002caf425aa00, 0x000002caf425d080, 0x000002caf425ed60, 0x000002caf3dccd40,
0x000002caf40c3930, 0x000002caf0af0a80, 0x000002caf4f719a0, 0x000002caf1e18a90,
0x000002caf1e18f60, 0x000002caf40c2ac0, 0x000002caf1e19430, 0x000002caf0af2760,
0x000002caf40c5140, 0x000002caf0af00e0, 0x000002caf0af05b0, 0x000002caf4f714d0,
0x000002caf28c98f0, 0x000002caf28ca760, 0x000002caf1e1a770, 0x000002caf1e1c920,
0x000002caf1e185c0, 0x000002caf1e1b5e0, 0x000002caf1e1bab0, 0x000002caf1e1ac40,
0x000002caf1e1e600, 0x000002caf1e1d2c0, 0x000002caf1e1dc60, 0x000002caf1e17280,
0x000002caf1e17c20, 0x000002caf1e180f0, 0x000002caf1e19900, 0x000002caf1e19dd0,
0x000002caf1e1b110, 0x000002caf4f749c0, 0x000002caf4f71e70, 0x000002caf4f74020,
0x000002caf4f72ce0, 0x000002caf4f71000, 0x000002caf4f77040, 0x000002caf4f70190,
0x000002caf4f74e90, 0x000002caf4f75830, 0x000002caf4f73680, 0x000002caf4f75360,
0x000002caf4f779e0, 0x000002caf4f72340, 0x000002caf4f72810, 0x000002caf4f731b0,
0x000002caf4f73b50, 0x000002caf4f75d00, 0x000002caf4f766a0, 0x000002caf4f76b70,
0x000002caf4f77510, 0x000002caf40c3e00, 0x000002caf40c9e40, 0x000002caf40c42d0,
0x000002caf40c47a0, 0x000002caf40c6480, 0x000002caf40c25f0, 0x000002caf40c8fd0,
0x000002caf40c2f90, 0x000002caf40c5fb0, 0x000002caf40c4c70, 0x000002caf40c6950,
0x000002caf40c8160, 0x000002caf40c6e20, 0x000002caf40c77c0, 0x000002caf40c8b00,
0x000002caf40c94a0, 0x000002caf40c9970, 0x000002caf28c7270, 0x000002caf28c8a80,
0x000002caf28ca290, 0x000002caf28cc440, 0x000002caf28cb5d0, 0x000002caf28cbf70,
0x000002caf28cc910, 0x000002caf28cd780, 0x000002caf28ce120, 0x000002caf28c68d0,
0x000002caf28c7740, 0x000002caf28c8f50, 0x000002caf28c6da0, 0x000002caf28c9420,
0x000002caf0af6120, 0x000002caf0af65f0, 0x000002caf0f71d90, 0x000002caf0f75f60,
0x000002caf0af6ac0, 0x000002caf0af3f70, 0x000002caf0af6f90, 0x000002caf0af3100,
0x000002caf0aef740, 0x000002caf0af1420
}

Java Threads: ( => current thread )
  0x000002cad17300c0 JavaThread "main" [_thread_blocked, id=13144, stack(0x000000d1f3f00000,0x000000d1f4000000)]
  0x000002caeb75f8b0 JavaThread "Reference Handler" daemon [_thread_blocked, id=19060, stack(0x000000d1f4600000,0x000000d1f4700000)]
  0x000002caeb7605f0 JavaThread "Finalizer" daemon [_thread_blocked, id=4340, stack(0x000000d1f4700000,0x000000d1f4800000)]
  0x000002caeb7a9290 JavaThread "Signal Dispatcher" daemon [_thread_blocked, id=8312, stack(0x000000d1f4800000,0x000000d1f4900000)]
  0x000002caeb7a9d50 JavaThread "Attach Listener" daemon [_thread_blocked, id=18488, stack(0x000000d1f4900000,0x000000d1f4a00000)]
  0x000002caeb7acc10 JavaThread "Service Thread" daemon [_thread_blocked, id=18992, stack(0x000000d1f4a00000,0x000000d1f4b00000)]
  0x000002caeb7af5d0 JavaThread "Monitor Deflation Thread" daemon [_thread_blocked, id=3904, stack(0x000000d1f4b00000,0x000000d1f4c00000)]
  0x000002caeb7b0360 JavaThread "C2 CompilerThread0" daemon [_thread_blocked, id=5448, stack(0x000000d1f4c00000,0x000000d1f4d00000)]
  0x000002caeb7b9b50 JavaThread "C1 CompilerThread0" daemon [_thread_blocked, id=17592, stack(0x000000d1f4d00000,0x000000d1f4e00000)]
  0x000002caeb7ba540 JavaThread "Sweeper thread" daemon [_thread_blocked, id=16892, stack(0x000000d1f4e00000,0x000000d1f4f00000)]
  0x000002caeb39b5b0 JavaThread "Common-Cleaner" daemon [_thread_blocked, id=1964, stack(0x000000d1f4f00000,0x000000d1f5000000)]
  0x000002caeba4b010 JavaThread "Notification Thread" daemon [_thread_blocked, id=4496, stack(0x000000d1f5000000,0x000000d1f5100000)]
  0x000002caf242e020 JavaThread "Daemon health stats" [_thread_blocked, id=19376, stack(0x000000d1f5900000,0x000000d1f5a00000)]
  0x000002caf087fb10 JavaThread "Incoming local TCP Connector on port 54653" [_thread_in_native, id=19348, stack(0x000000d1f5a00000,0x000000d1f5b00000)]
  0x000002caf0a706d0 JavaThread "Daemon periodic checks" [_thread_blocked, id=10736, stack(0x000000d1f5b00000,0x000000d1f5c00000)]
  0x000002caf1bd5500 JavaThread "Cache worker for journal cache (C:\Users\minhm\.gradle\caches\journal-1)" [_thread_blocked, id=8952, stack(0x000000d1f6400000,0x000000d1f6500000)]
  0x000002caf1bd5030 JavaThread "File lock request listener" [_thread_in_native, id=18980, stack(0x000000d1f6500000,0x000000d1f6600000)]
  0x000002caf1bd6370 JavaThread "Cache worker for file hash cache (C:\Users\minhm\.gradle\caches\8.2\fileHashes)" [_thread_blocked, id=10912, stack(0x000000d1f6700000,0x000000d1f6800000)]
  0x000002caf1bd7b80 JavaThread "File watcher server" daemon [_thread_blocked, id=10316, stack(0x000000d1f6600000,0x000000d1f6700000)]
  0x000002caf1bd71e0 JavaThread "File watcher consumer" daemon [_thread_blocked, id=16232, stack(0x000000d1f6800000,0x000000d1f6900000)]
  0x000002caf1bd4b60 JavaThread "Cache worker for file content cache (C:\Users\minhm\.gradle\caches\8.2\fileContent)" [_thread_blocked, id=17952, stack(0x000000d1f6b00000,0x000000d1f6c00000)]
  0x000002caf425f700 JavaThread "Cache worker for execution history cache (C:\Users\minhm\.gradle\caches\8.2\executionHistory)" [_thread_blocked, id=14292, stack(0x000000d1f6e00000,0x000000d1f6f00000)]
  0x000002caf425e3c0 JavaThread "jar transforms" [_thread_blocked, id=8824, stack(0x000000d1f7100000,0x000000d1f7200000)]
  0x000002caf425c210 JavaThread "jar transforms Thread 2" [_thread_blocked, id=13656, stack(0x000000d1f7200000,0x000000d1f7300000)]
  0x000002caf425a060 JavaThread "Cache worker for kotlin-dsl (C:\Users\minhm\.gradle\caches\8.2\kotlin-dsl)" [_thread_blocked, id=16952, stack(0x000000d1f7400000,0x000000d1f7500000)]
  0x000002caf425a530 JavaThread "jar transforms Thread 3" [_thread_blocked, id=6820, stack(0x000000d1f7500000,0x000000d1f7600000)]
  0x000002caf425d550 JavaThread "jar transforms Thread 4" [_thread_blocked, id=9648, stack(0x000000d1f7600000,0x000000d1f7700000)]
  0x000002caf425aed0 JavaThread "jar transforms Thread 5" [_thread_blocked, id=7236, stack(0x000000d1f7700000,0x000000d1f7800000)]
  0x000002caf425aa00 JavaThread "jar transforms Thread 6" [_thread_blocked, id=14468, stack(0x000000d1f7800000,0x000000d1f7900000)]
  0x000002caf425d080 JavaThread "jar transforms Thread 7" [_thread_blocked, id=14652, stack(0x000000d1f7a00000,0x000000d1f7b00000)]
  0x000002caf425ed60 JavaThread "jar transforms Thread 8" [_thread_blocked, id=18640, stack(0x000000d1f7b00000,0x000000d1f7c00000)]
  0x000002caf3dccd40 JavaThread "Memory manager" [_thread_blocked, id=12652, stack(0x000000d1f8500000,0x000000d1f8600000)]
  0x000002caf40c3930 JavaThread "pool-3-thread-1" [_thread_blocked, id=7076, stack(0x000000d1f8600000,0x000000d1f8700000)]
  0x000002caf0af0a80 JavaThread "Cache worker for Java compile cache (C:\Users\minhm\.gradle\caches\8.2\javaCompile)" [_thread_blocked, id=7872, stack(0x000000d1fe500000,0x000000d1fe600000)]
  0x000002caf4f719a0 JavaThread "pool-8-thread-1" [_thread_blocked, id=12656, stack(0x000000d1f8400000,0x000000d1f8500000)]
  0x000002caf1e18a90 JavaThread "pool-11-thread-1" [_thread_blocked, id=16492, stack(0x000000d1f8a00000,0x000000d1f8b00000)]
  0x000002caf1e18f60 JavaThread "pool-14-thread-1" [_thread_blocked, id=8784, stack(0x000000d1f8300000,0x000000d1f8400000)]
  0x000002caf40c2ac0 JavaThread "ForkJoinPool.commonPool-worker-9" daemon [_thread_blocked, id=8744, stack(0x000000d1fb100000,0x000000d1fb200000)]
  0x000002caf1e19430 JavaThread "pool-18-thread-1" [_thread_blocked, id=6996, stack(0x000000d1f8d00000,0x000000d1f8e00000)]
  0x000002caf0af2760 JavaThread "pool-21-thread-1" [_thread_blocked, id=2424, stack(0x000000d1f8c00000,0x000000d1f8d00000)]
  0x000002caf40c5140 JavaThread "pool-24-thread-1" [_thread_blocked, id=13540, stack(0x000000d1f8200000,0x000000d1f8300000)]
  0x000002caf0af00e0 JavaThread "ForkJoinPool.commonPool-worker-15" daemon [_thread_blocked, id=19448, stack(0x000000d1f6f00000,0x000000d1f7000000)]
  0x000002caf0af05b0 JavaThread "ForkJoinPool.commonPool-worker-16" daemon [_thread_blocked, id=1320, stack(0x000000d1fc100000,0x000000d1fc200000)]
  0x000002caf4f714d0 JavaThread "pool-29-thread-1" [_thread_blocked, id=16428, stack(0x000000d1f8e00000,0x000000d1f8f00000)]
  0x000002caf28c98f0 JavaThread "ForkJoinPool.commonPool-worker-21" daemon [_thread_blocked, id=16188, stack(0x000000d1fb900000,0x000000d1fba00000)]
  0x000002caf28ca760 JavaThread "ForkJoinPool.commonPool-worker-22" daemon [_thread_blocked, id=14036, stack(0x000000d1fba00000,0x000000d1fbb00000)]
  0x000002caf1e1a770 JavaThread "Daemon Thread 6" [_thread_blocked, id=7944, stack(0x000000d1f3c00000,0x000000d1f3d00000)]
  0x000002caf1e1c920 JavaThread "Handler for socket connection from /127.0.0.1:54653 to /127.0.0.1:55707" [_thread_in_native, id=16276, stack(0x000000d1f3d00000,0x000000d1f3e00000)]
  0x000002caf1e185c0 JavaThread "Cancel handler" [_thread_blocked, id=12712, stack(0x000000d1f3e00000,0x000000d1f3f00000)]
  0x000002caf1e1b5e0 JavaThread "Daemon worker Thread 6" [_thread_blocked, id=7632, stack(0x000000d1f5c00000,0x000000d1f5d00000)]
  0x000002caf1e1bab0 JavaThread "Asynchronous log dispatcher for DefaultDaemonConnection: socket connection from /127.0.0.1:54653 to /127.0.0.1:55707" [_thread_blocked, id=15988, stack(0x000000d1f5d00000,0x000000d1f5e00000)]
  0x000002caf1e1ac40 JavaThread "Stdin handler" [_thread_blocked, id=3456, stack(0x000000d1f5e00000,0x000000d1f5f00000)]
  0x000002caf1e1e600 JavaThread "Daemon client event forwarder" [_thread_blocked, id=4480, stack(0x000000d1f5f00000,0x000000d1f6000000)]
  0x000002caf1e1d2c0 JavaThread "Cache worker for checksums cache (D:\study\Android\appBaoHanh\.gradle\8.2\checksums)" [_thread_blocked, id=15132, stack(0x000000d1f6000000,0x000000d1f6100000)]
  0x000002caf1e1dc60 JavaThread "Cache worker for cache directory md-rule (C:\Users\minhm\.gradle\caches\8.2\md-rule)" [_thread_blocked, id=3568, stack(0x000000d1f6100000,0x000000d1f6200000)]
  0x000002caf1e17280 JavaThread "Cache worker for file hash cache (D:\study\Android\appBaoHanh\.gradle\8.2\fileHashes)" [_thread_blocked, id=5384, stack(0x000000d1f6200000,0x000000d1f6300000)]
  0x000002caf1e17c20 JavaThread "Cache worker for cache directory md-supplier (C:\Users\minhm\.gradle\caches\8.2\md-supplier)" [_thread_blocked, id=16516, stack(0x000000d1f6900000,0x000000d1f6a00000)]
  0x000002caf1e180f0 JavaThread "Cache worker for dependencies-accessors (D:\study\Android\appBaoHanh\.gradle\8.2\dependencies-accessors)" [_thread_blocked, id=7648, stack(0x000000d1f6a00000,0x000000d1f6b00000)]
  0x000002caf1e19900 JavaThread "Cache worker for Build Output Cleanup Cache (D:\study\Android\appBaoHanh\.gradle\buildOutputCleanup)" [_thread_blocked, id=8924, stack(0x000000d1f6c00000,0x000000d1f6d00000)]
  0x000002caf1e19dd0 JavaThread "Unconstrained build operations" [_thread_blocked, id=8288, stack(0x000000d1f7300000,0x000000d1f7400000)]
  0x000002caf1e1b110 JavaThread "Unconstrained build operations Thread 2" [_thread_blocked, id=14608, stack(0x000000d1f7900000,0x000000d1f7a00000)]
  0x000002caf4f749c0 JavaThread "Unconstrained build operations Thread 3" [_thread_blocked, id=3712, stack(0x000000d1f7c00000,0x000000d1f7d00000)]
  0x000002caf4f71e70 JavaThread "Unconstrained build operations Thread 4" [_thread_blocked, id=8068, stack(0x000000d1f7d00000,0x000000d1f7e00000)]
  0x000002caf4f74020 JavaThread "Unconstrained build operations Thread 5" [_thread_blocked, id=18856, stack(0x000000d1f7e00000,0x000000d1f7f00000)]
  0x000002caf4f72ce0 JavaThread "Unconstrained build operations Thread 6" [_thread_blocked, id=7416, stack(0x000000d1f7f00000,0x000000d1f8000000)]
  0x000002caf4f71000 JavaThread "Unconstrained build operations Thread 7" [_thread_blocked, id=8440, stack(0x000000d1f8000000,0x000000d1f8100000)]
  0x000002caf4f77040 JavaThread "build event listener" [_thread_blocked, id=15500, stack(0x000000d1f6d00000,0x000000d1f6e00000)]
  0x000002caf4f70190 JavaThread "pool-34-thread-1" [_thread_blocked, id=8716, stack(0x000000d1f8b00000,0x000000d1f8c00000)]
  0x000002caf4f74e90 JavaThread "build event listener" [_thread_blocked, id=17208, stack(0x000000d1f8f00000,0x000000d1f9000000)]
  0x000002caf4f75830 JavaThread "included builds" [_thread_blocked, id=7596, stack(0x000000d1f9000000,0x000000d1f9100000)]
  0x000002caf4f73680 JavaThread "Execution worker" [_thread_blocked, id=19300, stack(0x000000d1f9100000,0x000000d1f9200000)]
  0x000002caf4f75360 JavaThread "Execution worker Thread 2" [_thread_blocked, id=2116, stack(0x000000d1f9200000,0x000000d1f9300000)]
  0x000002caf4f779e0 JavaThread "Execution worker Thread 3" [_thread_blocked, id=11428, stack(0x000000d1f9300000,0x000000d1f9400000)]
  0x000002caf4f72340 JavaThread "Execution worker Thread 4" [_thread_blocked, id=9492, stack(0x000000d1f9400000,0x000000d1f9500000)]
  0x000002caf4f72810 JavaThread "Execution worker Thread 5" [_thread_blocked, id=12148, stack(0x000000d1f9500000,0x000000d1f9600000)]
  0x000002caf4f731b0 JavaThread "Execution worker Thread 6" [_thread_blocked, id=3636, stack(0x000000d1f9600000,0x000000d1f9700000)]
  0x000002caf4f73b50 JavaThread "Execution worker Thread 7" [_thread_blocked, id=19100, stack(0x000000d1f9700000,0x000000d1f9800000)]
  0x000002caf4f75d00 JavaThread "Cache worker for execution history cache (D:\study\Android\appBaoHanh\.gradle\8.2\executionHistory)" [_thread_blocked, id=5600, stack(0x000000d1f9800000,0x000000d1f9900000)]
  0x000002caf4f766a0 JavaThread "Unconstrained build operations Thread 8" [_thread_blocked, id=12720, stack(0x000000d1f9900000,0x000000d1f9a00000)]
  0x000002caf4f76b70 JavaThread "Unconstrained build operations Thread 9" [_thread_blocked, id=19172, stack(0x000000d1f9a00000,0x000000d1f9b00000)]
  0x000002caf4f77510 JavaThread "Unconstrained build operations Thread 10" [_thread_blocked, id=12412, stack(0x000000d1f9b00000,0x000000d1f9c00000)]
  0x000002caf40c3e00 JavaThread "Unconstrained build operations Thread 11" [_thread_blocked, id=6104, stack(0x000000d1f9c00000,0x000000d1f9d00000)]
  0x000002caf40c9e40 JavaThread "Unconstrained build operations Thread 12" [_thread_blocked, id=7756, stack(0x000000d1f9d00000,0x000000d1f9e00000)]
  0x000002caf40c42d0 JavaThread "Unconstrained build operations Thread 13" [_thread_blocked, id=10200, stack(0x000000d1f9e00000,0x000000d1f9f00000)]
  0x000002caf40c47a0 JavaThread "Unconstrained build operations Thread 14" [_thread_blocked, id=15064, stack(0x000000d1f9f00000,0x000000d1fa000000)]
  0x000002caf40c6480 JavaThread "Unconstrained build operations Thread 15" [_thread_blocked, id=18476, stack(0x000000d1fa100000,0x000000d1fa200000)]
  0x000002caf40c25f0 JavaThread "Unconstrained build operations Thread 16" [_thread_blocked, id=6872, stack(0x000000d1fa200000,0x000000d1fa300000)]
  0x000002caf40c8fd0 JavaThread "Unconstrained build operations Thread 17" [_thread_blocked, id=12892, stack(0x000000d1fa300000,0x000000d1fa400000)]
  0x000002caf40c2f90 JavaThread "Unconstrained build operations Thread 18" [_thread_blocked, id=18448, stack(0x000000d1fa400000,0x000000d1fa500000)]
  0x000002caf40c5fb0 JavaThread "Unconstrained build operations Thread 19" [_thread_blocked, id=15588, stack(0x000000d1fa500000,0x000000d1fa600000)]
  0x000002caf40c4c70 JavaThread "Unconstrained build operations Thread 20" [_thread_blocked, id=17260, stack(0x000000d1fa600000,0x000000d1fa700000)]
  0x000002caf40c6950 JavaThread "WorkerExecutor Queue" [_thread_blocked, id=4716, stack(0x000000d1fa700000,0x000000d1fa800000)]
  0x000002caf40c8160 JavaThread "WorkerExecutor Queue Thread 2" [_thread_blocked, id=12660, stack(0x000000d1fa800000,0x000000d1fa900000)]
  0x000002caf40c6e20 JavaThread "Unconstrained build operations Thread 21" [_thread_blocked, id=16800, stack(0x000000d1fa900000,0x000000d1faa00000)]
  0x000002caf40c77c0 JavaThread "Unconstrained build operations Thread 22" [_thread_blocked, id=8280, stack(0x000000d1faa00000,0x000000d1fab00000)]
  0x000002caf40c8b00 JavaThread "Unconstrained build operations Thread 23" [_thread_blocked, id=14276, stack(0x000000d1fab00000,0x000000d1fac00000)]
  0x000002caf40c94a0 JavaThread "WorkerExecutor Queue Thread 3" [_thread_blocked, id=17248, stack(0x000000d1fac00000,0x000000d1fad00000)]
  0x000002caf40c9970 JavaThread "Unconstrained build operations Thread 24" [_thread_blocked, id=11804, stack(0x000000d1fad00000,0x000000d1fae00000)]
  0x000002caf28c7270 JavaThread "Unconstrained build operations Thread 25" [_thread_blocked, id=13304, stack(0x000000d1fae00000,0x000000d1faf00000)]
  0x000002caf28c8a80 JavaThread "Unconstrained build operations Thread 26" [_thread_blocked, id=3772, stack(0x000000d1faf00000,0x000000d1fb000000)]
  0x000002caf28ca290 JavaThread "Unconstrained build operations Thread 27" [_thread_blocked, id=11572, stack(0x000000d1fb000000,0x000000d1fb100000)]
  0x000002caf28cc440 JavaThread "Unconstrained build operations Thread 28" [_thread_blocked, id=13360, stack(0x000000d1fb200000,0x000000d1fb300000)]
  0x000002caf28cb5d0 JavaThread "Unconstrained build operations Thread 29" [_thread_blocked, id=15816, stack(0x000000d1fb300000,0x000000d1fb400000)]
  0x000002caf28cbf70 JavaThread "Unconstrained build operations Thread 30" [_thread_blocked, id=19176, stack(0x000000d1fb400000,0x000000d1fb500000)]
  0x000002caf28cc910 JavaThread "pool-35-thread-1" [_thread_blocked, id=5580, stack(0x000000d1fb500000,0x000000d1fb600000)]
  0x000002caf28cd780 JavaThread "stderr" [_thread_in_native, id=19356, stack(0x000000d1fb600000,0x000000d1fb700000)]
  0x000002caf28ce120 JavaThread "stdout" [_thread_in_native, id=4256, stack(0x000000d1fb700000,0x000000d1fb800000)]
  0x000002caf28c68d0 JavaThread "Build operations" [_thread_blocked, id=18960, stack(0x000000d1f8100000,0x000000d1f8200000)]
  0x000002caf28c7740 JavaThread "Build operations Thread 2" [_thread_blocked, id=4676, stack(0x000000d1fa000000,0x000000d1fa100000)]
  0x000002caf28c8f50 JavaThread "Build operations Thread 3" [_thread_blocked, id=628, stack(0x000000d1fb800000,0x000000d1fb900000)]
  0x000002caf28c6da0 JavaThread "Build operations Thread 4" [_thread_blocked, id=15376, stack(0x000000d1fbb00000,0x000000d1fbc00000)]
  0x000002caf28c9420 JavaThread "Build operations Thread 5" [_thread_blocked, id=12464, stack(0x000000d1fbc00000,0x000000d1fbd00000)]
  0x000002caf0af6120 JavaThread "Build operations Thread 6" [_thread_blocked, id=6060, stack(0x000000d1fbd00000,0x000000d1fbe00000)]
  0x000002caf0af65f0 JavaThread "Build operations Thread 7" [_thread_blocked, id=1180, stack(0x000000d1fbe00000,0x000000d1fbf00000)]
  0x000002caf0f71d90 JavaThread "C2 CompilerThread1" daemon [_thread_in_native, id=2768, stack(0x000000d1fbf00000,0x000000d1fc000000)]
  0x000002caf0f75f60 JavaThread "C2 CompilerThread2" daemon [_thread_blocked, id=5612, stack(0x000000d1fc000000,0x000000d1fc100000)]
  0x000002caf0af6ac0 JavaThread "WorkerExecutor Queue Thread 4" [_thread_blocked, id=17348, stack(0x000000d1fc200000,0x000000d1fc300000)]
  0x000002caf0af3f70 JavaThread "WorkerExecutor Queue Thread 5" [_thread_blocked, id=11776, stack(0x000000d1fc300000,0x000000d1fc400000)]
  0x000002caf0af6f90 JavaThread "WorkerExecutor Queue Thread 6" [_thread_blocked, id=17048, stack(0x000000d1fc400000,0x000000d1fc500000)]
  0x000002caf0af3100 JavaThread "WorkerExecutor Queue Thread 7" [_thread_blocked, id=8956, stack(0x000000d1fc500000,0x000000d1fc600000)]
  0x000002caf0aef740 JavaThread "WorkerExecutor Queue Thread 8" [_thread_blocked, id=16584, stack(0x000000d1fc600000,0x000000d1fc700000)]
  0x000002caf0af1420 JavaThread "WorkerExecutor Queue Thread 9" [_thread_blocked, id=10652, stack(0x000000d1fc700000,0x000000d1fc800000)]

Other Threads:
=>0x000002caeb7088f0 VMThread "VM Thread" [stack: 0x000000d1f4500000,0x000000d1f4600000] [id=11888]
  0x000002cad1730f30 WatcherThread [stack: 0x000000d1f5100000,0x000000d1f5200000] [id=9072]
  0x000002cad178d2f0 GCTaskThread "GC Thread#0" [stack: 0x000000d1f4000000,0x000000d1f4100000] [id=19240]
  0x000002caf0c742a0 GCTaskThread "GC Thread#1" [stack: 0x000000d1f5300000,0x000000d1f5400000] [id=19232]
  0x000002caf01bfab0 GCTaskThread "GC Thread#2" [stack: 0x000000d1f5400000,0x000000d1f5500000] [id=1240]
  0x000002caf01bfd60 GCTaskThread "GC Thread#3" [stack: 0x000000d1f5500000,0x000000d1f5600000] [id=5520]
  0x000002caf01c0010 GCTaskThread "GC Thread#4" [stack: 0x000000d1f5600000,0x000000d1f5700000] [id=13416]
  0x000002caf0c3c7b0 GCTaskThread "GC Thread#5" [stack: 0x000000d1f5700000,0x000000d1f5800000] [id=1452]
  0x000002caf255b010 GCTaskThread "GC Thread#6" [stack: 0x000000d1f5200000,0x000000d1f5300000] [id=14248]
  0x000002caf346d000 GCTaskThread "GC Thread#7" [stack: 0x000000d1f5800000,0x000000d1f5900000] [id=18932]
  0x000002cad179e230 ConcurrentGCThread "G1 Main Marker" [stack: 0x000000d1f4100000,0x000000d1f4200000] [id=18220]
  0x000002cad179ec40 ConcurrentGCThread "G1 Conc#0" [stack: 0x000000d1f4200000,0x000000d1f4300000] [id=5468]
  0x000002caf25552e0 ConcurrentGCThread "G1 Conc#1" [stack: 0x000000d1f6300000,0x000000d1f6400000] [id=19452]
  0x000002cad17ee760 ConcurrentGCThread "G1 Refine#0" [stack: 0x000000d1f4300000,0x000000d1f4400000] [id=8724]
  0x000002caf239dab0 ConcurrentGCThread "G1 Refine#1" [stack: 0x000000d1f7000000,0x000000d1f7100000] [id=9080]
  0x000002caf43387f0 ConcurrentGCThread "G1 Refine#2" [stack: 0x000000d1f8700000,0x000000d1f8800000] [id=19332]
  0x000002caf4339c10 ConcurrentGCThread "G1 Refine#3" [stack: 0x000000d1f8800000,0x000000d1f8900000] [id=3524]
  0x000002caf4338ad0 ConcurrentGCThread "G1 Refine#4" [stack: 0x000000d1f8900000,0x000000d1f8a00000] [id=3732]
  0x000002caeb265d50 ConcurrentGCThread "G1 Service" [stack: 0x000000d1f4400000,0x000000d1f4500000] [id=12448]

Threads with active compile tasks:
C2 CompilerThread0  1186377 28600       4       java.util.TimSort::mergeHi (732 bytes)
C1 CompilerThread0  1186377 28609       3       com.android.tools.r8.dex.code.X0::a (55 bytes)
C2 CompilerThread1  1186377 28181 %     4       com.android.tools.r8.internal.l3::b @ 2106 (2179 bytes)
C2 CompilerThread2  1186377 28601       4       java.util.TimSort::mergeLo (659 bytes)

VM state: at safepoint (normal execution)

VM Mutex/Monitor currently owned by a thread:  ([mutex/lock_event])
[0x000002cad172b190] Threads_lock - owner thread: 0x000002caeb7088f0
[0x000002cad1729f00] Heap_lock - owner thread: 0x000002caf0af3f70

Heap address: 0x0000000080000000, size: 2048 MB, Compressed Oops mode: 32-bit

CDS archive(s) not mapped
Compressed class space mapped at: 0x0000000100000000-0x0000000140000000, reserved size: 1073741824
Narrow klass base: 0x0000000000000000, Narrow klass shift: 3, Narrow klass range: 0x140000000

GC Precious Log:
 CPUs: 8 total, 8 available
 Memory: 16106M
 Large Page Support: Disabled
 NUMA Support: Disabled
 Compressed Oops: Enabled (32-bit)
 Heap Region Size: 1M
 Heap Min Capacity: 8M
 Heap Initial Capacity: 252M
 Heap Max Capacity: 2G
 Pre-touch: Disabled
 Parallel Workers: 8
 Concurrent Workers: 2
 Concurrent Refinement Workers: 8
 Periodic GC: Disabled

Heap:
 garbage-first heap   total 452608K, used 147182K [0x0000000080000000, 0x0000000100000000)
  region size 1024K, 3 young (3072K), 3 survivors (3072K)
 Metaspace       used 151428K, committed 152832K, reserved 1245184K
  class space    used 20074K, committed 20736K, reserved 1048576K

Heap Regions: E=young(eden), S=young(survivor), O=old, HS=humongous(starts), HC=humongous(continues), CS=collection set, F=free, OA=open archive, CA=closed archive, TAMS=top-at-mark-start (previous, next)
|   0|0x0000000080000000, 0x0000000080100000, 0x0000000080100000|100%|HS|  |TAMS 0x0000000080100000, 0x0000000080100000| Complete 
|   1|0x0000000080100000, 0x0000000080200000, 0x0000000080200000|100%|HC|  |TAMS 0x0000000080200000, 0x0000000080200000| Complete 
|   2|0x0000000080200000, 0x0000000080300000, 0x0000000080300000|100%|HC|  |TAMS 0x0000000080300000, 0x0000000080300000| Complete 
|   3|0x0000000080300000, 0x0000000080400000, 0x0000000080400000|100%|HC|  |TAMS 0x0000000080400000, 0x0000000080400000| Complete 
|   4|0x0000000080400000, 0x0000000080500000, 0x0000000080500000|100%| O|  |TAMS 0x0000000080500000, 0x0000000080500000| Untracked 
|   5|0x0000000080500000, 0x0000000080600000, 0x0000000080600000|100%| O|  |TAMS 0x0000000080600000, 0x0000000080600000| Untracked 
|   6|0x0000000080600000, 0x0000000080700000, 0x0000000080700000|100%| O|  |TAMS 0x0000000080700000, 0x0000000080700000| Untracked 
|   7|0x0000000080700000, 0x0000000080800000, 0x0000000080800000|100%| O|  |TAMS 0x0000000080800000, 0x0000000080800000| Untracked 
|   8|0x0000000080800000, 0x0000000080900000, 0x0000000080900000|100%| O|  |TAMS 0x0000000080900000, 0x0000000080900000| Untracked 
|   9|0x0000000080900000, 0x0000000080a00000, 0x0000000080a00000|100%| O|  |TAMS 0x0000000080a00000, 0x0000000080a00000| Untracked 
|  10|0x0000000080a00000, 0x0000000080b00000, 0x0000000080b00000|100%| O|  |TAMS 0x0000000080b00000, 0x0000000080b00000| Untracked 
|  11|0x0000000080b00000, 0x0000000080c00000, 0x0000000080c00000|100%| O|  |TAMS 0x0000000080c00000, 0x0000000080c00000| Untracked 
|  12|0x0000000080c00000, 0x0000000080d00000, 0x0000000080d00000|100%| O|  |TAMS 0x0000000080d00000, 0x0000000080d00000| Untracked 
|  13|0x0000000080d00000, 0x0000000080e00000, 0x0000000080e00000|100%| O|  |TAMS 0x0000000080e00000, 0x0000000080e00000| Untracked 
|  14|0x0000000080e00000, 0x0000000080f00000, 0x0000000080f00000|100%| O|  |TAMS 0x0000000080f00000, 0x0000000080f00000| Untracked 
|  15|0x0000000080f00000, 0x0000000081000000, 0x0000000081000000|100%| O|  |TAMS 0x0000000081000000, 0x0000000081000000| Untracked 
|  16|0x0000000081000000, 0x0000000081100000, 0x0000000081100000|100%| O|  |TAMS 0x0000000081100000, 0x0000000081100000| Untracked 
|  17|0x0000000081100000, 0x0000000081200000, 0x0000000081200000|100%| O|  |TAMS 0x0000000081200000, 0x0000000081200000| Untracked 
|  18|0x0000000081200000, 0x0000000081300000, 0x0000000081300000|100%| O|  |TAMS 0x0000000081300000, 0x0000000081300000| Untracked 
|  19|0x0000000081300000, 0x0000000081400000, 0x0000000081400000|100%| O|  |TAMS 0x0000000081400000, 0x0000000081400000| Untracked 
|  20|0x0000000081400000, 0x0000000081500000, 0x0000000081500000|100%| O|  |TAMS 0x0000000081500000, 0x0000000081500000| Untracked 
|  21|0x0000000081500000, 0x0000000081600000, 0x0000000081600000|100%| O|  |TAMS 0x0000000081600000, 0x0000000081600000| Untracked 
|  22|0x0000000081600000, 0x0000000081700000, 0x0000000081700000|100%| O|  |TAMS 0x0000000081700000, 0x0000000081700000| Untracked 
|  23|0x0000000081700000, 0x0000000081800000, 0x0000000081800000|100%| O|  |TAMS 0x0000000081800000, 0x0000000081800000| Untracked 
|  24|0x0000000081800000, 0x0000000081900000, 0x0000000081900000|100%| O|  |TAMS 0x0000000081900000, 0x0000000081900000| Untracked 
|  25|0x0000000081900000, 0x0000000081a00000, 0x0000000081a00000|100%| O|  |TAMS 0x0000000081a00000, 0x0000000081a00000| Untracked 
|  26|0x0000000081a00000, 0x0000000081b00000, 0x0000000081b00000|100%| O|  |TAMS 0x0000000081b00000, 0x0000000081b00000| Untracked 
|  27|0x0000000081b00000, 0x0000000081c00000, 0x0000000081c00000|100%| O|  |TAMS 0x0000000081c00000, 0x0000000081c00000| Untracked 
|  28|0x0000000081c00000, 0x0000000081d00000, 0x0000000081d00000|100%| O|  |TAMS 0x0000000081d00000, 0x0000000081d00000| Untracked 
|  29|0x0000000081d00000, 0x0000000081e00000, 0x0000000081e00000|100%| O|  |TAMS 0x0000000081e00000, 0x0000000081e00000| Untracked 
|  30|0x0000000081e00000, 0x0000000081f00000, 0x0000000081f00000|100%| O|  |TAMS 0x0000000081f00000, 0x0000000081f00000| Untracked 
|  31|0x0000000081f00000, 0x0000000082000000, 0x0000000082000000|100%| O|  |TAMS 0x0000000082000000, 0x0000000082000000| Untracked 
|  32|0x0000000082000000, 0x0000000082100000, 0x0000000082100000|100%| O|  |TAMS 0x0000000082100000, 0x0000000082100000| Untracked 
|  33|0x0000000082100000, 0x0000000082200000, 0x0000000082200000|100%|HS|  |TAMS 0x0000000082200000, 0x0000000082200000| Complete 
|  34|0x0000000082200000, 0x0000000082300000, 0x0000000082300000|100%|HS|  |TAMS 0x0000000082300000, 0x0000000082300000| Complete 
|  35|0x0000000082300000, 0x0000000082400000, 0x0000000082400000|100%|HS|  |TAMS 0x0000000082400000, 0x0000000082400000| Complete 
|  36|0x0000000082400000, 0x0000000082500000, 0x0000000082500000|100%| O|  |TAMS 0x0000000082500000, 0x0000000082500000| Untracked 
|  37|0x0000000082500000, 0x0000000082600000, 0x0000000082600000|100%| O|  |TAMS 0x0000000082600000, 0x0000000082600000| Untracked 
|  38|0x0000000082600000, 0x0000000082700000, 0x0000000082700000|100%| O|  |TAMS 0x0000000082700000, 0x0000000082700000| Untracked 
|  39|0x0000000082700000, 0x0000000082800000, 0x0000000082800000|100%| O|  |TAMS 0x0000000082800000, 0x0000000082800000| Untracked 
|  40|0x0000000082800000, 0x0000000082800000, 0x0000000082900000|  0%| F|  |TAMS 0x0000000082800000, 0x0000000082800000| Untracked 
|  41|0x0000000082900000, 0x0000000082a00000, 0x0000000082a00000|100%|HS|  |TAMS 0x0000000082a00000, 0x0000000082a00000| Complete 
|  42|0x0000000082a00000, 0x0000000082b00000, 0x0000000082b00000|100%|HS|  |TAMS 0x0000000082b00000, 0x0000000082b00000| Complete 
|  43|0x0000000082b00000, 0x0000000082c00000, 0x0000000082c00000|100%| O|  |TAMS 0x0000000082c00000, 0x0000000082c00000| Untracked 
|  44|0x0000000082c00000, 0x0000000082d00000, 0x0000000082d00000|100%| O|  |TAMS 0x0000000082d00000, 0x0000000082d00000| Untracked 
|  45|0x0000000082d00000, 0x0000000082e00000, 0x0000000082e00000|100%| O|  |TAMS 0x0000000082e00000, 0x0000000082e00000| Untracked 
|  46|0x0000000082e00000, 0x0000000082f00000, 0x0000000082f00000|100%| O|  |TAMS 0x0000000082f00000, 0x0000000082f00000| Untracked 
|  47|0x0000000082f00000, 0x0000000083000000, 0x0000000083000000|100%| O|  |TAMS 0x0000000083000000, 0x0000000083000000| Untracked 
|  48|0x0000000083000000, 0x0000000083100000, 0x0000000083100000|100%| O|  |TAMS 0x0000000083100000, 0x0000000083100000| Untracked 
|  49|0x0000000083100000, 0x0000000083200000, 0x0000000083200000|100%| O|  |TAMS 0x0000000083200000, 0x0000000083200000| Untracked 
|  50|0x0000000083200000, 0x0000000083300000, 0x0000000083300000|100%| O|  |TAMS 0x0000000083300000, 0x0000000083300000| Untracked 
|  51|0x0000000083300000, 0x0000000083400000, 0x0000000083400000|100%| O|  |TAMS 0x0000000083400000, 0x0000000083400000| Untracked 
|  52|0x0000000083400000, 0x0000000083500000, 0x0000000083500000|100%| O|  |TAMS 0x0000000083500000, 0x0000000083500000| Untracked 
|  53|0x0000000083500000, 0x0000000083600000, 0x0000000083600000|100%| O|  |TAMS 0x0000000083600000, 0x0000000083600000| Untracked 
|  54|0x0000000083600000, 0x0000000083700000, 0x0000000083700000|100%| O|  |TAMS 0x0000000083700000, 0x0000000083700000| Untracked 
|  55|0x0000000083700000, 0x0000000083800000, 0x0000000083800000|100%| O|  |TAMS 0x0000000083800000, 0x0000000083800000| Untracked 
|  56|0x0000000083800000, 0x0000000083900000, 0x0000000083900000|100%| O|  |TAMS 0x0000000083900000, 0x0000000083900000| Untracked 
|  57|0x0000000083900000, 0x0000000083a00000, 0x0000000083a00000|100%| O|  |TAMS 0x0000000083a00000, 0x0000000083a00000| Untracked 
|  58|0x0000000083a00000, 0x0000000083b00000, 0x0000000083b00000|100%| O|  |TAMS 0x0000000083b00000, 0x0000000083b00000| Untracked 
|  59|0x0000000083b00000, 0x0000000083c00000, 0x0000000083c00000|100%| O|  |TAMS 0x0000000083c00000, 0x0000000083c00000| Untracked 
|  60|0x0000000083c00000, 0x0000000083d00000, 0x0000000083d00000|100%| O|  |TAMS 0x0000000083d00000, 0x0000000083d00000| Untracked 
|  61|0x0000000083d00000, 0x0000000083e00000, 0x0000000083e00000|100%| O|  |TAMS 0x0000000083e00000, 0x0000000083e00000| Untracked 
|  62|0x0000000083e00000, 0x0000000083f00000, 0x0000000083f00000|100%| O|  |TAMS 0x0000000083f00000, 0x0000000083f00000| Untracked 
|  63|0x0000000083f00000, 0x0000000084000000, 0x0000000084000000|100%| O|  |TAMS 0x0000000084000000, 0x0000000084000000| Untracked 
|  64|0x0000000084000000, 0x0000000084100000, 0x0000000084100000|100%| O|  |TAMS 0x0000000084100000, 0x0000000084100000| Untracked 
|  65|0x0000000084100000, 0x0000000084200000, 0x0000000084200000|100%| O|  |TAMS 0x0000000084200000, 0x0000000084200000| Untracked 
|  66|0x0000000084200000, 0x0000000084300000, 0x0000000084300000|100%| O|  |TAMS 0x0000000084300000, 0x0000000084300000| Untracked 
|  67|0x0000000084300000, 0x0000000084400000, 0x0000000084400000|100%| O|  |TAMS 0x0000000084400000, 0x0000000084400000| Untracked 
|  68|0x0000000084400000, 0x0000000084500000, 0x0000000084500000|100%| O|  |TAMS 0x0000000084500000, 0x0000000084500000| Untracked 
|  69|0x0000000084500000, 0x0000000084600000, 0x0000000084600000|100%| O|  |TAMS 0x0000000084600000, 0x0000000084600000| Untracked 
|  70|0x0000000084600000, 0x0000000084700000, 0x0000000084700000|100%| O|  |TAMS 0x0000000084700000, 0x0000000084700000| Untracked 
|  71|0x0000000084700000, 0x0000000084800000, 0x0000000084800000|100%| O|  |TAMS 0x0000000084800000, 0x0000000084800000| Untracked 
|  72|0x0000000084800000, 0x0000000084900000, 0x0000000084900000|100%| O|  |TAMS 0x0000000084900000, 0x0000000084900000| Untracked 
|  73|0x0000000084900000, 0x0000000084a00000, 0x0000000084a00000|100%| O|  |TAMS 0x0000000084a00000, 0x0000000084a00000| Untracked 
|  74|0x0000000084a00000, 0x0000000084b00000, 0x0000000084b00000|100%| O|  |TAMS 0x0000000084b00000, 0x0000000084b00000| Untracked 
|  75|0x0000000084b00000, 0x0000000084c00000, 0x0000000084c00000|100%| O|  |TAMS 0x0000000084c00000, 0x0000000084c00000| Untracked 
|  76|0x0000000084c00000, 0x0000000084d00000, 0x0000000084d00000|100%| O|  |TAMS 0x0000000084d00000, 0x0000000084d00000| Untracked 
|  77|0x0000000084d00000, 0x0000000084e00000, 0x0000000084e00000|100%| O|  |TAMS 0x0000000084e00000, 0x0000000084e00000| Untracked 
|  78|0x0000000084e00000, 0x0000000084f00000, 0x0000000084f00000|100%| O|  |TAMS 0x0000000084f00000, 0x0000000084f00000| Untracked 
|  79|0x0000000084f00000, 0x0000000085000000, 0x0000000085000000|100%| O|  |TAMS 0x0000000085000000, 0x0000000085000000| Untracked 
|  80|0x0000000085000000, 0x0000000085100000, 0x0000000085100000|100%| O|  |TAMS 0x0000000085100000, 0x0000000085100000| Untracked 
|  81|0x0000000085100000, 0x0000000085200000, 0x0000000085200000|100%| O|  |TAMS 0x0000000085200000, 0x0000000085200000| Untracked 
|  82|0x0000000085200000, 0x0000000085300000, 0x0000000085300000|100%| O|  |TAMS 0x0000000085300000, 0x0000000085300000| Untracked 
|  83|0x0000000085300000, 0x0000000085400000, 0x0000000085400000|100%| O|  |TAMS 0x0000000085400000, 0x0000000085400000| Untracked 
|  84|0x0000000085400000, 0x0000000085500000, 0x0000000085500000|100%| O|  |TAMS 0x0000000085500000, 0x0000000085500000| Untracked 
|  85|0x0000000085500000, 0x0000000085600000, 0x0000000085600000|100%| O|  |TAMS 0x0000000085600000, 0x0000000085600000| Untracked 
|  86|0x0000000085600000, 0x0000000085700000, 0x0000000085700000|100%| O|  |TAMS 0x0000000085700000, 0x0000000085700000| Untracked 
|  87|0x0000000085700000, 0x0000000085800000, 0x0000000085800000|100%| O|  |TAMS 0x0000000085800000, 0x0000000085800000| Untracked 
|  88|0x0000000085800000, 0x0000000085900000, 0x0000000085900000|100%| O|  |TAMS 0x0000000085900000, 0x0000000085900000| Untracked 
|  89|0x0000000085900000, 0x0000000085a00000, 0x0000000085a00000|100%| O|  |TAMS 0x0000000085a00000, 0x0000000085a00000| Untracked 
|  90|0x0000000085a00000, 0x0000000085b00000, 0x0000000085b00000|100%| O|  |TAMS 0x0000000085a00000, 0x0000000085b00000| Untracked 
|  91|0x0000000085b00000, 0x0000000085c00000, 0x0000000085c00000|100%| O|  |TAMS 0x0000000085c00000, 0x0000000085c00000| Untracked 
|  92|0x0000000085c00000, 0x0000000085d00000, 0x0000000085d00000|100%| O|  |TAMS 0x0000000085d00000, 0x0000000085d00000| Untracked 
|  93|0x0000000085d00000, 0x0000000085e00000, 0x0000000085e00000|100%| O|  |TAMS 0x0000000085e00000, 0x0000000085e00000| Untracked 
|  94|0x0000000085e00000, 0x0000000085f00000, 0x0000000085f00000|100%| O|  |TAMS 0x0000000085f00000, 0x0000000085f00000| Untracked 
|  95|0x0000000085f00000, 0x0000000086000000, 0x0000000086000000|100%| O|  |TAMS 0x0000000086000000, 0x0000000086000000| Untracked 
|  96|0x0000000086000000, 0x0000000086100000, 0x0000000086100000|100%| O|  |TAMS 0x0000000086032200, 0x0000000086100000| Untracked 
|  97|0x0000000086100000, 0x0000000086200000, 0x0000000086200000|100%| O|  |TAMS 0x0000000086200000, 0x0000000086200000| Untracked 
|  98|0x0000000086200000, 0x0000000086300000, 0x0000000086300000|100%| O|  |TAMS 0x0000000086300000, 0x0000000086300000| Untracked 
|  99|0x0000000086300000, 0x0000000086400000, 0x0000000086400000|100%| O|  |TAMS 0x0000000086400000, 0x0000000086400000| Untracked 
| 100|0x0000000086400000, 0x0000000086500000, 0x0000000086500000|100%| O|  |TAMS 0x0000000086500000, 0x0000000086500000| Untracked 
| 101|0x0000000086500000, 0x0000000086500000, 0x0000000086600000|  0%| F|  |TAMS 0x0000000086500000, 0x0000000086500000| Untracked 
| 102|0x0000000086600000, 0x0000000086600000, 0x0000000086700000|  0%| F|  |TAMS 0x0000000086600000, 0x0000000086600000| Untracked 
| 103|0x0000000086700000, 0x0000000086700000, 0x0000000086800000|  0%| F|  |TAMS 0x0000000086700000, 0x0000000086700000| Untracked 
| 104|0x0000000086800000, 0x0000000086900000, 0x0000000086900000|100%| O|  |TAMS 0x0000000086900000, 0x0000000086900000| Untracked 
| 105|0x0000000086900000, 0x0000000086a00000, 0x0000000086a00000|100%| O|  |TAMS 0x0000000086a00000, 0x0000000086a00000| Untracked 
| 106|0x0000000086a00000, 0x0000000086b00000, 0x0000000086b00000|100%| O|  |TAMS 0x0000000086b00000, 0x0000000086b00000| Untracked 
| 107|0x0000000086b00000, 0x0000000086c00000, 0x0000000086c00000|100%| O|  |TAMS 0x0000000086b00000, 0x0000000086c00000| Untracked 
| 108|0x0000000086c00000, 0x0000000086d00000, 0x0000000086d00000|100%| O|  |TAMS 0x0000000086d00000, 0x0000000086d00000| Untracked 
| 109|0x0000000086d00000, 0x0000000086e00000, 0x0000000086e00000|100%| O|  |TAMS 0x0000000086e00000, 0x0000000086e00000| Untracked 
| 110|0x0000000086e00000, 0x0000000086f00000, 0x0000000086f00000|100%| O|  |TAMS 0x0000000086f00000, 0x0000000086f00000| Untracked 
| 111|0x0000000086f00000, 0x0000000087000000, 0x0000000087000000|100%| O|  |TAMS 0x0000000086f00000, 0x0000000087000000| Untracked 
| 112|0x0000000087000000, 0x0000000087100000, 0x0000000087100000|100%| O|  |TAMS 0x0000000087000000, 0x0000000087100000| Untracked 
| 113|0x0000000087100000, 0x0000000087200000, 0x0000000087200000|100%| O|  |TAMS 0x0000000087200000, 0x0000000087200000| Untracked 
| 114|0x0000000087200000, 0x0000000087300000, 0x0000000087300000|100%| O|  |TAMS 0x0000000087200000, 0x0000000087300000| Untracked 
| 115|0x0000000087300000, 0x0000000087400000, 0x0000000087400000|100%| O|  |TAMS 0x0000000087300000, 0x0000000087400000| Untracked 
| 116|0x0000000087400000, 0x0000000087500000, 0x0000000087500000|100%| O|  |TAMS 0x0000000087500000, 0x0000000087500000| Untracked 
| 117|0x0000000087500000, 0x0000000087600000, 0x0000000087600000|100%| O|  |TAMS 0x0000000087600000, 0x0000000087600000| Untracked 
| 118|0x0000000087600000, 0x0000000087700000, 0x0000000087700000|100%| O|  |TAMS 0x0000000087600000, 0x0000000087700000| Untracked 
| 119|0x0000000087700000, 0x0000000087800000, 0x0000000087800000|100%| O|  |TAMS 0x0000000087700000, 0x0000000087800000| Untracked 
| 120|0x0000000087800000, 0x0000000087900000, 0x0000000087900000|100%| O|  |TAMS 0x0000000087900000, 0x0000000087900000| Untracked 
| 121|0x0000000087900000, 0x0000000087a00000, 0x0000000087a00000|100%| O|  |TAMS 0x0000000087a00000, 0x0000000087a00000| Untracked 
| 122|0x0000000087a00000, 0x0000000087b00000, 0x0000000087b00000|100%| O|  |TAMS 0x0000000087b00000, 0x0000000087b00000| Untracked 
| 123|0x0000000087b00000, 0x0000000087c00000, 0x0000000087c00000|100%| O|  |TAMS 0x0000000087c00000, 0x0000000087c00000| Untracked 
| 124|0x0000000087c00000, 0x0000000087d00000, 0x0000000087d00000|100%| O|  |TAMS 0x0000000087d00000, 0x0000000087d00000| Untracked 
| 125|0x0000000087d00000, 0x0000000087e00000, 0x0000000087e00000|100%| O|  |TAMS 0x0000000087e00000, 0x0000000087e00000| Untracked 
| 126|0x0000000087e00000, 0x0000000087f00000, 0x0000000087f00000|100%| O|  |TAMS 0x0000000087f00000, 0x0000000087f00000| Untracked 
| 127|0x0000000087f00000, 0x0000000088000000, 0x0000000088000000|100%| O|  |TAMS 0x0000000088000000, 0x0000000088000000| Untracked 
| 128|0x0000000088000000, 0x0000000088100000, 0x0000000088100000|100%| O|  |TAMS 0x0000000088100000, 0x0000000088100000| Untracked 
| 129|0x0000000088100000, 0x0000000088200000, 0x0000000088200000|100%| O|  |TAMS 0x0000000088200000, 0x0000000088200000| Untracked 
| 130|0x0000000088200000, 0x0000000088300000, 0x0000000088300000|100%| O|  |TAMS 0x0000000088300000, 0x0000000088300000| Untracked 
| 131|0x0000000088300000, 0x0000000088400000, 0x0000000088400000|100%| O|  |TAMS 0x0000000088300000, 0x0000000088400000| Untracked 
| 132|0x0000000088400000, 0x0000000088500000, 0x0000000088500000|100%| O|  |TAMS 0x0000000088400000, 0x0000000088500000| Untracked 
| 133|0x0000000088500000, 0x0000000088600000, 0x0000000088600000|100%| O|  |TAMS 0x0000000088500000, 0x0000000088600000| Untracked 
| 134|0x0000000088600000, 0x0000000088700000, 0x0000000088700000|100%| O|  |TAMS 0x0000000088700000, 0x0000000088700000| Untracked 
| 135|0x0000000088700000, 0x0000000088800000, 0x0000000088800000|100%| O|  |TAMS 0x0000000088700000, 0x0000000088800000| Untracked 
| 136|0x0000000088800000, 0x0000000088900000, 0x0000000088900000|100%| O|  |TAMS 0x0000000088900000, 0x0000000088900000| Untracked 
| 137|0x0000000088900000, 0x0000000088a00000, 0x0000000088a00000|100%| O|  |TAMS 0x0000000088a00000, 0x0000000088a00000| Untracked 
| 138|0x0000000088a00000, 0x0000000088b00000, 0x0000000088b00000|100%| O|  |TAMS 0x0000000088a00000, 0x0000000088b00000| Untracked 
| 139|0x0000000088b00000, 0x0000000088c00000, 0x0000000088c00000|100%| O|  |TAMS 0x0000000088c00000, 0x0000000088c00000| Untracked 
| 140|0x0000000088c00000, 0x0000000088d00000, 0x0000000088d00000|100%| O|  |TAMS 0x0000000088d00000, 0x0000000088d00000| Untracked 
| 141|0x0000000088d00000, 0x0000000088e00000, 0x0000000088e00000|100%| O|  |TAMS 0x0000000088e00000, 0x0000000088e00000| Untracked 
| 142|0x0000000088e00000, 0x0000000088eaba00, 0x0000000088f00000| 67%| O|  |TAMS 0x0000000088e00000, 0x0000000088eaba00| Untracked 
| 143|0x0000000088f00000, 0x0000000088f00000, 0x0000000089000000|  0%| F|  |TAMS 0x0000000088f00000, 0x0000000088f00000| Untracked 
| 144|0x0000000089000000, 0x0000000089000000, 0x0000000089100000|  0%| F|  |TAMS 0x0000000089000000, 0x0000000089000000| Untracked 
| 145|0x0000000089100000, 0x0000000089100000, 0x0000000089200000|  0%| F|  |TAMS 0x0000000089100000, 0x0000000089100000| Untracked 
| 146|0x0000000089200000, 0x0000000089300000, 0x0000000089300000|100%| O|  |TAMS 0x0000000089300000, 0x0000000089300000| Untracked 
| 147|0x0000000089300000, 0x0000000089400000, 0x0000000089400000|100%| O|  |TAMS 0x0000000089400000, 0x0000000089400000| Untracked 
| 148|0x0000000089400000, 0x0000000089400000, 0x0000000089500000|  0%| F|  |TAMS 0x0000000089400000, 0x0000000089400000| Untracked 
| 149|0x0000000089500000, 0x0000000089500000, 0x0000000089600000|  0%| F|  |TAMS 0x0000000089500000, 0x0000000089500000| Untracked 
| 150|0x0000000089600000, 0x0000000089600000, 0x0000000089700000|  0%| F|  |TAMS 0x0000000089600000, 0x0000000089600000| Untracked 
| 151|0x0000000089700000, 0x0000000089700000, 0x0000000089800000|  0%| F|  |TAMS 0x0000000089700000, 0x0000000089700000| Untracked 
| 152|0x0000000089800000, 0x0000000089800000, 0x0000000089900000|  0%| F|  |TAMS 0x0000000089800000, 0x0000000089800000| Untracked 
| 153|0x0000000089900000, 0x0000000089900000, 0x0000000089a00000|  0%| F|  |TAMS 0x0000000089900000, 0x0000000089900000| Untracked 
| 154|0x0000000089a00000, 0x0000000089a00000, 0x0000000089b00000|  0%| F|  |TAMS 0x0000000089a00000, 0x0000000089a00000| Untracked 
| 155|0x0000000089b00000, 0x0000000089b00000, 0x0000000089c00000|  0%| F|  |TAMS 0x0000000089b00000, 0x0000000089b00000| Untracked 
| 156|0x0000000089c00000, 0x0000000089c00000, 0x0000000089d00000|  0%| F|  |TAMS 0x0000000089c00000, 0x0000000089c00000| Untracked 
| 157|0x0000000089d00000, 0x0000000089d00000, 0x0000000089e00000|  0%| F|  |TAMS 0x0000000089d00000, 0x0000000089d00000| Untracked 
| 158|0x0000000089e00000, 0x0000000089e00000, 0x0000000089f00000|  0%| F|  |TAMS 0x0000000089e00000, 0x0000000089e00000| Untracked 
| 159|0x0000000089f00000, 0x0000000089f00000, 0x000000008a000000|  0%| F|  |TAMS 0x0000000089f00000, 0x0000000089f00000| Untracked 
| 160|0x000000008a000000, 0x000000008a000000, 0x000000008a100000|  0%| F|  |TAMS 0x000000008a000000, 0x000000008a000000| Untracked 
| 161|0x000000008a100000, 0x000000008a100000, 0x000000008a200000|  0%| F|  |TAMS 0x000000008a100000, 0x000000008a100000| Untracked 
| 162|0x000000008a200000, 0x000000008a200000, 0x000000008a300000|  0%| F|  |TAMS 0x000000008a200000, 0x000000008a200000| Untracked 
| 163|0x000000008a300000, 0x000000008a300000, 0x000000008a400000|  0%| F|  |TAMS 0x000000008a300000, 0x000000008a300000| Untracked 
| 164|0x000000008a400000, 0x000000008a400000, 0x000000008a500000|  0%| F|  |TAMS 0x000000008a400000, 0x000000008a400000| Untracked 
| 165|0x000000008a500000, 0x000000008a500000, 0x000000008a600000|  0%| F|  |TAMS 0x000000008a500000, 0x000000008a500000| Untracked 
| 166|0x000000008a600000, 0x000000008a700000, 0x000000008a700000|100%| O|  |TAMS 0x000000008a700000, 0x000000008a700000| Untracked 
| 167|0x000000008a700000, 0x000000008a700000, 0x000000008a800000|  0%| F|  |TAMS 0x000000008a700000, 0x000000008a700000| Untracked 
| 168|0x000000008a800000, 0x000000008a800000, 0x000000008a900000|  0%| F|  |TAMS 0x000000008a800000, 0x000000008a800000| Untracked 
| 169|0x000000008a900000, 0x000000008a900000, 0x000000008aa00000|  0%| F|  |TAMS 0x000000008a900000, 0x000000008a900000| Untracked 
| 170|0x000000008aa00000, 0x000000008aa00000, 0x000000008ab00000|  0%| F|  |TAMS 0x000000008aa00000, 0x000000008aa00000| Untracked 
| 171|0x000000008ab00000, 0x000000008ab00000, 0x000000008ac00000|  0%| F|  |TAMS 0x000000008ab00000, 0x000000008ab00000| Untracked 
| 172|0x000000008ac00000, 0x000000008ac00000, 0x000000008ad00000|  0%| F|  |TAMS 0x000000008ac00000, 0x000000008ac00000| Untracked 
| 173|0x000000008ad00000, 0x000000008ad00000, 0x000000008ae00000|  0%| F|  |TAMS 0x000000008ad00000, 0x000000008ad00000| Untracked 
| 174|0x000000008ae00000, 0x000000008ae00000, 0x000000008af00000|  0%| F|  |TAMS 0x000000008ae00000, 0x000000008ae00000| Untracked 
| 175|0x000000008af00000, 0x000000008af00000, 0x000000008b000000|  0%| F|  |TAMS 0x000000008af00000, 0x000000008af00000| Untracked 
| 176|0x000000008b000000, 0x000000008b000000, 0x000000008b100000|  0%| F|  |TAMS 0x000000008b000000, 0x000000008b000000| Untracked 
| 177|0x000000008b100000, 0x000000008b100000, 0x000000008b200000|  0%| F|  |TAMS 0x000000008b100000, 0x000000008b100000| Untracked 
| 178|0x000000008b200000, 0x000000008b200000, 0x000000008b300000|  0%| F|  |TAMS 0x000000008b200000, 0x000000008b200000| Untracked 
| 179|0x000000008b300000, 0x000000008b300000, 0x000000008b400000|  0%| F|  |TAMS 0x000000008b300000, 0x000000008b300000| Untracked 
| 180|0x000000008b400000, 0x000000008b400000, 0x000000008b500000|  0%| F|  |TAMS 0x000000008b400000, 0x000000008b400000| Untracked 
| 181|0x000000008b500000, 0x000000008b500000, 0x000000008b600000|  0%| F|  |TAMS 0x000000008b500000, 0x000000008b500000| Untracked 
| 182|0x000000008b600000, 0x000000008b600000, 0x000000008b700000|  0%| F|  |TAMS 0x000000008b600000, 0x000000008b600000| Untracked 
| 183|0x000000008b700000, 0x000000008b700000, 0x000000008b800000|  0%| F|  |TAMS 0x000000008b700000, 0x000000008b700000| Untracked 
| 184|0x000000008b800000, 0x000000008b800000, 0x000000008b900000|  0%| F|  |TAMS 0x000000008b800000, 0x000000008b800000| Untracked 
| 185|0x000000008b900000, 0x000000008b900000, 0x000000008ba00000|  0%| F|  |TAMS 0x000000008b900000, 0x000000008b900000| Untracked 
| 186|0x000000008ba00000, 0x000000008ba00000, 0x000000008bb00000|  0%| F|  |TAMS 0x000000008ba00000, 0x000000008ba00000| Untracked 
| 187|0x000000008bb00000, 0x000000008bb00000, 0x000000008bc00000|  0%| F|  |TAMS 0x000000008bb00000, 0x000000008bb00000| Untracked 
| 188|0x000000008bc00000, 0x000000008bc00000, 0x000000008bd00000|  0%| F|  |TAMS 0x000000008bc00000, 0x000000008bc00000| Untracked 
| 189|0x000000008bd00000, 0x000000008bd00000, 0x000000008be00000|  0%| F|  |TAMS 0x000000008bd00000, 0x000000008bd00000| Untracked 
| 190|0x000000008be00000, 0x000000008be00000, 0x000000008bf00000|  0%| F|  |TAMS 0x000000008be00000, 0x000000008be00000| Untracked 
| 191|0x000000008bf00000, 0x000000008bf00000, 0x000000008c000000|  0%| F|  |TAMS 0x000000008bf00000, 0x000000008bf00000| Untracked 
| 192|0x000000008c000000, 0x000000008c000000, 0x000000008c100000|  0%| F|  |TAMS 0x000000008c000000, 0x000000008c000000| Untracked 
| 193|0x000000008c100000, 0x000000008c100000, 0x000000008c200000|  0%| F|  |TAMS 0x000000008c100000, 0x000000008c100000| Untracked 
| 194|0x000000008c200000, 0x000000008c200000, 0x000000008c300000|  0%| F|  |TAMS 0x000000008c200000, 0x000000008c200000| Untracked 
| 195|0x000000008c300000, 0x000000008c300000, 0x000000008c400000|  0%| F|  |TAMS 0x000000008c300000, 0x000000008c300000| Untracked 
| 196|0x000000008c400000, 0x000000008c400000, 0x000000008c500000|  0%| F|  |TAMS 0x000000008c400000, 0x000000008c400000| Untracked 
| 197|0x000000008c500000, 0x000000008c500000, 0x000000008c600000|  0%| F|  |TAMS 0x000000008c500000, 0x000000008c500000| Untracked 
| 198|0x000000008c600000, 0x000000008c600000, 0x000000008c700000|  0%| F|  |TAMS 0x000000008c600000, 0x000000008c600000| Untracked 
| 199|0x000000008c700000, 0x000000008c700000, 0x000000008c800000|  0%| F|  |TAMS 0x000000008c700000, 0x000000008c700000| Untracked 
| 200|0x000000008c800000, 0x000000008c800000, 0x000000008c900000|  0%| F|  |TAMS 0x000000008c800000, 0x000000008c800000| Untracked 
| 201|0x000000008c900000, 0x000000008c900000, 0x000000008ca00000|  0%| F|  |TAMS 0x000000008c900000, 0x000000008c900000| Untracked 
| 202|0x000000008ca00000, 0x000000008ca00000, 0x000000008cb00000|  0%| F|  |TAMS 0x000000008ca00000, 0x000000008ca00000| Untracked 
| 203|0x000000008cb00000, 0x000000008cb00000, 0x000000008cc00000|  0%| F|  |TAMS 0x000000008cb00000, 0x000000008cb00000| Untracked 
| 204|0x000000008cc00000, 0x000000008cc00000, 0x000000008cd00000|  0%| F|  |TAMS 0x000000008cc00000, 0x000000008cc00000| Untracked 
| 205|0x000000008cd00000, 0x000000008cd00000, 0x000000008ce00000|  0%| F|  |TAMS 0x000000008cd00000, 0x000000008cd00000| Untracked 
| 206|0x000000008ce00000, 0x000000008ce00000, 0x000000008cf00000|  0%| F|  |TAMS 0x000000008ce00000, 0x000000008ce00000| Untracked 
| 207|0x000000008cf00000, 0x000000008cf00000, 0x000000008d000000|  0%| F|  |TAMS 0x000000008cf00000, 0x000000008cf00000| Untracked 
| 208|0x000000008d000000, 0x000000008d000000, 0x000000008d100000|  0%| F|  |TAMS 0x000000008d000000, 0x000000008d000000| Untracked 
| 209|0x000000008d100000, 0x000000008d100000, 0x000000008d200000|  0%| F|  |TAMS 0x000000008d100000, 0x000000008d100000| Untracked 
| 210|0x000000008d200000, 0x000000008d200000, 0x000000008d300000|  0%| F|  |TAMS 0x000000008d200000, 0x000000008d200000| Untracked 
| 211|0x000000008d300000, 0x000000008d300000, 0x000000008d400000|  0%| F|  |TAMS 0x000000008d300000, 0x000000008d300000| Untracked 
| 212|0x000000008d400000, 0x000000008d400000, 0x000000008d500000|  0%| F|  |TAMS 0x000000008d400000, 0x000000008d400000| Untracked 
| 213|0x000000008d500000, 0x000000008d500000, 0x000000008d600000|  0%| F|  |TAMS 0x000000008d500000, 0x000000008d500000| Untracked 
| 214|0x000000008d600000, 0x000000008d600000, 0x000000008d700000|  0%| F|  |TAMS 0x000000008d600000, 0x000000008d600000| Untracked 
| 215|0x000000008d700000, 0x000000008d700000, 0x000000008d800000|  0%| F|  |TAMS 0x000000008d700000, 0x000000008d700000| Untracked 
| 216|0x000000008d800000, 0x000000008d800000, 0x000000008d900000|  0%| F|  |TAMS 0x000000008d800000, 0x000000008d800000| Untracked 
| 217|0x000000008d900000, 0x000000008d900000, 0x000000008da00000|  0%| F|  |TAMS 0x000000008d900000, 0x000000008d900000| Untracked 
| 218|0x000000008da00000, 0x000000008da00000, 0x000000008db00000|  0%| F|  |TAMS 0x000000008da00000, 0x000000008da00000| Untracked 
| 219|0x000000008db00000, 0x000000008db00000, 0x000000008dc00000|  0%| F|  |TAMS 0x000000008db00000, 0x000000008db00000| Untracked 
| 220|0x000000008dc00000, 0x000000008dc00000, 0x000000008dd00000|  0%| F|  |TAMS 0x000000008dc00000, 0x000000008dc00000| Untracked 
| 221|0x000000008dd00000, 0x000000008dd00000, 0x000000008de00000|  0%| F|  |TAMS 0x000000008dd00000, 0x000000008dd00000| Untracked 
| 222|0x000000008de00000, 0x000000008de00000, 0x000000008df00000|  0%| F|  |TAMS 0x000000008de00000, 0x000000008de00000| Untracked 
| 223|0x000000008df00000, 0x000000008df00000, 0x000000008e000000|  0%| F|  |TAMS 0x000000008df00000, 0x000000008df00000| Untracked 
| 224|0x000000008e000000, 0x000000008e000000, 0x000000008e100000|  0%| F|  |TAMS 0x000000008e000000, 0x000000008e000000| Untracked 
| 225|0x000000008e100000, 0x000000008e100000, 0x000000008e200000|  0%| F|  |TAMS 0x000000008e100000, 0x000000008e100000| Untracked 
| 226|0x000000008e200000, 0x000000008e200000, 0x000000008e300000|  0%| F|  |TAMS 0x000000008e200000, 0x000000008e200000| Untracked 
| 227|0x000000008e300000, 0x000000008e300000, 0x000000008e400000|  0%| F|  |TAMS 0x000000008e300000, 0x000000008e300000| Untracked 
| 228|0x000000008e400000, 0x000000008e400000, 0x000000008e500000|  0%| F|  |TAMS 0x000000008e400000, 0x000000008e400000| Untracked 
| 229|0x000000008e500000, 0x000000008e500000, 0x000000008e600000|  0%| F|  |TAMS 0x000000008e500000, 0x000000008e500000| Untracked 
| 230|0x000000008e600000, 0x000000008e600000, 0x000000008e700000|  0%| F|  |TAMS 0x000000008e600000, 0x000000008e600000| Untracked 
| 231|0x000000008e700000, 0x000000008e700000, 0x000000008e800000|  0%| F|  |TAMS 0x000000008e700000, 0x000000008e700000| Untracked 
| 232|0x000000008e800000, 0x000000008e800000, 0x000000008e900000|  0%| F|  |TAMS 0x000000008e800000, 0x000000008e800000| Untracked 
| 233|0x000000008e900000, 0x000000008e900000, 0x000000008ea00000|  0%| F|  |TAMS 0x000000008e900000, 0x000000008e900000| Untracked 
| 234|0x000000008ea00000, 0x000000008ea00000, 0x000000008eb00000|  0%| F|  |TAMS 0x000000008ea00000, 0x000000008ea00000| Untracked 
| 235|0x000000008eb00000, 0x000000008eb00000, 0x000000008ec00000|  0%| F|  |TAMS 0x000000008eb00000, 0x000000008eb00000| Untracked 
| 236|0x000000008ec00000, 0x000000008ec00000, 0x000000008ed00000|  0%| F|  |TAMS 0x000000008ec00000, 0x000000008ec00000| Untracked 
| 237|0x000000008ed00000, 0x000000008ed00000, 0x000000008ee00000|  0%| F|  |TAMS 0x000000008ed00000, 0x000000008ed00000| Untracked 
| 238|0x000000008ee00000, 0x000000008ee00000, 0x000000008ef00000|  0%| F|  |TAMS 0x000000008ee00000, 0x000000008ee00000| Untracked 
| 239|0x000000008ef00000, 0x000000008ef00000, 0x000000008f000000|  0%| F|  |TAMS 0x000000008ef00000, 0x000000008ef00000| Untracked 
| 240|0x000000008f000000, 0x000000008f000000, 0x000000008f100000|  0%| F|  |TAMS 0x000000008f000000, 0x000000008f000000| Untracked 
| 241|0x000000008f100000, 0x000000008f100000, 0x000000008f200000|  0%| F|  |TAMS 0x000000008f100000, 0x000000008f100000| Untracked 
| 242|0x000000008f200000, 0x000000008f200000, 0x000000008f300000|  0%| F|  |TAMS 0x000000008f200000, 0x000000008f200000| Untracked 
| 243|0x000000008f300000, 0x000000008f300000, 0x000000008f400000|  0%| F|  |TAMS 0x000000008f300000, 0x000000008f300000| Untracked 
| 244|0x000000008f400000, 0x000000008f400000, 0x000000008f500000|  0%| F|  |TAMS 0x000000008f400000, 0x000000008f400000| Untracked 
| 245|0x000000008f500000, 0x000000008f500000, 0x000000008f600000|  0%| F|  |TAMS 0x000000008f500000, 0x000000008f500000| Untracked 
| 246|0x000000008f600000, 0x000000008f600000, 0x000000008f700000|  0%| F|  |TAMS 0x000000008f600000, 0x000000008f600000| Untracked 
| 247|0x000000008f700000, 0x000000008f700000, 0x000000008f800000|  0%| F|  |TAMS 0x000000008f700000, 0x000000008f700000| Untracked 
| 248|0x000000008f800000, 0x000000008f800000, 0x000000008f900000|  0%| F|  |TAMS 0x000000008f800000, 0x000000008f800000| Untracked 
| 249|0x000000008f900000, 0x000000008f900000, 0x000000008fa00000|  0%| F|  |TAMS 0x000000008f900000, 0x000000008f900000| Untracked 
| 250|0x000000008fa00000, 0x000000008fa00000, 0x000000008fb00000|  0%| F|  |TAMS 0x000000008fa00000, 0x000000008fa00000| Untracked 
| 251|0x000000008fb00000, 0x000000008fb00000, 0x000000008fc00000|  0%| F|  |TAMS 0x000000008fb00000, 0x000000008fb00000| Untracked 
| 252|0x000000008fc00000, 0x000000008fc00000, 0x000000008fd00000|  0%| F|  |TAMS 0x000000008fc00000, 0x000000008fc00000| Untracked 
| 253|0x000000008fd00000, 0x000000008fd00000, 0x000000008fe00000|  0%| F|  |TAMS 0x000000008fd00000, 0x000000008fd00000| Untracked 
| 254|0x000000008fe00000, 0x000000008fe00000, 0x000000008ff00000|  0%| F|  |TAMS 0x000000008fe00000, 0x000000008fe00000| Untracked 
| 255|0x000000008ff00000, 0x000000008ff00000, 0x0000000090000000|  0%| F|  |TAMS 0x000000008ff00000, 0x000000008ff00000| Untracked 
| 256|0x0000000090000000, 0x0000000090000000, 0x0000000090100000|  0%| F|  |TAMS 0x0000000090000000, 0x0000000090000000| Untracked 
| 257|0x0000000090100000, 0x0000000090100000, 0x0000000090200000|  0%| F|  |TAMS 0x0000000090100000, 0x0000000090100000| Untracked 
| 258|0x0000000090200000, 0x0000000090200000, 0x0000000090300000|  0%| F|  |TAMS 0x0000000090200000, 0x0000000090200000| Untracked 
| 259|0x0000000090300000, 0x0000000090300000, 0x0000000090400000|  0%| F|  |TAMS 0x0000000090300000, 0x0000000090300000| Untracked 
| 260|0x0000000090400000, 0x0000000090400000, 0x0000000090500000|  0%| F|  |TAMS 0x0000000090400000, 0x0000000090400000| Untracked 
| 261|0x0000000090500000, 0x0000000090500000, 0x0000000090600000|  0%| F|  |TAMS 0x0000000090500000, 0x0000000090500000| Untracked 
| 262|0x0000000090600000, 0x0000000090600000, 0x0000000090700000|  0%| F|  |TAMS 0x0000000090600000, 0x0000000090600000| Untracked 
| 263|0x0000000090700000, 0x0000000090700000, 0x0000000090800000|  0%| F|  |TAMS 0x0000000090700000, 0x0000000090700000| Untracked 
| 264|0x0000000090800000, 0x0000000090800000, 0x0000000090900000|  0%| F|  |TAMS 0x0000000090800000, 0x0000000090800000| Untracked 
| 265|0x0000000090900000, 0x0000000090900000, 0x0000000090a00000|  0%| F|  |TAMS 0x0000000090900000, 0x0000000090900000| Untracked 
| 266|0x0000000090a00000, 0x0000000090a00000, 0x0000000090b00000|  0%| F|  |TAMS 0x0000000090a00000, 0x0000000090a00000| Untracked 
| 267|0x0000000090b00000, 0x0000000090b00000, 0x0000000090c00000|  0%| F|  |TAMS 0x0000000090b00000, 0x0000000090b00000| Untracked 
| 268|0x0000000090c00000, 0x0000000090c00000, 0x0000000090d00000|  0%| F|  |TAMS 0x0000000090c00000, 0x0000000090c00000| Untracked 
| 269|0x0000000090d00000, 0x0000000090d00000, 0x0000000090e00000|  0%| F|  |TAMS 0x0000000090d00000, 0x0000000090d00000| Untracked 
| 270|0x0000000090e00000, 0x0000000090e00000, 0x0000000090f00000|  0%| F|  |TAMS 0x0000000090e00000, 0x0000000090e00000| Untracked 
| 271|0x0000000090f00000, 0x0000000090f00000, 0x0000000091000000|  0%| F|  |TAMS 0x0000000090f00000, 0x0000000090f00000| Untracked 
| 272|0x0000000091000000, 0x0000000091000000, 0x0000000091100000|  0%| F|  |TAMS 0x0000000091000000, 0x0000000091000000| Untracked 
| 273|0x0000000091100000, 0x0000000091100000, 0x0000000091200000|  0%| F|  |TAMS 0x0000000091100000, 0x0000000091100000| Untracked 
| 274|0x0000000091200000, 0x0000000091200000, 0x0000000091300000|  0%| F|  |TAMS 0x0000000091200000, 0x0000000091200000| Untracked 
| 275|0x0000000091300000, 0x0000000091300000, 0x0000000091400000|  0%| F|  |TAMS 0x0000000091300000, 0x0000000091300000| Untracked 
| 276|0x0000000091400000, 0x0000000091400000, 0x0000000091500000|  0%| F|  |TAMS 0x0000000091400000, 0x0000000091400000| Untracked 
| 277|0x0000000091500000, 0x0000000091500000, 0x0000000091600000|  0%| F|  |TAMS 0x0000000091500000, 0x0000000091500000| Untracked 
| 278|0x0000000091600000, 0x0000000091600000, 0x0000000091700000|  0%| F|  |TAMS 0x0000000091600000, 0x0000000091600000| Untracked 
| 279|0x0000000091700000, 0x0000000091700000, 0x0000000091800000|  0%| F|  |TAMS 0x0000000091700000, 0x0000000091700000| Untracked 
| 280|0x0000000091800000, 0x0000000091800000, 0x0000000091900000|  0%| F|  |TAMS 0x0000000091800000, 0x0000000091800000| Untracked 
| 281|0x0000000091900000, 0x0000000091900000, 0x0000000091a00000|  0%| F|  |TAMS 0x0000000091900000, 0x0000000091900000| Untracked 
| 282|0x0000000091a00000, 0x0000000091a00000, 0x0000000091b00000|  0%| F|  |TAMS 0x0000000091a00000, 0x0000000091a00000| Untracked 
| 283|0x0000000091b00000, 0x0000000091b00000, 0x0000000091c00000|  0%| F|  |TAMS 0x0000000091b00000, 0x0000000091b00000| Untracked 
| 284|0x0000000091c00000, 0x0000000091c00000, 0x0000000091d00000|  0%| F|  |TAMS 0x0000000091c00000, 0x0000000091c00000| Untracked 
| 285|0x0000000091d00000, 0x0000000091d00000, 0x0000000091e00000|  0%| F|  |TAMS 0x0000000091d00000, 0x0000000091d00000| Untracked 
| 286|0x0000000091e00000, 0x0000000091e00000, 0x0000000091f00000|  0%| F|  |TAMS 0x0000000091e00000, 0x0000000091e00000| Untracked 
| 287|0x0000000091f00000, 0x0000000091f00000, 0x0000000092000000|  0%| F|  |TAMS 0x0000000091f00000, 0x0000000091f00000| Untracked 
| 288|0x0000000092000000, 0x0000000092000000, 0x0000000092100000|  0%| F|  |TAMS 0x0000000092000000, 0x0000000092000000| Untracked 
| 289|0x0000000092100000, 0x0000000092100000, 0x0000000092200000|  0%| F|  |TAMS 0x0000000092100000, 0x0000000092100000| Untracked 
| 290|0x0000000092200000, 0x0000000092200000, 0x0000000092300000|  0%| F|  |TAMS 0x0000000092200000, 0x0000000092200000| Untracked 
| 291|0x0000000092300000, 0x0000000092300000, 0x0000000092400000|  0%| F|  |TAMS 0x0000000092300000, 0x0000000092300000| Untracked 
| 292|0x0000000092400000, 0x0000000092400000, 0x0000000092500000|  0%| F|  |TAMS 0x0000000092400000, 0x0000000092400000| Untracked 
| 293|0x0000000092500000, 0x0000000092500000, 0x0000000092600000|  0%| F|  |TAMS 0x0000000092500000, 0x0000000092500000| Untracked 
| 294|0x0000000092600000, 0x0000000092600000, 0x0000000092700000|  0%| F|  |TAMS 0x0000000092600000, 0x0000000092600000| Untracked 
| 295|0x0000000092700000, 0x0000000092700000, 0x0000000092800000|  0%| F|  |TAMS 0x0000000092700000, 0x0000000092700000| Untracked 
| 296|0x0000000092800000, 0x0000000092800000, 0x0000000092900000|  0%| F|  |TAMS 0x0000000092800000, 0x0000000092800000| Untracked 
| 297|0x0000000092900000, 0x0000000092900000, 0x0000000092a00000|  0%| F|  |TAMS 0x0000000092900000, 0x0000000092900000| Untracked 
| 298|0x0000000092a00000, 0x0000000092a00000, 0x0000000092b00000|  0%| F|  |TAMS 0x0000000092a00000, 0x0000000092a00000| Untracked 
| 299|0x0000000092b00000, 0x0000000092b00000, 0x0000000092c00000|  0%| F|  |TAMS 0x0000000092b00000, 0x0000000092b00000| Untracked 
| 300|0x0000000092c00000, 0x0000000092c00000, 0x0000000092d00000|  0%| F|  |TAMS 0x0000000092c00000, 0x0000000092c00000| Untracked 
| 301|0x0000000092d00000, 0x0000000092d00000, 0x0000000092e00000|  0%| F|  |TAMS 0x0000000092d00000, 0x0000000092d00000| Untracked 
| 302|0x0000000092e00000, 0x0000000092e00000, 0x0000000092f00000|  0%| F|  |TAMS 0x0000000092e00000, 0x0000000092e00000| Untracked 
| 303|0x0000000092f00000, 0x0000000092f00000, 0x0000000093000000|  0%| F|  |TAMS 0x0000000092f00000, 0x0000000092f00000| Untracked 
| 304|0x0000000093000000, 0x0000000093000000, 0x0000000093100000|  0%| F|  |TAMS 0x0000000093000000, 0x0000000093000000| Untracked 
| 305|0x0000000093100000, 0x0000000093100000, 0x0000000093200000|  0%| F|  |TAMS 0x0000000093100000, 0x0000000093100000| Untracked 
| 306|0x0000000093200000, 0x0000000093200000, 0x0000000093300000|  0%| F|  |TAMS 0x0000000093200000, 0x0000000093200000| Untracked 
| 307|0x0000000093300000, 0x0000000093300000, 0x0000000093400000|  0%| F|  |TAMS 0x0000000093300000, 0x0000000093300000| Untracked 
| 308|0x0000000093400000, 0x0000000093400000, 0x0000000093500000|  0%| F|  |TAMS 0x0000000093400000, 0x0000000093400000| Untracked 
| 309|0x0000000093500000, 0x0000000093500000, 0x0000000093600000|  0%| F|  |TAMS 0x0000000093500000, 0x0000000093500000| Untracked 
| 310|0x0000000093600000, 0x0000000093600000, 0x0000000093700000|  0%| F|  |TAMS 0x0000000093600000, 0x0000000093600000| Untracked 
| 311|0x0000000093700000, 0x0000000093700000, 0x0000000093800000|  0%| F|  |TAMS 0x0000000093700000, 0x0000000093700000| Untracked 
| 312|0x0000000093800000, 0x0000000093800000, 0x0000000093900000|  0%| F|  |TAMS 0x0000000093800000, 0x0000000093800000| Untracked 
| 313|0x0000000093900000, 0x0000000093900000, 0x0000000093a00000|  0%| F|  |TAMS 0x0000000093900000, 0x0000000093900000| Untracked 
| 314|0x0000000093a00000, 0x0000000093a00000, 0x0000000093b00000|  0%| F|  |TAMS 0x0000000093a00000, 0x0000000093a00000| Untracked 
| 315|0x0000000093b00000, 0x0000000093b00000, 0x0000000093c00000|  0%| F|  |TAMS 0x0000000093b00000, 0x0000000093b00000| Untracked 
| 316|0x0000000093c00000, 0x0000000093c00000, 0x0000000093d00000|  0%| F|  |TAMS 0x0000000093c00000, 0x0000000093c00000| Untracked 
| 317|0x0000000093d00000, 0x0000000093d00000, 0x0000000093e00000|  0%| F|  |TAMS 0x0000000093d00000, 0x0000000093d00000| Untracked 
| 318|0x0000000093e00000, 0x0000000093e00000, 0x0000000093f00000|  0%| F|  |TAMS 0x0000000093e00000, 0x0000000093e00000| Untracked 
| 319|0x0000000093f00000, 0x0000000093f00000, 0x0000000094000000|  0%| F|  |TAMS 0x0000000093f00000, 0x0000000093f00000| Untracked 
| 320|0x0000000094000000, 0x0000000094000000, 0x0000000094100000|  0%| F|  |TAMS 0x0000000094000000, 0x0000000094000000| Untracked 
| 321|0x0000000094100000, 0x0000000094100000, 0x0000000094200000|  0%| F|  |TAMS 0x0000000094100000, 0x0000000094100000| Untracked 
| 322|0x0000000094200000, 0x0000000094200000, 0x0000000094300000|  0%| F|  |TAMS 0x0000000094200000, 0x0000000094200000| Untracked 
| 323|0x0000000094300000, 0x0000000094300000, 0x0000000094400000|  0%| F|  |TAMS 0x0000000094300000, 0x0000000094300000| Untracked 
| 324|0x0000000094400000, 0x0000000094400000, 0x0000000094500000|  0%| F|  |TAMS 0x0000000094400000, 0x0000000094400000| Untracked 
| 325|0x0000000094500000, 0x0000000094500000, 0x0000000094600000|  0%| F|  |TAMS 0x0000000094500000, 0x0000000094500000| Untracked 
| 326|0x0000000094600000, 0x0000000094600000, 0x0000000094700000|  0%| F|  |TAMS 0x0000000094600000, 0x0000000094600000| Untracked 
| 327|0x0000000094700000, 0x0000000094700000, 0x0000000094800000|  0%| F|  |TAMS 0x0000000094700000, 0x0000000094700000| Untracked 
| 328|0x0000000094800000, 0x0000000094800000, 0x0000000094900000|  0%| F|  |TAMS 0x0000000094800000, 0x0000000094800000| Untracked 
| 329|0x0000000094900000, 0x0000000094900000, 0x0000000094a00000|  0%| F|  |TAMS 0x0000000094900000, 0x0000000094900000| Untracked 
| 330|0x0000000094a00000, 0x0000000094a00000, 0x0000000094b00000|  0%| F|  |TAMS 0x0000000094a00000, 0x0000000094a00000| Untracked 
| 331|0x0000000094b00000, 0x0000000094b00000, 0x0000000094c00000|  0%| F|  |TAMS 0x0000000094b00000, 0x0000000094b00000| Untracked 
| 332|0x0000000094c00000, 0x0000000094c00000, 0x0000000094d00000|  0%| F|  |TAMS 0x0000000094c00000, 0x0000000094c00000| Untracked 
| 333|0x0000000094d00000, 0x0000000094d00000, 0x0000000094e00000|  0%| F|  |TAMS 0x0000000094d00000, 0x0000000094d00000| Untracked 
| 334|0x0000000094e00000, 0x0000000094e00000, 0x0000000094f00000|  0%| F|  |TAMS 0x0000000094e00000, 0x0000000094e00000| Untracked 
| 335|0x0000000094f00000, 0x0000000094f00000, 0x0000000095000000|  0%| F|  |TAMS 0x0000000094f00000, 0x0000000094f00000| Untracked 
| 336|0x0000000095000000, 0x0000000095000000, 0x0000000095100000|  0%| F|  |TAMS 0x0000000095000000, 0x0000000095000000| Untracked 
| 337|0x0000000095100000, 0x0000000095100000, 0x0000000095200000|  0%| F|  |TAMS 0x0000000095100000, 0x0000000095100000| Untracked 
| 338|0x0000000095200000, 0x0000000095200000, 0x0000000095300000|  0%| F|  |TAMS 0x0000000095200000, 0x0000000095200000| Untracked 
| 339|0x0000000095300000, 0x0000000095300000, 0x0000000095400000|  0%| F|  |TAMS 0x0000000095300000, 0x0000000095300000| Untracked 
| 340|0x0000000095400000, 0x0000000095400000, 0x0000000095500000|  0%| F|  |TAMS 0x0000000095400000, 0x0000000095400000| Untracked 
| 341|0x0000000095500000, 0x0000000095500000, 0x0000000095600000|  0%| F|  |TAMS 0x0000000095500000, 0x0000000095500000| Untracked 
| 342|0x0000000095600000, 0x0000000095600000, 0x0000000095700000|  0%| F|  |TAMS 0x0000000095600000, 0x0000000095600000| Untracked 
| 343|0x0000000095700000, 0x0000000095700000, 0x0000000095800000|  0%| F|  |TAMS 0x0000000095700000, 0x0000000095700000| Untracked 
| 344|0x0000000095800000, 0x0000000095800000, 0x0000000095900000|  0%| F|  |TAMS 0x0000000095800000, 0x0000000095800000| Untracked 
| 345|0x0000000095900000, 0x0000000095900000, 0x0000000095a00000|  0%| F|  |TAMS 0x0000000095900000, 0x0000000095900000| Untracked 
| 346|0x0000000095a00000, 0x0000000095a00000, 0x0000000095b00000|  0%| F|  |TAMS 0x0000000095a00000, 0x0000000095a00000| Untracked 
| 347|0x0000000095b00000, 0x0000000095b00000, 0x0000000095c00000|  0%| F|  |TAMS 0x0000000095b00000, 0x0000000095b00000| Untracked 
| 348|0x0000000095c00000, 0x0000000095c00000, 0x0000000095d00000|  0%| F|  |TAMS 0x0000000095c00000, 0x0000000095c00000| Untracked 
| 349|0x0000000095d00000, 0x0000000095d00000, 0x0000000095e00000|  0%| F|  |TAMS 0x0000000095d00000, 0x0000000095d00000| Untracked 
| 350|0x0000000095e00000, 0x0000000095e00000, 0x0000000095f00000|  0%| F|  |TAMS 0x0000000095e00000, 0x0000000095e00000| Untracked 
| 351|0x0000000095f00000, 0x0000000095f00000, 0x0000000096000000|  0%| F|  |TAMS 0x0000000095f00000, 0x0000000095f00000| Untracked 
| 352|0x0000000096000000, 0x0000000096000000, 0x0000000096100000|  0%| F|  |TAMS 0x0000000096000000, 0x0000000096000000| Untracked 
| 353|0x0000000096100000, 0x0000000096100000, 0x0000000096200000|  0%| F|  |TAMS 0x0000000096100000, 0x0000000096100000| Untracked 
| 354|0x0000000096200000, 0x0000000096200000, 0x0000000096300000|  0%| F|  |TAMS 0x0000000096200000, 0x0000000096200000| Untracked 
| 355|0x0000000096300000, 0x0000000096300000, 0x0000000096400000|  0%| F|  |TAMS 0x0000000096300000, 0x0000000096300000| Untracked 
| 356|0x0000000096400000, 0x0000000096400000, 0x0000000096500000|  0%| F|  |TAMS 0x0000000096400000, 0x0000000096400000| Untracked 
| 357|0x0000000096500000, 0x0000000096500000, 0x0000000096600000|  0%| F|  |TAMS 0x0000000096500000, 0x0000000096500000| Untracked 
| 358|0x0000000096600000, 0x0000000096600000, 0x0000000096700000|  0%| F|  |TAMS 0x0000000096600000, 0x0000000096600000| Untracked 
| 359|0x0000000096700000, 0x0000000096700000, 0x0000000096800000|  0%| F|  |TAMS 0x0000000096700000, 0x0000000096700000| Untracked 
| 360|0x0000000096800000, 0x0000000096800000, 0x0000000096900000|  0%| F|  |TAMS 0x0000000096800000, 0x0000000096800000| Untracked 
| 361|0x0000000096900000, 0x0000000096900000, 0x0000000096a00000|  0%| F|  |TAMS 0x0000000096900000, 0x0000000096900000| Untracked 
| 362|0x0000000096a00000, 0x0000000096a00000, 0x0000000096b00000|  0%| F|  |TAMS 0x0000000096a00000, 0x0000000096a00000| Untracked 
| 363|0x0000000096b00000, 0x0000000096b00000, 0x0000000096c00000|  0%| F|  |TAMS 0x0000000096b00000, 0x0000000096b00000| Untracked 
| 364|0x0000000096c00000, 0x0000000096c00000, 0x0000000096d00000|  0%| F|  |TAMS 0x0000000096c00000, 0x0000000096c00000| Untracked 
| 365|0x0000000096d00000, 0x0000000096d00000, 0x0000000096e00000|  0%| F|  |TAMS 0x0000000096d00000, 0x0000000096d00000| Untracked 
| 366|0x0000000096e00000, 0x0000000096e00000, 0x0000000096f00000|  0%| F|  |TAMS 0x0000000096e00000, 0x0000000096e00000| Untracked 
| 367|0x0000000096f00000, 0x0000000096f00000, 0x0000000097000000|  0%| F|  |TAMS 0x0000000096f00000, 0x0000000096f00000| Untracked 
| 368|0x0000000097000000, 0x0000000097000000, 0x0000000097100000|  0%| F|  |TAMS 0x0000000097000000, 0x0000000097000000| Untracked 
| 369|0x0000000097100000, 0x0000000097100000, 0x0000000097200000|  0%| F|  |TAMS 0x0000000097100000, 0x0000000097100000| Untracked 
| 370|0x0000000097200000, 0x0000000097200000, 0x0000000097300000|  0%| F|  |TAMS 0x0000000097200000, 0x0000000097200000| Untracked 
| 371|0x0000000097300000, 0x0000000097300000, 0x0000000097400000|  0%| F|  |TAMS 0x0000000097300000, 0x0000000097300000| Untracked 
| 372|0x0000000097400000, 0x0000000097400000, 0x0000000097500000|  0%| F|  |TAMS 0x0000000097400000, 0x0000000097400000| Untracked 
| 373|0x0000000097500000, 0x0000000097500000, 0x0000000097600000|  0%| F|  |TAMS 0x0000000097500000, 0x0000000097500000| Untracked 
| 374|0x0000000097600000, 0x0000000097600000, 0x0000000097700000|  0%| F|  |TAMS 0x0000000097600000, 0x0000000097600000| Untracked 
| 375|0x0000000097700000, 0x0000000097700000, 0x0000000097800000|  0%| F|  |TAMS 0x0000000097700000, 0x0000000097700000| Untracked 
| 376|0x0000000097800000, 0x0000000097800000, 0x0000000097900000|  0%| F|  |TAMS 0x0000000097800000, 0x0000000097800000| Untracked 
| 377|0x0000000097900000, 0x0000000097900000, 0x0000000097a00000|  0%| F|  |TAMS 0x0000000097900000, 0x0000000097900000| Untracked 
| 378|0x0000000097a00000, 0x0000000097a00000, 0x0000000097b00000|  0%| F|  |TAMS 0x0000000097a00000, 0x0000000097a00000| Untracked 
| 379|0x0000000097b00000, 0x0000000097b00000, 0x0000000097c00000|  0%| F|  |TAMS 0x0000000097b00000, 0x0000000097b00000| Untracked 
| 380|0x0000000097c00000, 0x0000000097c00000, 0x0000000097d00000|  0%| F|  |TAMS 0x0000000097c00000, 0x0000000097c00000| Untracked 
| 381|0x0000000097d00000, 0x0000000097d00000, 0x0000000097e00000|  0%| F|  |TAMS 0x0000000097d00000, 0x0000000097d00000| Untracked 
| 382|0x0000000097e00000, 0x0000000097e00000, 0x0000000097f00000|  0%| F|  |TAMS 0x0000000097e00000, 0x0000000097e00000| Untracked 
| 383|0x0000000097f00000, 0x0000000097f00000, 0x0000000098000000|  0%| F|  |TAMS 0x0000000097f00000, 0x0000000097f00000| Untracked 
| 384|0x0000000098000000, 0x0000000098000000, 0x0000000098100000|  0%| F|  |TAMS 0x0000000098000000, 0x0000000098000000| Untracked 
| 385|0x0000000098100000, 0x0000000098100000, 0x0000000098200000|  0%| F|  |TAMS 0x0000000098100000, 0x0000000098100000| Untracked 
| 386|0x0000000098200000, 0x0000000098200000, 0x0000000098300000|  0%| F|  |TAMS 0x0000000098200000, 0x0000000098200000| Untracked 
| 387|0x0000000098300000, 0x0000000098300000, 0x0000000098400000|  0%| F|  |TAMS 0x0000000098300000, 0x0000000098300000| Untracked 
| 388|0x0000000098400000, 0x0000000098400000, 0x0000000098500000|  0%| F|  |TAMS 0x0000000098400000, 0x0000000098400000| Untracked 
| 389|0x0000000098500000, 0x0000000098500000, 0x0000000098600000|  0%| F|  |TAMS 0x0000000098500000, 0x0000000098500000| Untracked 
| 390|0x0000000098600000, 0x0000000098600000, 0x0000000098700000|  0%| F|  |TAMS 0x0000000098600000, 0x0000000098600000| Untracked 
| 391|0x0000000098700000, 0x0000000098700000, 0x0000000098800000|  0%| F|  |TAMS 0x0000000098700000, 0x0000000098700000| Untracked 
| 392|0x0000000098800000, 0x0000000098800000, 0x0000000098900000|  0%| F|  |TAMS 0x0000000098800000, 0x0000000098800000| Untracked 
| 393|0x0000000098900000, 0x0000000098900000, 0x0000000098a00000|  0%| F|  |TAMS 0x0000000098900000, 0x0000000098900000| Untracked 
| 394|0x0000000098a00000, 0x0000000098a00000, 0x0000000098b00000|  0%| F|  |TAMS 0x0000000098a00000, 0x0000000098a00000| Untracked 
| 395|0x0000000098b00000, 0x0000000098b00000, 0x0000000098c00000|  0%| F|  |TAMS 0x0000000098b00000, 0x0000000098b00000| Untracked 
| 396|0x0000000098c00000, 0x0000000098c00000, 0x0000000098d00000|  0%| F|  |TAMS 0x0000000098c00000, 0x0000000098c00000| Untracked 
| 397|0x0000000098d00000, 0x0000000098d00000, 0x0000000098e00000|  0%| F|  |TAMS 0x0000000098d00000, 0x0000000098d00000| Untracked 
| 398|0x0000000098e00000, 0x0000000098e00000, 0x0000000098f00000|  0%| F|  |TAMS 0x0000000098e00000, 0x0000000098e00000| Untracked 
| 399|0x0000000098f00000, 0x0000000098f00000, 0x0000000099000000|  0%| F|  |TAMS 0x0000000098f00000, 0x0000000098f00000| Untracked 
| 400|0x0000000099000000, 0x0000000099000000, 0x0000000099100000|  0%| F|  |TAMS 0x0000000099000000, 0x0000000099000000| Untracked 
| 401|0x0000000099100000, 0x0000000099100000, 0x0000000099200000|  0%| F|  |TAMS 0x0000000099100000, 0x0000000099100000| Untracked 
| 402|0x0000000099200000, 0x0000000099200000, 0x0000000099300000|  0%| F|  |TAMS 0x0000000099200000, 0x0000000099200000| Untracked 
| 403|0x0000000099300000, 0x0000000099300000, 0x0000000099400000|  0%| F|  |TAMS 0x0000000099300000, 0x0000000099300000| Untracked 
| 404|0x0000000099400000, 0x0000000099400000, 0x0000000099500000|  0%| F|  |TAMS 0x0000000099400000, 0x0000000099400000| Untracked 
| 405|0x0000000099500000, 0x0000000099500000, 0x0000000099600000|  0%| F|  |TAMS 0x0000000099500000, 0x0000000099500000| Untracked 
| 406|0x0000000099600000, 0x0000000099600000, 0x0000000099700000|  0%| F|  |TAMS 0x0000000099600000, 0x0000000099600000| Untracked 
| 407|0x0000000099700000, 0x0000000099700000, 0x0000000099800000|  0%| F|  |TAMS 0x0000000099700000, 0x0000000099700000| Untracked 
| 408|0x0000000099800000, 0x0000000099800000, 0x0000000099900000|  0%| F|  |TAMS 0x0000000099800000, 0x0000000099800000| Untracked 
| 409|0x0000000099900000, 0x0000000099900000, 0x0000000099a00000|  0%| F|  |TAMS 0x0000000099900000, 0x0000000099900000| Untracked 
| 410|0x0000000099a00000, 0x0000000099a00000, 0x0000000099b00000|  0%| F|  |TAMS 0x0000000099a00000, 0x0000000099a00000| Untracked 
| 411|0x0000000099b00000, 0x0000000099b00000, 0x0000000099c00000|  0%| F|  |TAMS 0x0000000099b00000, 0x0000000099b00000| Untracked 
| 412|0x0000000099c00000, 0x0000000099c00000, 0x0000000099d00000|  0%| F|  |TAMS 0x0000000099c00000, 0x0000000099c00000| Untracked 
| 413|0x0000000099d00000, 0x0000000099d00000, 0x0000000099e00000|  0%| F|  |TAMS 0x0000000099d00000, 0x0000000099d00000| Untracked 
| 414|0x0000000099e00000, 0x0000000099e00000, 0x0000000099f00000|  0%| F|  |TAMS 0x0000000099e00000, 0x0000000099e00000| Untracked 
| 415|0x0000000099f00000, 0x0000000099f00000, 0x000000009a000000|  0%| F|  |TAMS 0x0000000099f00000, 0x0000000099f00000| Untracked 
| 416|0x000000009a000000, 0x000000009a000000, 0x000000009a100000|  0%| F|  |TAMS 0x000000009a000000, 0x000000009a000000| Untracked 
| 417|0x000000009a100000, 0x000000009a100000, 0x000000009a200000|  0%| F|  |TAMS 0x000000009a100000, 0x000000009a100000| Untracked 
| 418|0x000000009a200000, 0x000000009a200000, 0x000000009a300000|  0%| F|  |TAMS 0x000000009a200000, 0x000000009a200000| Untracked 
| 419|0x000000009a300000, 0x000000009a300000, 0x000000009a400000|  0%| F|  |TAMS 0x000000009a300000, 0x000000009a300000| Untracked 
| 420|0x000000009a400000, 0x000000009a410010, 0x000000009a500000|  6%| S|CS|TAMS 0x000000009a400000, 0x000000009a400000| Complete 
| 421|0x000000009a500000, 0x000000009a600000, 0x000000009a600000|100%| S|CS|TAMS 0x000000009a500000, 0x000000009a500000| Complete 
| 422|0x000000009a600000, 0x000000009a700000, 0x000000009a700000|100%| S|CS|TAMS 0x000000009a600000, 0x000000009a600000| Complete 
| 423|0x000000009a700000, 0x000000009a700000, 0x000000009a800000|  0%| F|  |TAMS 0x000000009a700000, 0x000000009a700000| Untracked 
| 424|0x000000009a800000, 0x000000009a800000, 0x000000009a900000|  0%| F|  |TAMS 0x000000009a800000, 0x000000009a800000| Untracked 
| 425|0x000000009a900000, 0x000000009a900000, 0x000000009aa00000|  0%| F|  |TAMS 0x000000009a900000, 0x000000009a900000| Untracked 
| 426|0x000000009aa00000, 0x000000009aa00000, 0x000000009ab00000|  0%| F|  |TAMS 0x000000009aa00000, 0x000000009aa00000| Untracked 
| 427|0x000000009ab00000, 0x000000009ab00000, 0x000000009ac00000|  0%| F|  |TAMS 0x000000009ab00000, 0x000000009ab00000| Untracked 
| 428|0x000000009ac00000, 0x000000009ac00000, 0x000000009ad00000|  0%| F|  |TAMS 0x000000009ac00000, 0x000000009ac00000| Untracked 
| 429|0x000000009ad00000, 0x000000009ad00000, 0x000000009ae00000|  0%| F|  |TAMS 0x000000009ad00000, 0x000000009ad00000| Untracked 
| 430|0x000000009ae00000, 0x000000009ae00000, 0x000000009af00000|  0%| F|  |TAMS 0x000000009ae00000, 0x000000009ae00000| Untracked 
| 431|0x000000009af00000, 0x000000009af00000, 0x000000009b000000|  0%| F|  |TAMS 0x000000009af00000, 0x000000009af00000| Untracked 
| 432|0x000000009b000000, 0x000000009b000000, 0x000000009b100000|  0%| F|  |TAMS 0x000000009b000000, 0x000000009b000000| Untracked 
| 433|0x000000009b100000, 0x000000009b100000, 0x000000009b200000|  0%| F|  |TAMS 0x000000009b100000, 0x000000009b100000| Untracked 
| 434|0x000000009b200000, 0x000000009b200000, 0x000000009b300000|  0%| F|  |TAMS 0x000000009b200000, 0x000000009b200000| Untracked 
| 435|0x000000009b300000, 0x000000009b300000, 0x000000009b400000|  0%| F|  |TAMS 0x000000009b300000, 0x000000009b300000| Untracked 
| 436|0x000000009b400000, 0x000000009b400000, 0x000000009b500000|  0%| F|  |TAMS 0x000000009b400000, 0x000000009b400000| Untracked 
| 437|0x000000009b500000, 0x000000009b500000, 0x000000009b600000|  0%| F|  |TAMS 0x000000009b500000, 0x000000009b500000| Untracked 
| 438|0x000000009b600000, 0x000000009b600000, 0x000000009b700000|  0%| F|  |TAMS 0x000000009b600000, 0x000000009b600000| Untracked 
| 439|0x000000009b700000, 0x000000009b700000, 0x000000009b800000|  0%| F|  |TAMS 0x000000009b700000, 0x000000009b700000| Untracked 
| 440|0x000000009b800000, 0x000000009b800000, 0x000000009b900000|  0%| F|  |TAMS 0x000000009b800000, 0x000000009b800000| Untracked 
| 441|0x000000009b900000, 0x000000009b900000, 0x000000009ba00000|  0%| F|  |TAMS 0x000000009b900000, 0x000000009b900000| Untracked 

Card table byte_map: [0x000002cae4330000,0x000002cae4730000] _byte_map_base: 0x000002cae3f30000

Marking Bits (Prev, Next): (CMBitMap*) 0x000002cad178d940, (CMBitMap*) 0x000002cad178d900
 Prev Bits: [0x000002cae6b30000, 0x000002cae8b30000)
 Next Bits: [0x000002cae4b30000, 0x000002cae6b30000)

Polling page: 0x000002cacf6e0000

Metaspace:

Usage:
  Non-class:    128.28 MB used.
      Class:     19.60 MB used.
       Both:    147.88 MB used.

Virtual space:
  Non-class space:      192.00 MB reserved,     129.00 MB ( 67%) committed,  3 nodes.
      Class space:        1.00 GB reserved,      20.25 MB (  2%) committed,  1 nodes.
             Both:        1.19 GB reserved,     149.25 MB ( 12%) committed. 

Chunk freelists:
   Non-Class:  14.09 MB
       Class:  11.77 MB
        Both:  25.87 MB

MaxMetaspaceSize: unlimited
CompressedClassSpaceSize: 1.00 GB
Initial GC threshold: 21.00 MB
Current GC threshold: 247.50 MB
CDS: off
MetaspaceReclaimPolicy: balanced
 - commit_granule_bytes: 65536.
 - commit_granule_words: 8192.
 - virtual_space_node_default_size: 8388608.
 - enlarge_chunks_in_place: 1.
 - new_chunks_are_fully_committed: 0.
 - uncommit_free_chunks: 1.
 - use_allocation_guard: 0.
 - handle_deallocations: 1.


Internal statistics:

num_allocs_failed_limit: 6.
num_arena_births: 2506.
num_arena_deaths: 62.
num_vsnodes_births: 4.
num_vsnodes_deaths: 0.
num_space_committed: 2387.
num_space_uncommitted: 2.
num_chunks_returned_to_freelist: 106.
num_chunks_taken_from_freelist: 8505.
num_chunk_merges: 39.
num_chunk_splits: 5509.
num_chunks_enlarged: 3457.
num_inconsistent_stats: 0.

CodeHeap 'non-profiled nmethods': size=120000Kb used=19358Kb max_used=19358Kb free=100641Kb
 bounds [0x000002cadc6d0000, 0x000002cadd9c0000, 0x000002cae3c00000]
CodeHeap 'profiled nmethods': size=120000Kb used=46273Kb max_used=46273Kb free=73726Kb
 bounds [0x000002cad4c00000, 0x000002cad7940000, 0x000002cadc130000]
CodeHeap 'non-nmethods': size=5760Kb used=2482Kb max_used=2558Kb free=3277Kb
 bounds [0x000002cadc130000, 0x000002cadc3c0000, 0x000002cadc6d0000]
 total_blobs=23765 nmethods=22755 adapters=921
 compilation: enabled
              stopped_count=0, restarted_count=0
 full_count=0

Compilation events (20 events):
Event: 1186.325 Thread 0x000002caeb7b9b50 nmethod 28562 0x000002cad792d490 code [0x000002cad792d640, 0x000002cad792d808]
Event: 1186.325 Thread 0x000002caeb7b9b50 28563       2       com.android.tools.r8.dex.code.S3::<init> (7 bytes)
Event: 1186.325 Thread 0x000002caeb7b9b50 nmethod 28563 0x000002cad792d990 code [0x000002cad792db20, 0x000002cad792dc48]
Event: 1186.325 Thread 0x000002caeb7b9b50 28553       2       com.android.tools.r8.internal.id::a (71 bytes)
Event: 1186.326 Thread 0x000002caeb7b9b50 nmethod 28553 0x000002cad792dd10 code [0x000002cad792dec0, 0x000002cad792e178]
Event: 1186.326 Thread 0x000002caeb7b9b50 28552       2       com.android.tools.r8.ir.optimize.z$$Lambda$3161/0x000000010122b440::test (8 bytes)
Event: 1186.326 Thread 0x000002caeb7b9b50 nmethod 28552 0x000002cad792e410 code [0x000002cad792e5c0, 0x000002cad792e728]
Event: 1186.326 Thread 0x000002caeb7b9b50 28550       2       com.android.tools.r8.ir.optimize.z$$Lambda$3157/0x000000010122a148::compare (12 bytes)
Event: 1186.326 Thread 0x000002caeb7b9b50 nmethod 28550 0x000002cad792e810 code [0x000002cad792ea00, 0x000002cad792ed18]
Event: 1186.326 Thread 0x000002caeb7b9b50 28551       2       com.android.tools.r8.ir.optimize.z::a (32 bytes)
Event: 1186.326 Thread 0x000002caeb7b9b50 nmethod 28551 0x000002cad792ee90 code [0x000002cad792f060, 0x000002cad792f2d8]
Event: 1186.326 Thread 0x000002caeb7b9b50 28565       1       com.android.tools.r8.internal.oN::H (2 bytes)
Event: 1186.326 Thread 0x000002caeb7b9b50 nmethod 28565 0x000002cadd9b7790 code [0x000002cadd9b7920, 0x000002cadd9b79f8]
Event: 1186.331 Thread 0x000002caeb7b9b50 28602       3       com.android.tools.r8.graph.q5::a (116 bytes)
Event: 1186.331 Thread 0x000002caeb7b9b50 nmethod 28602 0x000002cad792f410 code [0x000002cad792f680, 0x000002cad79302c8]
Event: 1186.344 Thread 0x000002caeb7b9b50 28607       3       com.android.tools.r8.dex.code.z0::a (71 bytes)
Event: 1186.345 Thread 0x000002caeb7b9b50 nmethod 28607 0x000002cad7930710 code [0x000002cad7930920, 0x000002cad79310d8]
Event: 1186.345 Thread 0x000002caeb7b9b50 28608       3       com.android.tools.r8.dex.code.O2::a (39 bytes)
Event: 1186.345 Thread 0x000002caeb7b9b50 nmethod 28608 0x000002cad7931490 code [0x000002cad7931680, 0x000002cad7931c08]
Event: 1186.345 Thread 0x000002caeb7b9b50 28609       3       com.android.tools.r8.dex.code.X0::a (55 bytes)

GC Heap History (20 events):
Event: 513.571 GC heap after
{Heap after GC invocations=66 (full 0):
 garbage-first heap   total 389120K, used 131175K [0x0000000080000000, 0x0000000100000000)
  region size 1024K, 2 young (2048K), 2 survivors (2048K)
 Metaspace       used 147276K, committed 148352K, reserved 1179648K
  class space    used 19693K, committed 20224K, reserved 1048576K
}
Event: 832.002 GC heap before
{Heap before GC invocations=66 (full 0):
 garbage-first heap   total 389120K, used 307303K [0x0000000080000000, 0x0000000100000000)
  region size 1024K, 175 young (179200K), 2 survivors (2048K)
 Metaspace       used 147865K, committed 148864K, reserved 1179648K
  class space    used 19712K, committed 20224K, reserved 1048576K
}
Event: 832.015 GC heap after
{Heap after GC invocations=67 (full 0):
 garbage-first heap   total 389120K, used 138472K [0x0000000080000000, 0x0000000100000000)
  region size 1024K, 9 young (9216K), 9 survivors (9216K)
 Metaspace       used 147865K, committed 148864K, reserved 1179648K
  class space    used 19712K, committed 20224K, reserved 1048576K
}
Event: 835.013 GC heap before
{Heap before GC invocations=68 (full 0):
 garbage-first heap   total 389120K, used 363752K [0x0000000080000000, 0x0000000100000000)
  region size 1024K, 131 young (134144K), 9 survivors (9216K)
 Metaspace       used 149206K, committed 150272K, reserved 1179648K
  class space    used 19857K, committed 20352K, reserved 1048576K
}
Event: 835.026 GC heap after
{Heap after GC invocations=69 (full 0):
 garbage-first heap   total 389120K, used 170909K [0x0000000080000000, 0x0000000100000000)
  region size 1024K, 16 young (16384K), 16 survivors (16384K)
 Metaspace       used 149206K, committed 150272K, reserved 1179648K
  class space    used 19857K, committed 20352K, reserved 1048576K
}
Event: 835.289 GC heap before
{Heap before GC invocations=69 (full 0):
 garbage-first heap   total 389120K, used 201629K [0x0000000080000000, 0x0000000100000000)
  region size 1024K, 19 young (19456K), 16 survivors (16384K)
 Metaspace       used 149210K, committed 150272K, reserved 1179648K
  class space    used 19857K, committed 20352K, reserved 1048576K
}
Event: 835.301 GC heap after
{Heap after GC invocations=70 (full 0):
 garbage-first heap   total 389120K, used 140968K [0x0000000080000000, 0x0000000100000000)
  region size 1024K, 2 young (2048K), 2 survivors (2048K)
 Metaspace       used 149210K, committed 150272K, reserved 1179648K
  class space    used 19857K, committed 20352K, reserved 1048576K
}
Event: 1051.697 GC heap before
{Heap before GC invocations=70 (full 0):
 garbage-first heap   total 389120K, used 306856K [0x0000000080000000, 0x0000000100000000)
  region size 1024K, 166 young (169984K), 2 survivors (2048K)
 Metaspace       used 150172K, committed 151616K, reserved 1179648K
  class space    used 20044K, committed 20736K, reserved 1048576K
}
Event: 1051.710 GC heap after
{Heap after GC invocations=71 (full 0):
 garbage-first heap   total 389120K, used 153106K [0x0000000080000000, 0x0000000100000000)
  region size 1024K, 14 young (14336K), 14 survivors (14336K)
 Metaspace       used 150172K, committed 151616K, reserved 1179648K
  class space    used 20044K, committed 20736K, reserved 1048576K
}
Event: 1182.375 GC heap before
{Heap before GC invocations=72 (full 0):
 garbage-first heap   total 452608K, used 423442K [0x0000000080000000, 0x0000000100000000)
  region size 1024K, 147 young (150528K), 14 survivors (14336K)
 Metaspace       used 150472K, committed 151872K, reserved 1245184K
  class space    used 20050K, committed 20736K, reserved 1048576K
}
Event: 1182.391 GC heap after
{Heap after GC invocations=73 (full 0):
 garbage-first heap   total 452608K, used 151273K [0x0000000080000000, 0x0000000100000000)
  region size 1024K, 10 young (10240K), 10 survivors (10240K)
 Metaspace       used 150472K, committed 151872K, reserved 1245184K
  class space    used 20050K, committed 20736K, reserved 1048576K
}
Event: 1182.466 GC heap before
{Heap before GC invocations=73 (full 0):
 garbage-first heap   total 452608K, used 163561K [0x0000000080000000, 0x0000000100000000)
  region size 1024K, 22 young (22528K), 10 survivors (10240K)
 Metaspace       used 150485K, committed 151872K, reserved 1245184K
  class space    used 20050K, committed 20736K, reserved 1048576K
}
Event: 1182.484 GC heap after
{Heap after GC invocations=74 (full 0):
 garbage-first heap   total 452608K, used 145608K [0x0000000080000000, 0x0000000100000000)
  region size 1024K, 3 young (3072K), 3 survivors (3072K)
 Metaspace       used 150485K, committed 151872K, reserved 1245184K
  class space    used 20050K, committed 20736K, reserved 1048576K
}
Event: 1184.727 GC heap before
{Heap before GC invocations=74 (full 0):
 garbage-first heap   total 452608K, used 221384K [0x0000000080000000, 0x0000000100000000)
  region size 1024K, 79 young (80896K), 3 survivors (3072K)
 Metaspace       used 150624K, committed 152064K, reserved 1245184K
  class space    used 20051K, committed 20736K, reserved 1048576K
}
Event: 1184.733 GC heap after
{Heap after GC invocations=75 (full 0):
 garbage-first heap   total 452608K, used 150264K [0x0000000080000000, 0x0000000100000000)
  region size 1024K, 8 young (8192K), 8 survivors (8192K)
 Metaspace       used 150624K, committed 152064K, reserved 1245184K
  class space    used 20051K, committed 20736K, reserved 1048576K
}
Event: 1186.112 GC heap before
{Heap before GC invocations=76 (full 0):
 garbage-first heap   total 452608K, used 319224K [0x0000000080000000, 0x0000000100000000)
  region size 1024K, 172 young (176128K), 8 survivors (8192K)
 Metaspace       used 151383K, committed 152768K, reserved 1245184K
  class space    used 20074K, committed 20736K, reserved 1048576K
}
Event: 1186.126 GC heap after
{Heap after GC invocations=77 (full 0):
 garbage-first heap   total 452608K, used 155434K [0x0000000080000000, 0x0000000100000000)
  region size 1024K, 15 young (15360K), 15 survivors (15360K)
 Metaspace       used 151383K, committed 152768K, reserved 1245184K
  class space    used 20074K, committed 20736K, reserved 1048576K
}
Event: 1186.201 GC heap before
{Heap before GC invocations=77 (full 0):
 garbage-first heap   total 452608K, used 161578K [0x0000000080000000, 0x0000000100000000)
  region size 1024K, 22 young (22528K), 15 survivors (15360K)
 Metaspace       used 151413K, committed 152832K, reserved 1245184K
  class space    used 20074K, committed 20736K, reserved 1048576K
}
Event: 1186.220 GC heap after
{Heap after GC invocations=78 (full 0):
 garbage-first heap   total 452608K, used 147404K [0x0000000080000000, 0x0000000100000000)
  region size 1024K, 3 young (3072K), 3 survivors (3072K)
 Metaspace       used 151413K, committed 152832K, reserved 1245184K
  class space    used 20074K, committed 20736K, reserved 1048576K
}
Event: 1186.345 GC heap before
{Heap before GC invocations=78 (full 0):
 garbage-first heap   total 452608K, used 161740K [0x0000000080000000, 0x0000000100000000)
  region size 1024K, 19 young (19456K), 3 survivors (3072K)
 Metaspace       used 151428K, committed 152832K, reserved 1245184K
  class space    used 20074K, committed 20736K, reserved 1048576K
}

Dll operation events (3 events):
Event: 0.016 Loaded shared library C:\Program Files\Android\Android Studio\jbr\bin\java.dll
Event: 0.212 Loaded shared library C:\Program Files\Android\Android Studio\jbr\bin\zip.dll
Event: 0.899 Loaded shared library C:\Program Files\Android\Android Studio\jbr\bin\verify.dll

Deoptimization events (20 events):
Event: 1186.316 Thread 0x000002caf0af3f70 DEOPT PACKING pc=0x000002cad78d56a5 sp=0x000000d1fc3fd0a0
Event: 1186.316 Thread 0x000002caf0af3f70 DEOPT UNPACKING pc=0x000002cadc18ace3 sp=0x000000d1fc3fc590 mode 0
Event: 1186.318 Thread 0x000002caf0af3f70 DEOPT PACKING pc=0x000002cad78d56a5 sp=0x000000d1fc3fd020
Event: 1186.318 Thread 0x000002caf0af3f70 DEOPT UNPACKING pc=0x000002cadc18ace3 sp=0x000000d1fc3fc510 mode 0
Event: 1186.321 Thread 0x000002caf0af3f70 DEOPT PACKING pc=0x000002cad7836e94 sp=0x000000d1fc3fcff0
Event: 1186.321 Thread 0x000002caf0af3f70 DEOPT UNPACKING pc=0x000002cadc18ace3 sp=0x000000d1fc3fc4d8 mode 0
Event: 1186.323 Thread 0x000002caf0af3f70 DEOPT PACKING pc=0x000002cad7836e94 sp=0x000000d1fc3fcff0
Event: 1186.323 Thread 0x000002caf0af3f70 DEOPT UNPACKING pc=0x000002cadc18ace3 sp=0x000000d1fc3fc4d8 mode 0
Event: 1186.324 Thread 0x000002caf0af3f70 DEOPT PACKING pc=0x000002cad7836e94 sp=0x000000d1fc3fcff0
Event: 1186.325 Thread 0x000002caf0af3f70 DEOPT UNPACKING pc=0x000002cadc18ace3 sp=0x000000d1fc3fc4d8 mode 0
Event: 1186.326 Thread 0x000002caf0af3f70 DEOPT PACKING pc=0x000002cad78d56a5 sp=0x000000d1fc3fcfe0
Event: 1186.326 Thread 0x000002caf0af3f70 DEOPT UNPACKING pc=0x000002cadc18ace3 sp=0x000000d1fc3fc4d0 mode 0
Event: 1186.326 Thread 0x000002caf0af3f70 DEOPT PACKING pc=0x000002cad7836e94 sp=0x000000d1fc3fcff0
Event: 1186.326 Thread 0x000002caf0af3f70 DEOPT UNPACKING pc=0x000002cadc18ace3 sp=0x000000d1fc3fc4d8 mode 0
Event: 1186.328 Thread 0x000002caf0af3f70 DEOPT PACKING pc=0x000002cad7836e94 sp=0x000000d1fc3fcff0
Event: 1186.328 Thread 0x000002caf0af3f70 DEOPT UNPACKING pc=0x000002cadc18ace3 sp=0x000000d1fc3fc4d8 mode 0
Event: 1186.329 Thread 0x000002caf0af3f70 DEOPT PACKING pc=0x000002cad78d56a5 sp=0x000000d1fc3fcfe0
Event: 1186.329 Thread 0x000002caf0af3f70 DEOPT UNPACKING pc=0x000002cadc18ace3 sp=0x000000d1fc3fc4d0 mode 0
Event: 1186.330 Thread 0x000002caf0af3f70 DEOPT PACKING pc=0x000002cad78d56a5 sp=0x000000d1fc3fcfe0
Event: 1186.330 Thread 0x000002caf0af3f70 DEOPT UNPACKING pc=0x000002cadc18ace3 sp=0x000000d1fc3fc4d0 mode 0

Classes unloaded (20 events):
Event: 54.386 Thread 0x000002caeb7088f0 Unloading class 0x0000000100fd14c8 'com/bumptech/glide/annotation/compiler/AppModuleProcessor'
Event: 54.386 Thread 0x000002caeb7088f0 Unloading class 0x0000000100fd1298 'com/bumptech/glide/annotation/compiler/LibraryModuleProcessor'
Event: 54.386 Thread 0x000002caeb7088f0 Unloading class 0x0000000100fd1068 'com/bumptech/glide/annotation/compiler/IndexerGenerator'
Event: 54.386 Thread 0x000002caeb7088f0 Unloading class 0x0000000100fd0e40 'com/bumptech/glide/repackaged/com/squareup/javapoet/Util'
Event: 54.386 Thread 0x000002caeb7088f0 Unloading class 0x0000000100fd0bd8 'com/bumptech/glide/repackaged/com/squareup/javapoet/TypeVariableName'
Event: 54.386 Thread 0x000002caeb7088f0 Unloading class 0x0000000100fd0970 'com/bumptech/glide/repackaged/com/squareup/javapoet/ParameterizedTypeName'
Event: 54.386 Thread 0x000002caeb7088f0 Unloading class 0x0000000100fd0708 'com/bumptech/glide/repackaged/com/squareup/javapoet/ArrayTypeName'
Event: 54.386 Thread 0x000002caeb7088f0 Unloading class 0x0000000100fd0488 'com/bumptech/glide/repackaged/com/squareup/javapoet/ClassName'
Event: 54.386 Thread 0x000002caeb7088f0 Unloading class 0x0000000100fd0220 'com/bumptech/glide/repackaged/com/squareup/javapoet/TypeName'
Event: 54.386 Thread 0x000002caeb7088f0 Unloading class 0x0000000100fd0000 'com/bumptech/glide/repackaged/com/google/common/base/Function'
Event: 54.386 Thread 0x000002caeb7088f0 Unloading class 0x0000000100f184d8 'com/bumptech/glide/repackaged/com/google/common/base/Predicate'
Event: 54.386 Thread 0x000002caeb7088f0 Unloading class 0x0000000100f182a8 'com/bumptech/glide/annotation/compiler/ProcessorUtil'
Event: 54.386 Thread 0x000002caeb7088f0 Unloading class 0x0000000100f18000 'com/bumptech/glide/annotation/compiler/GlideAnnotationProcessor'
Event: 431.660 Thread 0x000002caeb7088f0 Unloading class 0x00000001012e4000 'java/lang/invoke/LambdaForm$DMH+0x00000001012e4000'
Event: 431.660 Thread 0x000002caeb7088f0 Unloading class 0x0000000101209000 'java/lang/invoke/LambdaForm$DMH+0x0000000101209000'
Event: 431.660 Thread 0x000002caeb7088f0 Unloading class 0x0000000101208c00 'java/lang/invoke/LambdaForm$DMH+0x0000000101208c00'
Event: 431.660 Thread 0x000002caeb7088f0 Unloading class 0x0000000101208800 'java/lang/invoke/LambdaForm$DMH+0x0000000101208800'
Event: 431.660 Thread 0x000002caeb7088f0 Unloading class 0x00000001011e0c00 'java/lang/invoke/LambdaForm$DMH+0x00000001011e0c00'
Event: 431.660 Thread 0x000002caeb7088f0 Unloading class 0x00000001011e0800 'java/lang/invoke/LambdaForm$DMH+0x00000001011e0800'
Event: 431.660 Thread 0x000002caeb7088f0 Unloading class 0x00000001011e0400 'java/lang/invoke/LambdaForm$DMH+0x00000001011e0400'

Classes redefined (0 events):
No events

Internal exceptions (20 events):
Event: 1185.471 Thread 0x000002caf4f73680 Exception <a 'sun/nio/fs/WindowsException'{0x0000000097b09a88}> (0x0000000097b09a88) 
thrown [s\src\hotspot\share\prims\jni.cpp, line 517]
Event: 1185.489 Thread 0x000002caf4f73680 Exception <a 'sun/nio/fs/WindowsException'{0x0000000097aced60}> (0x0000000097aced60) 
thrown [s\src\hotspot\share\prims\jni.cpp, line 517]
Event: 1185.495 Thread 0x000002caf4f73680 Exception <a 'sun/nio/fs/WindowsException'{0x000000009794e190}> (0x000000009794e190) 
thrown [s\src\hotspot\share\prims\jni.cpp, line 517]
Event: 1185.495 Thread 0x000002caf4f73680 Exception <a 'sun/nio/fs/WindowsException'{0x000000009794e550}> (0x000000009794e550) 
thrown [s\src\hotspot\share\prims\jni.cpp, line 517]
Event: 1185.497 Thread 0x000002caf4f73680 Exception <a 'sun/nio/fs/WindowsException'{0x0000000097998400}> (0x0000000097998400) 
thrown [s\src\hotspot\share\prims\jni.cpp, line 517]
Event: 1185.497 Thread 0x000002caf4f73680 Exception <a 'sun/nio/fs/WindowsException'{0x00000000979987c0}> (0x00000000979987c0) 
thrown [s\src\hotspot\share\prims\jni.cpp, line 517]
Event: 1185.498 Thread 0x000002caf4f73680 Exception <a 'sun/nio/fs/WindowsException'{0x00000000979aac40}> (0x00000000979aac40) 
thrown [s\src\hotspot\share\prims\jni.cpp, line 517]
Event: 1185.498 Thread 0x000002caf4f73680 Exception <a 'sun/nio/fs/WindowsException'{0x00000000979aaff0}> (0x00000000979aaff0) 
thrown [s\src\hotspot\share\prims\jni.cpp, line 517]
Event: 1185.518 Thread 0x000002caf4f73680 Exception <a 'sun/nio/fs/WindowsException'{0x00000000977b0618}> (0x00000000977b0618) 
thrown [s\src\hotspot\share\prims\jni.cpp, line 517]
Event: 1185.520 Thread 0x000002caf4f73680 Exception <a 'sun/nio/fs/WindowsException'{0x00000000977b8c28}> (0x00000000977b8c28) 
thrown [s\src\hotspot\share\prims\jni.cpp, line 517]
Event: 1185.524 Thread 0x000002caf4f73680 Exception <a 'sun/nio/fs/WindowsException'{0x00000000977c7260}> (0x00000000977c7260) 
thrown [s\src\hotspot\share\prims\jni.cpp, line 517]
Event: 1185.535 Thread 0x000002caf4f73680 Exception <a 'sun/nio/fs/WindowsException'{0x0000000097643ad8}> (0x0000000097643ad8) 
thrown [s\src\hotspot\share\prims\jni.cpp, line 517]
Event: 1185.552 Thread 0x000002caf4f73680 Exception <a 'sun/nio/fs/WindowsException'{0x00000000975563f8}> (0x00000000975563f8) 
thrown [s\src\hotspot\share\prims\jni.cpp, line 517]
Event: 1185.566 Thread 0x000002caf4f73680 Exception <a 'sun/nio/fs/WindowsException'{0x0000000097412958}> (0x0000000097412958) 
thrown [s\src\hotspot\share\prims\jni.cpp, line 517]
Event: 1185.575 Thread 0x000002caf4f73680 Exception <a 'sun/nio/fs/WindowsException'{0x000000009744ac80}> (0x000000009744ac80) 
thrown [s\src\hotspot\share\prims\jni.cpp, line 517]
Event: 1185.585 Thread 0x000002caf4f73680 Exception <a 'sun/nio/fs/WindowsException'{0x00000000974b9bd0}> (0x00000000974b9bd0) 
thrown [s\src\hotspot\share\prims\jni.cpp, line 517]
Event: 1185.597 Thread 0x000002caf4f73680 Exception <a 'sun/nio/fs/WindowsException'{0x0000000097335a88}> (0x0000000097335a88) 
thrown [s\src\hotspot\share\prims\jni.cpp, line 517]
Event: 1185.749 Thread 0x000002caf4f73680 Exception <a 'sun/nio/fs/WindowsException'{0x00000000962620a0}> (0x00000000962620a0) 
thrown [s\src\hotspot\share\prims\jni.cpp, line 517]
Event: 1185.755 Thread 0x000002caf40c94a0 Exception <a 'sun/nio/fs/WindowsException'{0x00000000961cfd30}> (0x00000000961cfd30) 
thrown [s\src\hotspot\share\prims\jni.cpp, line 517]
Event: 1186.164 Thread 0x000002caf40c94a0 Exception <a 'sun/nio/fs/WindowsException'{0x000000009b8b9af0}> (0x000000009b8b9af0) 
thrown [s\src\hotspot\share\prims\jni.cpp, line 517]

VM Operations (20 events):
Event: 1184.509 Executing VM operation: Cleanup done
Event: 1184.726 Executing VM operation: G1TryInitiateConcMark
Event: 1184.734 Executing VM operation: G1TryInitiateConcMark done
Event: 1184.888 Executing VM operation: G1Concurrent
Event: 1184.904 Executing VM operation: G1Concurrent done
Event: 1184.986 Executing VM operation: G1Concurrent
Event: 1184.986 Executing VM operation: G1Concurrent done
Event: 1185.352 Executing VM operation: ICBufferFull
Event: 1185.352 Executing VM operation: ICBufferFull done
Event: 1185.573 Executing VM operation: ICBufferFull
Event: 1185.573 Executing VM operation: ICBufferFull done
Event: 1185.839 Executing VM operation: ICBufferFull
Event: 1185.855 Executing VM operation: ICBufferFull done
Event: 1186.089 Executing VM operation: ICBufferFull
Event: 1186.089 Executing VM operation: ICBufferFull done
Event: 1186.112 Executing VM operation: G1CollectForAllocation
Event: 1186.127 Executing VM operation: G1CollectForAllocation done
Event: 1186.201 Executing VM operation: G1CollectForAllocation
Event: 1186.221 Executing VM operation: G1CollectForAllocation done
Event: 1186.345 Executing VM operation: G1TryInitiateConcMark

Events (20 events):
Event: 1182.723 Thread 0x000002caf28cc910 Thread added: 0x000002caf28cc910
Event: 1182.732 Thread 0x000002caf28cd780 Thread added: 0x000002caf28cd780
Event: 1182.732 Thread 0x000002caf28ce120 Thread added: 0x000002caf28ce120
Event: 1184.482 Thread 0x000002caf0f73bf0 Thread exited: 0x000002caf0f73bf0
Event: 1184.482 Thread 0x000002caf0f74b20 Thread exited: 0x000002caf0f74b20
Event: 1184.506 Thread 0x000002caf28c68d0 Thread added: 0x000002caf28c68d0
Event: 1184.506 Thread 0x000002caf28c7740 Thread added: 0x000002caf28c7740
Event: 1184.507 Thread 0x000002caf28c8f50 Thread added: 0x000002caf28c8f50
Event: 1184.507 Thread 0x000002caf28c6da0 Thread added: 0x000002caf28c6da0
Event: 1184.507 Thread 0x000002caf28c9420 Thread added: 0x000002caf28c9420
Event: 1184.507 Thread 0x000002caf0af6120 Thread added: 0x000002caf0af6120
Event: 1184.507 Thread 0x000002caf0af65f0 Thread added: 0x000002caf0af65f0
Event: 1184.686 Thread 0x000002caf0f71d90 Thread added: 0x000002caf0f71d90
Event: 1184.686 Thread 0x000002caf0f75f60 Thread added: 0x000002caf0f75f60
Event: 1185.751 Thread 0x000002caf0af6ac0 Thread added: 0x000002caf0af6ac0
Event: 1185.752 Thread 0x000002caf0af3f70 Thread added: 0x000002caf0af3f70
Event: 1185.753 Thread 0x000002caf0af6f90 Thread added: 0x000002caf0af6f90
Event: 1185.753 Thread 0x000002caf0af3100 Thread added: 0x000002caf0af3100
Event: 1185.753 Thread 0x000002caf0aef740 Thread added: 0x000002caf0aef740
Event: 1185.755 Thread 0x000002caf0af1420 Thread added: 0x000002caf0af1420


Dynamic libraries:
0x00007ff731700000 - 0x00007ff73170a000 	C:\Program Files\Android\Android Studio\jbr\bin\java.exe
0x00007ffdcd690000 - 0x00007ffdcd8a6000 	C:\WINDOWS\SYSTEM32\ntdll.dll
0x00007ffdcca90000 - 0x00007ffdccb54000 	C:\WINDOWS\System32\KERNEL32.DLL
0x00007ffdca9d0000 - 0x00007ffdcad76000 	C:\WINDOWS\System32\KERNELBASE.dll
0x00007ffdcadb0000 - 0x00007ffdcaec1000 	C:\WINDOWS\System32\ucrtbase.dll
0x00007ffdbd9f0000 - 0x00007ffdbda07000 	C:\Program Files\Android\Android Studio\jbr\bin\jli.dll
0x00007ffda8b50000 - 0x00007ffda8b6b000 	C:\Program Files\Android\Android Studio\jbr\bin\VCRUNTIME140.dll
0x00007ffdcc5a0000 - 0x00007ffdcc74d000 	C:\WINDOWS\System32\USER32.dll
0x00007ffdcaed0000 - 0x00007ffdcaef6000 	C:\WINDOWS\System32\win32u.dll
0x00007ffdccd60000 - 0x00007ffdccd89000 	C:\WINDOWS\System32\GDI32.dll
0x00007ffdcaf00000 - 0x00007ffdcb018000 	C:\WINDOWS\System32\gdi32full.dll
0x00007ffdcb340000 - 0x00007ffdcb3da000 	C:\WINDOWS\System32\msvcp_win.dll
0x00007ffdb3d10000 - 0x00007ffdb3fa3000 	C:\WINDOWS\WinSxS\amd64_microsoft.windows.common-controls_6595b64144ccf1df_6.0.22621.3235_none_270f74e173860f98\COMCTL32.dll
0x00007ffdcb930000 - 0x00007ffdcb9d7000 	C:\WINDOWS\System32\msvcrt.dll
0x00007ffdcd190000 - 0x00007ffdcd1c1000 	C:\WINDOWS\System32\IMM32.DLL
0x00007ffdac8d0000 - 0x00007ffdac8dc000 	C:\Program Files\Android\Android Studio\jbr\bin\vcruntime140_1.dll
0x00007ffd1bc20000 - 0x00007ffd1bcad000 	C:\Program Files\Android\Android Studio\jbr\bin\msvcp140.dll
0x00007ffd1dc80000 - 0x00007ffd1e900000 	C:\Program Files\Android\Android Studio\jbr\bin\server\jvm.dll
0x00007ffdccca0000 - 0x00007ffdccd52000 	C:\WINDOWS\System32\ADVAPI32.dll
0x00007ffdccbf0000 - 0x00007ffdccc98000 	C:\WINDOWS\System32\sechost.dll
0x00007ffdcad80000 - 0x00007ffdcada8000 	C:\WINDOWS\System32\bcrypt.dll
0x00007ffdcba30000 - 0x00007ffdcbb45000 	C:\WINDOWS\System32\RPCRT4.dll
0x00007ffdab460000 - 0x00007ffdab469000 	C:\WINDOWS\SYSTEM32\WSOCK32.dll
0x00007ffdcc830000 - 0x00007ffdcc8a1000 	C:\WINDOWS\System32\WS2_32.dll
0x00007ffdc1a60000 - 0x00007ffdc1a94000 	C:\WINDOWS\SYSTEM32\WINMM.dll
0x00007ffdc0be0000 - 0x00007ffdc0bea000 	C:\WINDOWS\SYSTEM32\VERSION.dll
0x00007ffdc9b00000 - 0x00007ffdc9b18000 	C:\WINDOWS\SYSTEM32\kernel.appcore.dll
0x00007ffdc22e0000 - 0x00007ffdc22ea000 	C:\Program Files\Android\Android Studio\jbr\bin\jimage.dll
0x00007ffdc8100000 - 0x00007ffdc8333000 	C:\WINDOWS\SYSTEM32\DBGHELP.DLL
0x00007ffdcb3e0000 - 0x00007ffdcb768000 	C:\WINDOWS\System32\combase.dll
0x00007ffdcc750000 - 0x00007ffdcc827000 	C:\WINDOWS\System32\OLEAUT32.dll
0x00007ffdbb810000 - 0x00007ffdbb842000 	C:\WINDOWS\SYSTEM32\dbgcore.DLL
0x00007ffdcb020000 - 0x00007ffdcb09a000 	C:\WINDOWS\System32\bcryptPrimitives.dll
0x00007ffdbda10000 - 0x00007ffdbda1e000 	C:\Program Files\Android\Android Studio\jbr\bin\instrument.dll
0x00007ffdbdb60000 - 0x00007ffdbdb85000 	C:\Program Files\Android\Android Studio\jbr\bin\java.dll
0x00007ffdc22c0000 - 0x00007ffdc22d8000 	C:\Program Files\Android\Android Studio\jbr\bin\zip.dll
0x00007ffdcbb50000 - 0x00007ffdcc3ad000 	C:\WINDOWS\System32\SHELL32.dll
0x00007ffdc8940000 - 0x00007ffdc9238000 	C:\WINDOWS\SYSTEM32\windows.storage.dll
0x00007ffdc8800000 - 0x00007ffdc893e000 	C:\WINDOWS\SYSTEM32\wintypes.dll
0x00007ffdccfe0000 - 0x00007ffdcd0d3000 	C:\WINDOWS\System32\SHCORE.dll
0x00007ffdccb70000 - 0x00007ffdccbce000 	C:\WINDOWS\System32\shlwapi.dll
0x00007ffdca900000 - 0x00007ffdca926000 	C:\WINDOWS\SYSTEM32\profapi.dll
0x00007ffdbdb40000 - 0x00007ffdbdb59000 	C:\Program Files\Android\Android Studio\jbr\bin\net.dll
0x00007ffdc4270000 - 0x00007ffdc43a7000 	C:\WINDOWS\SYSTEM32\WINHTTP.dll
0x00007ffdc9f80000 - 0x00007ffdc9fe9000 	C:\WINDOWS\system32\mswsock.dll
0x00007ffdbdb20000 - 0x00007ffdbdb36000 	C:\Program Files\Android\Android Studio\jbr\bin\nio.dll
0x00007ffdbda80000 - 0x00007ffdbda90000 	C:\Program Files\Android\Android Studio\jbr\bin\verify.dll
0x00007ffda8f70000 - 0x00007ffda8f97000 	C:\Users\minhm\.gradle\native\68d5fa5c4cc2d200863cafc0d521ce42e7d3e7ee720ec0a83991735586a16f82\windows-amd64\native-platform.dll
0x00007ffd038d0000 - 0x00007ffd03a14000 	C:\Users\minhm\.gradle\native\e376f236ea51e6404a007f0833ffe2c6e607c4080706a723a18a27aeea778392\windows-amd64\native-platform-file-events.dll
0x00007ffdbda30000 - 0x00007ffdbda39000 	C:\Program Files\Android\Android Studio\jbr\bin\management.dll
0x00007ffdbda20000 - 0x00007ffdbda2b000 	C:\Program Files\Android\Android Studio\jbr\bin\management_ext.dll
0x00007ffdccfd0000 - 0x00007ffdccfd8000 	C:\WINDOWS\System32\PSAPI.DLL
0x00007ffdca1d0000 - 0x00007ffdca1eb000 	C:\WINDOWS\SYSTEM32\CRYPTSP.dll
0x00007ffdc9a60000 - 0x00007ffdc9a95000 	C:\WINDOWS\system32\rsaenh.dll
0x00007ffdca070000 - 0x00007ffdca09c000 	C:\WINDOWS\SYSTEM32\USERENV.dll
0x00007ffdca1f0000 - 0x00007ffdca1fc000 	C:\WINDOWS\SYSTEM32\CRYPTBASE.dll
0x00007ffdc9510000 - 0x00007ffdc953d000 	C:\WINDOWS\SYSTEM32\IPHLPAPI.DLL
0x00007ffdccb60000 - 0x00007ffdccb69000 	C:\WINDOWS\System32\NSI.dll
0x00007ffdc4000000 - 0x00007ffdc4019000 	C:\WINDOWS\SYSTEM32\dhcpcsvc6.DLL
0x00007ffdc3fe0000 - 0x00007ffdc3fff000 	C:\WINDOWS\SYSTEM32\dhcpcsvc.DLL
0x00007ffdc9580000 - 0x00007ffdc9679000 	C:\WINDOWS\SYSTEM32\DNSAPI.dll
0x00007ffdc2220000 - 0x00007ffdc2228000 	C:\WINDOWS\system32\wshunix.dll
0x00007ffdc9b20000 - 0x00007ffdc9b54000 	C:\WINDOWS\SYSTEM32\ntmarta.dll

dbghelp: loaded successfully - version: 4.0.5 - missing functions: none
symbol engine: initialized successfully - sym options: 0x614 - pdb path: .;C:\Program Files\Android\Android Studio\jbr\bin;C:\WINDOWS\SYSTEM32;C:\WINDOWS\WinSxS\amd64_microsoft.windows.common-controls_6595b64144ccf1df_6.0.22621.3235_none_270f74e173860f98;C:\Program Files\Android\Android Studio\jbr\bin\server;C:\Users\minhm\.gradle\native\68d5fa5c4cc2d200863cafc0d521ce42e7d3e7ee720ec0a83991735586a16f82\windows-amd64;C:\Users\minhm\.gradle\native\e376f236ea51e6404a007f0833ffe2c6e607c4080706a723a18a27aeea778392\windows-amd64

VM Arguments:
jvm_args: --add-opens=java.base/java.util=ALL-UNNAMED --add-opens=java.base/java.lang=ALL-UNNAMED --add-opens=java.base/java.lang.invoke=ALL-UNNAMED --add-opens=java.prefs/java.util.prefs=ALL-UNNAMED --add-opens=java.base/java.nio.charset=ALL-UNNAMED --add-opens=java.base/java.net=ALL-UNNAMED --add-opens=java.base/java.util.concurrent.atomic=ALL-UNNAMED -Xmx2048m -Dfile.encoding=UTF-8 -Duser.country=US -Duser.language=en -Duser.variant -javaagent:C:\Users\minhm\.gradle\wrapper\dists\gradle-8.2-bin\bbg7u40eoinfdyxsxr3z4i7ta\gradle-8.2\lib\agents\gradle-instrumentation-agent-8.2.jar 
java_command: org.gradle.launcher.daemon.bootstrap.GradleDaemon 8.2
java_class_path (initial): C:\Users\minhm\.gradle\wrapper\dists\gradle-8.2-bin\bbg7u40eoinfdyxsxr3z4i7ta\gradle-8.2\lib\gradle-launcher-8.2.jar
Launcher Type: SUN_STANDARD

[Global flags]
     intx CICompilerCount                          = 4                                         {product} {ergonomic}
     uint ConcGCThreads                            = 2                                         {product} {ergonomic}
     uint G1ConcRefinementThreads                  = 8                                         {product} {ergonomic}
   size_t G1HeapRegionSize                         = 1048576                                   {product} {ergonomic}
    uintx GCDrainStackTargetSize                   = 64                                        {product} {ergonomic}
   size_t InitialHeapSize                          = 264241152                                 {product} {ergonomic}
   size_t MarkStackSize                            = 4194304                                   {product} {ergonomic}
   size_t MaxHeapSize                              = 2147483648                                {product} {command line}
   size_t MaxNewSize                               = 1287651328                                {product} {ergonomic}
   size_t MinHeapDeltaBytes                        = 1048576                                   {product} {ergonomic}
   size_t MinHeapSize                              = 8388608                                   {product} {ergonomic}
    uintx NonNMethodCodeHeapSize                   = 5839372                                {pd product} {ergonomic}
    uintx NonProfiledCodeHeapSize                  = 122909434                              {pd product} {ergonomic}
    uintx ProfiledCodeHeapSize                     = 122909434                              {pd product} {ergonomic}
    uintx ReservedCodeCacheSize                    = 251658240                              {pd product} {ergonomic}
     bool SegmentedCodeCache                       = true                                      {product} {ergonomic}
   size_t SoftMaxHeapSize                          = 2147483648                             {manageable} {ergonomic}
     bool UseCompressedClassPointers               = true                           {product lp64_product} {ergonomic}
     bool UseCompressedOops                        = true                           {product lp64_product} {ergonomic}
     bool UseG1GC                                  = true                                      {product} {ergonomic}
     bool UseLargePagesIndividualAllocation        = false                                  {pd product} {ergonomic}

Logging:
Log output configuration:
 #0: stdout all=warning uptime,level,tags
 #1: stderr all=off uptime,level,tags

Environment Variables:
JAVA_HOME=C:\Program Files\Java\jdk-21
CLASSPATH=C:\Program Files\Java\jdk-21\lib
PATH="C:\Program Files\Java\jdk-21\bin;";C:\Program Files\Common Files\Oracle\Java\javapath;C:\Program Files\Microsoft\jdk-11.0.16.101-hotspot\bin;C:\WINDOWS\system32;C:\WINDOWS;C:\WINDOWS\System32\Wbem;C:\WINDOWS\System32\WindowsPowerShell\v1.0\;C:\WINDOWS\System32\OpenSSH\;C:\Program Files\Microsoft SQL Server\150\Tools\Binn\;C:\Program Files\Microsoft SQL Server\Client SDK\ODBC\170\Tools\Binn\;C:\Program Files (x86)\Microsoft SQL Server\160\Tools\Binn\;C:\Program Files\Microsoft SQL Server\160\Tools\Binn\;C:\Program Files\Microsoft SQL Server\160\DTS\Binn\;C:\Program Files (x86)\Microsoft SQL Server\160\DTS\Binn\;C:\Program Files\Azure Data Studio\bin;C:\MinGW\bin;C:\Program Files\Git\cmd;C:\Program Files\Java\jdk-21\bin;D:\VScode\Microsoft VS Code\bin
USERNAME=minhm
OS=Windows_NT
PROCESSOR_IDENTIFIER=Intel64 Family 6 Model 140 Stepping 1, GenuineIntel
TMP=C:\Users\minhm\AppData\Local\Temp
TEMP=C:\Users\minhm\AppData\Local\Temp


JNI global refs:
JNI global refs: 30, weak refs: 14

JNI global refs memory usage: 843, weak refs: 841

OOME stack traces (most recent first):
Classloader memory used:
Loader org.gradle.internal.classloader.VisitableURLClassLoader$InstrumentingVisitableURLClassLoader: 7290K
Loader org.gradle.internal.classloader.VisitableURLClassLoader                         : 5061K
Loader bootstrap                                                                       : 3532K
Loader org.gradle.initialization.MixInLegacyTypesClassLoader                           : 1427K
Loader jdk.internal.loader.ClassLoaders$AppClassLoader                                 : 1211K
Loader jdk.internal.reflect.DelegatingClassLoader                                      : 262K
Loader jdk.internal.loader.ClassLoaders$PlatformClassLoader                            : 101415B
Loader java.net.URLClassLoader                                                         : 33435B
Loader org.gradle.internal.classloader.VisitableURLClassLoader                         : 5472B
Loader org.gradle.groovy.scripts.internal.DefaultScriptCompilationHandler$ScriptClassLoader: 3552B
Loader org.codehaus.groovy.runtime.callsite.CallSiteClassLoader                        : 802B
Loader sun.reflect.misc.MethodUtil                                                     : 519B

Classes loaded by more than one classloader:
Class Program                                                                         : loaded 5 times (x 70B)
Class org.gradle.internal.installation.GradleInstallation                             : loaded 2 times (x 73B)
Class [Lcom.google.common.collect.MapMakerInternalMap$Segment;                        : loaded 2 times (x 67B)
Class com.google.common.collect.Iterators$MergingIterator                             : loaded 2 times (x 79B)
Class com.google.common.io.Closer$SuppressingSuppressor                               : loaded 2 times (x 73B)
Class org.objectweb.asm.ModuleVisitor                                                 : loaded 2 times (x 78B)
Class com.google.common.collect.Maps$IteratorBasedAbstractMap$1                       : loaded 2 times (x 136B)
Class com.google.common.io.ByteSource                                                 : loaded 2 times (x 82B)
Class [Lcom.google.common.collect.AbstractMapEntry;                                   : loaded 2 times (x 67B)
Class com.google.common.io.AppendableWriter                                           : loaded 2 times (x 98B)
Class com.google.common.collect.ImmutableRangeSet$AsSet                               : loaded 2 times (x 233B)
Class com.google.common.collect.SingletonImmutableList                                : loaded 2 times (x 167B)
Class com.google.common.cache.CacheLoader$SupplierToCacheLoader                       : loaded 2 times (x 73B)
Class org.gradle.internal.classpath.ClassPath                                         : loaded 2 times (x 68B)
Class com.google.common.io.FileWriteMode                                              : loaded 2 times (x 77B)
Class com.google.common.cache.RemovalListener                                         : loaded 2 times (x 68B)
Class org.gradle.api.internal.classpath.DefaultModuleRegistry                         : loaded 2 times (x 84B)
Class com.google.common.collect.FluentIterable$1                                      : loaded 2 times (x 79B)
Class com.google.common.collect.FluentIterable$2                                      : loaded 2 times (x 79B)
Class com.google.common.collect.FluentIterable$3                                      : loaded 2 times (x 79B)
Class Settings_gradle$1$1                                                             : loaded 2 times (x 72B)
Class com.google.common.collect.ImmutableEnumSet                                      : loaded 2 times (x 144B)
Class [Lcom.google.common.collect.MapMaker$Dummy;                                     : loaded 2 times (x 67B)
Class com.google.common.collect.ListMultimap                                          : loaded 2 times (x 68B)
Class com.google.common.base.CharMatcher$JavaDigit                                    : loaded 2 times (x 109B)
Class com.google.common.base.CharMatcher$Digit                                        : loaded 2 times (x 110B)
Class com.google.common.collect.AbstractMultimap                                      : loaded 2 times (x 121B)
Class com.google.common.io.ByteSource$ConcatenatedByteSource                          : loaded 2 times (x 83B)
Class com.google.common.cache.CacheBuilder$OneWeigher                                 : loaded 2 times (x 80B)
Class org.gradle.api.Action                                                           : loaded 2 times (x 68B)
Class com.google.common.io.ByteSource$SlicedByteSource                                : loaded 2 times (x 83B)
Class com.google.common.io.ByteArrayDataOutput                                        : loaded 2 times (x 68B)
Class com.google.common.collect.ImmutableEntry                                        : loaded 2 times (x 80B)
Class com.google.common.collect.Lists$StringAsImmutableList                           : loaded 2 times (x 167B)
Class com.google.common.cache.LocalCache$StrongEntry                                  : loaded 2 times (x 106B)
Class com.google.common.collect.MapMakerInternalMap$InternalEntryHelper               : loaded 2 times (x 68B)
Class org.objectweb.asm.FieldWriter                                                   : loaded 2 times (x 75B)
Class com.google.common.base.CharMatcher                                              : loaded 2 times (x 109B)
Class com.google.common.io.CharSource$AsByteSource                                    : loaded 2 times (x 83B)
Class com.google.common.base.CharMatcher$IsNot                                        : loaded 2 times (x 109B)
Class com.google.common.collect.RegularImmutableSortedSet                             : loaded 2 times (x 233B)
Class com.google.common.collect.Maps$IteratorBasedAbstractMap                         : loaded 2 times (x 123B)
Class com.google.common.collect.SetMultimap                                           : loaded 2 times (x 68B)
Class com.google.common.base.Splitter                                                 : loaded 2 times (x 70B)
Class [Lcom.google.common.cache.Weigher;                                              : loaded 2 times (x 67B)
Class com.google.common.collect.Iterators$ArrayItr                                    : loaded 2 times (x 95B)
Class com.google.common.collect.MapMakerInternalMap$Strength                          : loaded 2 times (x 78B)
Class com.google.common.cache.LocalCache$Segment                                      : loaded 2 times (x 152B)
Class org.gradle.api.internal.DefaultClassPathProvider                                : loaded 2 times (x 74B)
Class org.gradle.internal.installation.GradleInstallation$1                           : loaded 2 times (x 73B)
Class com.google.common.cache.LocalCache$AbstractReferenceEntry                       : loaded 2 times (x 105B)
Class org.objectweb.asm.Type                                                          : loaded 2 times (x 70B)
Class com.google.common.util.concurrent.AbstractFuture$Failure                        : loaded 2 times (x 70B)
Class com.google.common.base.CharMatcher$BitSetMatcher                                : loaded 2 times (x 110B)
Class com.google.common.collect.ImmutableMap$IteratorBasedImmutableMap                : loaded 2 times (x 123B)
Class com.google.common.reflect.Reflection                                            : loaded 2 times (x 69B)
Class com.google.common.io.Files$FileByteSource                                       : loaded 2 times (x 83B)
Class com.google.common.collect.ImmutableMap                                          : loaded 2 times (x 118B)
Class com.google.common.base.Converter                                                : loaded 2 times (x 88B)
Class com.google.common.collect.ImmutableSortedSetFauxverideShim                      : loaded 2 times (x 145B)
Class com.google.common.collect.ImmutableSet$EmptySetBuilderImpl                      : loaded 2 times (x 74B)
Class com.google.common.io.CharSource$ConcatenatedCharSource                          : loaded 2 times (x 84B)
Class com.google.common.base.Equivalence                                              : loaded 2 times (x 80B)
Class com.google.common.primitives.Ints                                               : loaded 2 times (x 69B)
Class com.google.common.cache.LocalCache$EntryFactory$1                               : loaded 2 times (x 81B)
Class com.google.common.cache.LocalCache$EntryFactory$2                               : loaded 2 times (x 81B)
Class com.google.common.cache.LocalCache$EntryFactory$3                               : loaded 2 times (x 81B)
Class [Lcom.google.common.collect.Maps$EntryFunction;                                 : loaded 2 times (x 67B)
Class com.google.common.cache.LocalCache$EntryFactory$4                               : loaded 2 times (x 81B)
Class com.google.common.cache.LocalCache$EntryFactory$5                               : loaded 2 times (x 81B)
Class com.google.common.cache.LocalCache$EntryFactory$6                               : loaded 2 times (x 81B)
Class com.google.common.reflect.TypeResolver$TypeVariableKey                          : loaded 2 times (x 70B)
Class com.google.common.cache.LocalCache$EntryFactory$7                               : loaded 2 times (x 81B)
Class com.google.common.cache.LocalCache$EntryFactory$8                               : loaded 2 times (x 81B)
Class com.google.common.base.Predicate                                                : loaded 2 times (x 68B)
Class com.google.common.cache.LocalCache$StrongValueReference                         : loaded 2 times (x 88B)
Class org.gradle.internal.classloader.FilteringClassLoader                            : loaded 2 times (x 102B)
Class com.google.common.collect.AbstractMapBasedMultimap$WrappedCollection            : loaded 2 times (x 122B)
Class com.google.common.reflect.TypeResolver$TypeTable                                : loaded 2 times (x 71B)
Class com.google.common.reflect.Invokable$MethodInvokable                             : loaded 2 times (x 103B)
Class com.google.common.collect.RegularImmutableSet                                   : loaded 2 times (x 146B)
Class [Lcom.google.common.cache.LocalCache$Strength;                                  : loaded 2 times (x 67B)
Class org.gradle.internal.classpath.DefaultClassPath$ImmutableUniqueList$Builder      : loaded 2 times (x 73B)
Class com.google.common.collect.AbstractRangeSet                                      : loaded 2 times (x 112B)
Class com.google.common.collect.Maps$8                                                : loaded 2 times (x 80B)
Class com.google.common.base.PatternCompiler                                          : loaded 2 times (x 68B)
Class [Lcom.google.common.cache.CacheBuilder$NullListener;                            : loaded 2 times (x 67B)
Class com.google.common.io.CharStreams$NullWriter                                     : loaded 2 times (x 97B)
Class com.google.common.base.CharMatcher$InRange                                      : loaded 2 times (x 109B)
Class com.google.common.collect.Maps$KeySet                                           : loaded 2 times (x 135B)
Class com.google.common.collect.ImmutableMultimap$EntryCollection                     : loaded 2 times (x 125B)
Class com.google.common.collect.Sets$SetView                                          : loaded 2 times (x 136B)
Class com.google.common.collect.BiMap                                                 : loaded 2 times (x 68B)
Class com.google.common.collect.Lists                                                 : loaded 2 times (x 69B)
Class org.objectweb.asm.AnnotationWriter                                              : loaded 2 times (x 76B)
Class com.google.common.math.IntMath$1                                                : loaded 2 times (x 69B)
Class org.gradle.internal.classloader.ClassLoaderVisitor                              : loaded 2 times (x 74B)
Class [Lcom.google.common.collect.HashBiMap$BiEntry;                                  : loaded 2 times (x 67B)
Class org.objectweb.asm.Label                                                         : loaded 2 times (x 71B)
Class com.google.common.cache.CacheBuilder$NullListener                               : loaded 2 times (x 80B)
Class com.google.common.collect.ImmutableMultimap                                     : loaded 2 times (x 145B)
Class org.apache.commons.io.filefilter.IOFileFilter                                   : loaded 2 times (x 68B)
Class com.google.common.math.MathPreconditions                                        : loaded 2 times (x 69B)
Class com.google.common.io.ByteStreams$1                                              : loaded 2 times (x 83B)
Class org.gradle.internal.service.DefaultServiceLocator                               : loaded 2 times (x 81B)
Class org.gradle.internal.service.UnknownServiceException                             : loaded 2 times (x 81B)
Class com.google.common.util.concurrent.AbstractFuture$SynchronizedHelper             : loaded 2 times (x 76B)
Class com.google.common.collect.ArrayListMultimap                                     : loaded 2 times (x 170B)
Class com.google.common.collect.Collections2$FilteredCollection                       : loaded 2 times (x 117B)
Class com.google.common.base.Strings                                                  : loaded 2 times (x 69B)
Class com.google.common.io.Closer                                                     : loaded 2 times (x 76B)
Class com.google.common.cache.LocalCache$Values                                       : loaded 2 times (x 116B)
Class com.google.common.cache.CacheLoader$InvalidCacheLoadException                   : loaded 2 times (x 80B)
Class org.gradle.internal.classloader.DefaultClassLoaderFactory                       : loaded 2 times (x 80B)
Class com.google.common.collect.UnmodifiableIterator                                  : loaded 2 times (x 78B)
Class com.google.common.base.Stopwatch                                                : loaded 2 times (x 70B)
Class com.google.common.reflect.Types                                                 : loaded 2 times (x 69B)
Class com.google.common.base.Platform$JdkPatternCompiler                              : loaded 2 times (x 73B)
Class com.google.common.collect.Interners$InternerImpl                                : loaded 2 times (x 73B)
Class com.google.common.cache.LocalCache$LoadingValueReference                        : loaded 2 times (x 94B)
Class com.google.common.base.CharMatcher$SingleWidth                                  : loaded 2 times (x 110B)
Class com.google.common.collect.Hashing                                               : loaded 2 times (x 69B)
Class com.google.common.io.ByteStreams$LimitedInputStream                             : loaded 2 times (x 90B)
Class com.google.common.collect.MapMakerInternalMap$AbstractStrongKeyEntry            : loaded 2 times (x 80B)
Class com.google.common.collect.ImmutableRangeSet$ComplementRanges                    : loaded 2 times (x 167B)
Class [Lcom.google.common.reflect.Types$ClassOwnership;                               : loaded 2 times (x 67B)
Class com.google.common.base.JdkPattern                                               : loaded 2 times (x 73B)
Class com.google.common.base.Optional                                                 : loaded 2 times (x 78B)
Class com.google.common.collect.Multimap                                              : loaded 2 times (x 68B)
Class [Lcom.google.common.cache.RemovalCause;                                         : loaded 2 times (x 67B)
Class com.google.common.base.FunctionalEquivalence                                    : loaded 2 times (x 81B)
Class org.objectweb.asm.AnnotationVisitor                                             : loaded 2 times (x 75B)
Class org.objectweb.asm.RecordComponentWriter                                         : loaded 2 times (x 76B)
Class com.google.common.cache.LocalCache$1                                            : loaded 2 times (x 87B)
Class com.google.common.cache.LocalCache$2                                            : loaded 2 times (x 140B)
Class com.google.common.collect.RegularImmutableBiMap                                 : loaded 2 times (x 146B)
Class org.gradle.internal.classloader.VisitableURLClassLoader$Spec                    : loaded 2 times (x 72B)
Class org.gradle.api.GradleException                                                  : loaded 2 times (x 80B)
Class com.google.common.base.CharMatcher$JavaLetterOrDigit                            : loaded 2 times (x 109B)
Class org.gradle.api.internal.classpath.ModuleRegistry                                : loaded 2 times (x 68B)
Class com.google.common.collect.ForwardingObject                                      : loaded 2 times (x 70B)
Class com.google.common.reflect.TypeToken$1                                           : loaded 2 times (x 106B)
Class com.google.common.cache.CacheBuilder                                            : loaded 2 times (x 70B)
Class com.google.common.reflect.TypeToken$2                                           : loaded 2 times (x 106B)
Class org.objectweb.asm.ByteVector                                                    : loaded 2 times (x 76B)
Class com.google.common.collect.ImmutableCollection                                   : loaded 2 times (x 123B)
Class com.google.common.collect.ImmutableRangeSet                                     : loaded 2 times (x 113B)
Class com.google.common.base.PairwiseEquivalence                                      : loaded 2 times (x 81B)
Class com.google.common.base.Ticker                                                   : loaded 2 times (x 70B)
Class org.gradle.api.internal.ClassPathProvider                                       : loaded 2 times (x 68B)
Class com.google.common.base.Ascii                                                    : loaded 2 times (x 69B)
Class com.google.common.collect.RegularImmutableMap$Values                            : loaded 2 times (x 167B)
Class org.objectweb.asm.ModuleWriter                                                  : loaded 2 times (x 79B)
Class org.gradle.internal.classloader.ClasspathUtil$1                                 : loaded 2 times (x 74B)
Class com.google.common.io.ByteSource$AsCharSource                                    : loaded 2 times (x 84B)
Class com.google.common.collect.ImmutableEnumMap                                      : loaded 2 times (x 123B)
Class com.google.common.collect.ForwardingMap                                         : loaded 2 times (x 130B)
Class com.google.common.collect.ImmutableList$ReverseImmutableList                    : loaded 2 times (x 168B)
Class com.google.common.cache.AbstractCache$StatsCounter                              : loaded 2 times (x 68B)
Class com.google.common.collect.Maps$EntryFunction$1                                  : loaded 2 times (x 89B)
Class com.google.common.collect.Maps$EntryFunction$2                                  : loaded 2 times (x 89B)
Class org.objectweb.asm.FieldVisitor                                                  : loaded 2 times (x 74B)
Class org.objectweb.asm.Symbol                                                        : loaded 2 times (x 71B)
Class com.google.common.reflect.TypeToken                                             : loaded 2 times (x 71B)
Class com.google.common.cache.LocalCache$Strength$1                                   : loaded 2 times (x 79B)
Class com.google.common.collect.EmptyImmutableListMultimap                            : loaded 2 times (x 174B)
Class com.google.common.cache.LocalCache$Strength$2                                   : loaded 2 times (x 79B)
Class com.google.common.cache.LocalCache$Strength$3                                   : loaded 2 times (x 79B)
Class org.gradle.internal.classloader.ClassLoaderFactory                              : loaded 2 times (x 68B)
Class com.google.common.collect.ObjectArrays                                          : loaded 2 times (x 69B)
Class com.google.common.base.Absent                                                   : loaded 2 times (x 78B)
Class com.google.common.util.concurrent.AbstractFuture$Waiter                         : loaded 2 times (x 70B)
Class com.google.common.util.concurrent.Uninterruptibles                              : loaded 2 times (x 69B)
Class com.google.common.collect.Iterators$10                                          : loaded 2 times (x 79B)
Class com.google.common.collect.Iterators$EmptyModifiableIterator                     : loaded 2 times (x 84B)
Class com.google.common.collect.ImmutableList                                         : loaded 2 times (x 166B)
Class org.gradle.api.internal.classpath.ManifestUtil                                  : loaded 2 times (x 69B)
Class org.gradle.api.specs.Spec                                                       : loaded 2 times (x 68B)
Class com.google.common.collect.RangeSet                                              : loaded 2 times (x 68B)
Class com.google.common.cache.CacheLoader$UnsupportedLoadingOperationException        : loaded 2 times (x 80B)
Class com.google.common.base.CharMatcher$Whitespace                                   : loaded 2 times (x 110B)
Class com.google.common.util.concurrent.ListenableFuture                              : loaded 2 times (x 68B)
Class com.google.common.collect.MapMaker$Dummy                                        : loaded 2 times (x 77B)
Class com.google.common.collect.Iterators$1                                           : loaded 2 times (x 79B)
Class com.google.common.collect.BaseImmutableMultimap                                 : loaded 2 times (x 121B)
Class com.google.common.collect.Iterators$4                                           : loaded 2 times (x 80B)
Class com.google.common.collect.RegularImmutableMap$BucketOverflowException           : loaded 2 times (x 80B)
Class com.google.common.collect.Iterators$5                                           : loaded 2 times (x 80B)
Class com.google.common.collect.Iterators$6                                           : loaded 2 times (x 79B)
Class com.google.common.util.concurrent.AbstractFuture$UnsafeAtomicHelper             : loaded 2 times (x 76B)
Class com.google.common.base.Joiner                                                   : loaded 2 times (x 77B)
Class com.google.common.base.Equivalence$Equals                                       : loaded 2 times (x 80B)
Class com.google.common.base.Preconditions                                            : loaded 2 times (x 69B)
Class com.google.common.base.Function                                                 : loaded 2 times (x 68B)
Class com.google.common.collect.Iterators$9                                           : loaded 2 times (x 79B)
Class org.gradle.internal.IoActions                                                   : loaded 2 times (x 69B)
Class com.google.common.collect.MapMakerInternalMap$StrongKeyDummyValueEntry$Helper   : loaded 2 times (x 77B)
Class com.google.common.cache.ReferenceEntry                                          : loaded 2 times (x 68B)
Class com.google.common.collect.RegularImmutableMap$KeySet                            : loaded 2 times (x 148B)
Class com.google.common.collect.CollectPreconditions                                  : loaded 2 times (x 69B)
Class [Lcom.google.common.base.Function;                                              : loaded 2 times (x 67B)
Class com.google.common.primitives.IntsMethodsForWeb                                  : loaded 2 times (x 69B)
Class com.google.common.collect.RangeGwtSerializationDependencies                     : loaded 2 times (x 69B)
Class com.google.common.collect.Maps                                                  : loaded 2 times (x 69B)
Class com.google.common.collect.RegularImmutableMap                                   : loaded 2 times (x 119B)
Class com.google.common.collect.AbstractIndexedListIterator                           : loaded 2 times (x 94B)
Class com.google.common.collect.ImmutableMultimap$Builder                             : loaded 2 times (x 81B)
Class com.google.common.base.CharMatcher$None                                         : loaded 2 times (x 110B)
Class org.gradle.api.internal.classpath.EffectiveClassPath                            : loaded 2 times (x 88B)
Class com.google.common.collect.UnmodifiableListIterator                              : loaded 2 times (x 93B)
Class com.google.common.io.Files                                                      : loaded 2 times (x 69B)
Class com.google.common.cache.CacheLoader$FunctionToCacheLoader                       : loaded 2 times (x 73B)
Class com.google.common.cache.CacheBuilder$1                                          : loaded 2 times (x 83B)
Class com.google.common.cache.CacheBuilder$2                                          : loaded 2 times (x 77B)
Class com.google.common.collect.ImmutableList$1                                       : loaded 2 times (x 95B)
Class com.google.common.base.Splitter$Strategy                                        : loaded 2 times (x 68B)
Class com.google.common.cache.CacheBuilder$3                                          : loaded 2 times (x 70B)
Class com.google.common.io.CharStreams                                                : loaded 2 times (x 69B)
Class com.google.common.collect.ImmutableMapEntrySet$RegularEntrySet                  : loaded 2 times (x 149B)
Class com.google.common.base.Predicates$CompositionPredicate                          : loaded 2 times (x 86B)
Class [Lcom.google.common.cache.RemovalListener;                                      : loaded 2 times (x 67B)
Class [Lcom.google.common.collect.ImmutableMapEntry;                                  : loaded 2 times (x 67B)
Class com.google.common.collect.Interners                                             : loaded 2 times (x 69B)
Class com.google.common.collect.MapMakerInternalMap$Strength$1                        : loaded 2 times (x 78B)
Class org.gradle.internal.installation.CurrentGradleInstallation                      : loaded 2 times (x 71B)
Class com.google.common.collect.MapMakerInternalMap$Strength$2                        : loaded 2 times (x 78B)
Class org.gradle.internal.agents.InstrumentingClassLoader                             : loaded 2 times (x 68B)
Class org.gradle.internal.installation.CurrentGradleInstallationLocator               : loaded 2 times (x 69B)
Class [Lcom.google.common.cache.LocalCache$Segment;                                   : loaded 2 times (x 67B)
Class org.gradle.api.internal.classpath.Module                                        : loaded 2 times (x 68B)
Class com.google.common.io.ByteSource$ByteArrayByteSource                             : loaded 2 times (x 83B)
Class com.google.common.collect.ImmutableSortedSet                                    : loaded 2 times (x 233B)
Class com.google.common.base.Splitter$1$1                                             : loaded 2 times (x 84B)
Class com.google.common.collect.MapMakerInternalMap$Segment                           : loaded 2 times (x 140B)
Class com.google.common.collect.ImmutableSet$JdkBackedSetBuilderImpl                  : loaded 2 times (x 74B)
Class com.google.common.reflect.Types$TypeVariableInvocationHandler                   : loaded 2 times (x 73B)
Class com.google.common.reflect.Types$ClassOwnership                                  : loaded 2 times (x 78B)
Class com.google.common.collect.ImmutableSet$RegularSetBuilderImpl                    : loaded 2 times (x 75B)
Class [Lorg.objectweb.asm.AnnotationWriter;                                           : loaded 2 times (x 67B)
Class org.gradle.internal.service.CachingServiceLocator                               : loaded 2 times (x 80B)
Class [Lcom.google.common.collect.ImmutableEntry;                                     : loaded 2 times (x 67B)
Class com.google.common.collect.Sets$ImprovedAbstractSet                              : loaded 2 times (x 133B)
Class com.google.common.collect.AbstractMapBasedMultimap$AsMap                        : loaded 2 times (x 126B)
Class org.gradle.internal.classpath.DefaultClassPath                                  : loaded 2 times (x 88B)
Class com.google.common.collect.MapMakerInternalMap$1                                 : loaded 2 times (x 81B)
Class com.google.common.util.concurrent.AbstractFuture$SetFuture                      : loaded 2 times (x 73B)
Class com.google.common.collect.CollectCollectors                                     : loaded 2 times (x 69B)
Class com.google.common.collect.TransformedIterator                                   : loaded 2 times (x 78B)
Class com.google.common.base.Splitter$SplittingIterator                               : loaded 2 times (x 82B)
Class com.google.common.collect.ImmutableMultisetGwtSerializationDependencies         : loaded 2 times (x 123B)
Class com.google.common.reflect.TypeParameter                                         : loaded 2 times (x 70B)
Class com.google.common.collect.ImmutableListMultimap                                 : loaded 2 times (x 174B)
Class com.google.common.cache.LocalCache$LocalManualCache$1                           : loaded 2 times (x 73B)
Class Build_gradle$1                                                                  : loaded 2 times (x 72B)
Class Build_gradle$2                                                                  : loaded 2 times (x 76B)
Class com.google.common.reflect.Types$ClassOwnership$1LocalClass                      : loaded 2 times (x 69B)
Class com.google.common.collect.Lists$RandomAccessReverseList                         : loaded 2 times (x 160B)
Class [Lcom.google.common.collect.AbstractIterator$State;                             : loaded 2 times (x 67B)
Class org.objectweb.asm.SymbolTable$Entry                                             : loaded 2 times (x 72B)
Class [Lcom.google.common.cache.LocalCache$EntryFactory;                              : loaded 2 times (x 67B)
Class com.google.common.base.CharMatcher$Is                                           : loaded 2 times (x 109B)
Class com.google.common.collect.Maps$AbstractFilteredMap                              : loaded 2 times (x 125B)
Class com.google.common.base.Platform                                                 : loaded 2 times (x 69B)
Class com.google.common.collect.RegularImmutableAsList                                : loaded 2 times (x 176B)
Class com.google.common.base.Suppliers$NonSerializableMemoizingSupplier               : loaded 2 times (x 77B)
Class com.google.common.collect.PeekingIterator                                       : loaded 2 times (x 68B)
Class com.google.common.collect.ImmutableSetMultimap                                  : loaded 2 times (x 178B)
Class com.google.common.reflect.TypeResolver$TypeTable$1                              : loaded 2 times (x 71B)
Class com.google.common.collect.ImmutableMapEntrySet                                  : loaded 2 times (x 149B)
Class com.google.common.cache.CacheLoader                                             : loaded 2 times (x 72B)
Class com.google.common.collect.ImmutableBiMapFauxverideShim                          : loaded 2 times (x 118B)
Class org.objectweb.asm.MethodTooLargeException                                       : loaded 2 times (x 81B)
Class com.google.common.collect.HashBiMap$Inverse                                     : loaded 2 times (x 140B)
Class com.google.common.cache.Cache                                                   : loaded 2 times (x 68B)
Class com.google.common.collect.Maps$EntrySet                                         : loaded 2 times (x 134B)
Class org.gradle.internal.classloader.SystemClassLoaderSpec                           : loaded 2 times (x 69B)
Class com.google.common.io.LineBuffer                                                 : loaded 2 times (x 73B)
Class com.google.common.util.concurrent.internal.InternalFutureFailureAccess          : loaded 2 times (x 70B)
Class com.google.common.io.CharSource$StringCharSource                                : loaded 2 times (x 84B)
Class com.google.common.base.Charsets                                                 : loaded 2 times (x 69B)
Class com.google.common.primitives.Ints$IntConverter                                  : loaded 2 times (x 88B)
Class com.google.common.collect.SingletonImmutableSet                                 : loaded 2 times (x 144B)
Class com.google.common.reflect.Types$TypeVariableImpl                                : loaded 2 times (x 70B)
Class com.google.common.collect.Interners$InternerBuilder                             : loaded 2 times (x 74B)
Class [Lcom.google.common.base.AbstractIterator$State;                                : loaded 2 times (x 67B)
Class com.google.common.collect.ImmutableMap$Builder                                  : loaded 2 times (x 80B)
Class com.google.common.io.LineReader$1                                               : loaded 2 times (x 73B)
Class com.google.common.base.AbstractIterator                                         : loaded 2 times (x 78B)
Class org.objectweb.asm.ClassWriter                                                   : loaded 2 times (x 102B)
Class com.google.common.collect.Range                                                 : loaded 2 times (x 85B)
Class com.google.common.base.AbstractIterator$1                                       : loaded 2 times (x 69B)
Class [Lcom.google.common.cache.CacheBuilder$OneWeigher;                              : loaded 2 times (x 67B)
Class com.google.common.collect.Iterators                                             : loaded 2 times (x 69B)
Class com.google.common.base.CharMatcher$1                                            : loaded 2 times (x 111B)
Class com.google.common.base.CharMatcher$Ascii                                        : loaded 2 times (x 110B)
Class com.google.common.cache.LocalCache$ComputingValueReference                      : loaded 2 times (x 94B)
Class com.google.common.collect.ImmutableList$SerializedForm                          : loaded 2 times (x 71B)
Class org.gradle.api.UncheckedIOException                                             : loaded 2 times (x 80B)
Class com.google.common.base.CharMatcher$And                                          : loaded 2 times (x 110B)
Class [Lcom.google.common.io.FileWriteMode;                                           : loaded 2 times (x 67B)
Class com.google.common.io.Files$FileByteSink                                         : loaded 2 times (x 75B)
Class com.google.common.collect.IndexedImmutableSet                                   : loaded 2 times (x 148B)
Class com.google.common.base.ExtraObjectsMethodsForWeb                                : loaded 2 times (x 69B)
Class com.google.common.collect.IndexedImmutableSet$1                                 : loaded 2 times (x 172B)
Class com.google.common.collect.AbstractListMultimap                                  : loaded 2 times (x 170B)
Class com.google.common.base.CharMatcher$Any                                          : loaded 2 times (x 110B)
Class com.google.common.reflect.TypeCapture                                           : loaded 2 times (x 69B)
Class com.google.common.cache.LocalCache$Strength                                     : loaded 2 times (x 79B)
Class com.google.common.collect.AbstractMapBasedMultimap$KeySet                       : loaded 2 times (x 135B)
Class com.google.common.collect.SortedIterable                                        : loaded 2 times (x 68B)
Class com.google.common.collect.ArrayListMultimapGwtSerializationDependencies         : loaded 2 times (x 170B)
Class com.google.common.base.CharMatcher$RangesMatcher                                : loaded 2 times (x 110B)
Class com.google.common.collect.AbstractMapBasedMultimap$RandomAccessWrappedList      : loaded 2 times (x 165B)
Class org.objectweb.asm.Handler                                                       : loaded 2 times (x 70B)
Class com.google.common.collect.ImmutableList$SubList                                 : loaded 2 times (x 168B)
Class com.google.common.cache.LocalCache$ValueReference                               : loaded 2 times (x 68B)
Class com.google.common.collect.CollectSpliterators                                   : loaded 2 times (x 69B)
Class com.google.common.io.Java8Compatibility                                         : loaded 2 times (x 69B)
Class org.gradle.internal.classloader.ClasspathUtil                                   : loaded 2 times (x 69B)
Class org.apache.commons.io.FileUtils                                                 : loaded 2 times (x 69B)
Class org.objectweb.asm.CurrentFrame                                                  : loaded 2 times (x 71B)
Class com.google.common.util.concurrent.AbstractFuture                                : loaded 2 times (x 93B)
Class com.google.common.reflect.TypeResolver                                          : loaded 2 times (x 70B)
Class com.google.common.base.Splitter$1                                               : loaded 2 times (x 75B)
Class com.google.common.collect.TransformedListIterator                               : loaded 2 times (x 91B)
Class com.google.common.cache.LocalCache$ValueIterator                                : loaded 2 times (x 84B)
Class com.google.common.base.Ticker$1                                                 : loaded 2 times (x 70B)
Class com.google.common.collect.Maps$BiMapConverter                                   : loaded 2 times (x 88B)
Class org.gradle.api.internal.DefaultClassPathRegistry                                : loaded 2 times (x 74B)
Class com.google.common.collect.AbstractIterator$State                                : loaded 2 times (x 77B)
Class [Lorg.objectweb.asm.Symbol;                                                     : loaded 2 times (x 67B)
Class com.google.common.util.concurrent.AbstractFuture$Cancellation                   : loaded 2 times (x 70B)
Class com.google.common.base.Predicates                                               : loaded 2 times (x 69B)
Class com.google.common.collect.Interner                                              : loaded 2 times (x 68B)
Class com.google.common.collect.ImmutableSet$SetBuilderImpl                           : loaded 2 times (x 74B)
Class org.gradle.api.internal.classpath.DefaultModuleRegistry$DefaultModule           : loaded 2 times (x 84B)
Class com.google.common.io.LineReader                                                 : loaded 2 times (x 70B)
Class com.google.common.base.CharMatcher$JavaIsoControl                               : loaded 2 times (x 110B)
Class com.google.common.collect.ImmutableMap$1                                        : loaded 2 times (x 79B)
Class com.google.common.base.CharMatcher$Or                                           : loaded 2 times (x 110B)
Class com.google.common.cache.RemovalCause$1                                          : loaded 2 times (x 78B)
Class com.google.common.cache.RemovalCause$2                                          : loaded 2 times (x 78B)
Class com.google.common.cache.RemovalCause$3                                          : loaded 2 times (x 78B)
Class com.google.common.cache.RemovalCause$4                                          : loaded 2 times (x 78B)
Class com.google.common.cache.RemovalCause$5                                          : loaded 2 times (x 78B)
Class com.google.common.base.Suppliers$SupplierOfInstance                             : loaded 2 times (x 77B)
Class org.objectweb.asm.RecordComponentVisitor                                        : loaded 2 times (x 75B)
Class com.google.common.reflect.Types$ClassOwnership$1                                : loaded 2 times (x 78B)
Class com.google.common.reflect.Invokable                                             : loaded 2 times (x 99B)
Class com.google.common.reflect.Types$ClassOwnership$2                                : loaded 2 times (x 78B)
Class com.google.common.reflect.Types$ClassOwnership$3                                : loaded 2 times (x 69B)
Class com.google.common.cache.LocalCache$HashIterator                                 : loaded 2 times (x 84B)
Class com.google.common.collect.Iterables                                             : loaded 2 times (x 69B)
Class com.google.common.base.CharMatcher$JavaLowerCase                                : loaded 2 times (x 109B)
Class com.google.common.cache.LocalCache$WriteThroughEntry                            : loaded 2 times (x 77B)
Class org.objectweb.asm.ClassTooLargeException                                        : loaded 2 times (x 81B)
Class org.gradle.api.internal.classpath.UnknownModuleException                        : loaded 2 times (x 80B)
Class com.google.common.collect.FluentIterable                                        : loaded 2 times (x 79B)
Class com.google.common.util.concurrent.AbstractFuture$Listener                       : loaded 2 times (x 70B)
Class com.google.common.collect.CollectSpliterators$1                                 : loaded 2 times (x 88B)
Class com.google.common.collect.Iterables$4                                           : loaded 2 times (x 79B)
Class com.google.common.collect.Iterables$5                                           : loaded 2 times (x 79B)
Class org.objectweb.asm.Edge                                                          : loaded 2 times (x 70B)
Class com.google.common.collect.Maps$EntryTransformer                                 : loaded 2 times (x 68B)
Class com.google.common.collect.ImmutableCollection$Builder                           : loaded 2 times (x 74B)
Class com.google.common.io.ByteArrayDataInput                                         : loaded 2 times (x 68B)
Class org.apache.commons.io.FilenameUtils                                             : loaded 2 times (x 69B)
Class [Lorg.objectweb.asm.SymbolTable$Entry;                                          : loaded 2 times (x 67B)
Class com.google.common.reflect.Types$JavaVersion                                     : loaded 2 times (x 81B)
Class com.google.common.collect.SingletonImmutableBiMap                               : loaded 2 times (x 141B)
Class com.google.common.base.CommonPattern                                            : loaded 2 times (x 72B)
Class com.google.common.base.Suppliers$MemoizingSupplier                              : loaded 2 times (x 77B)
Class com.google.common.base.Suppliers                                                : loaded 2 times (x 69B)
Class [Lcom.google.common.collect.Iterators$EmptyModifiableIterator;                  : loaded 2 times (x 67B)
Class org.objectweb.asm.ClassVisitor                                                  : loaded 2 times (x 85B)
Class com.google.common.cache.LoadingCache                                            : loaded 2 times (x 68B)
Class org.gradle.internal.service.ServiceLookupException                              : loaded 2 times (x 80B)
Class com.google.common.collect.MapMakerInternalMap$StrongKeyDummyValueSegment        : loaded 2 times (x 140B)
Class org.gradle.cache.GlobalCache                                                    : loaded 2 times (x 68B)
Class com.google.common.base.Present                                                  : loaded 2 times (x 79B)
Class com.google.common.base.CharMatcher$NegatedFastMatcher                           : loaded 2 times (x 111B)
Class [Lorg.gradle.api.internal.ClassPathProvider;                                    : loaded 2 times (x 67B)
Class com.google.common.util.concurrent.AbstractFuture$SafeAtomicHelper               : loaded 2 times (x 77B)
Class com.google.common.collect.ImmutableMultimap$Values                              : loaded 2 times (x 124B)
Class org.gradle.util.internal.GUtil                                                  : loaded 2 times (x 69B)
Class com.google.common.math.IntMath                                                  : loaded 2 times (x 69B)
Class [Lcom.google.common.reflect.Types$JavaVersion;                                  : loaded 2 times (x 67B)
Class com.google.common.collect.AbstractIterator                                      : loaded 2 times (x 80B)
Class org.gradle.internal.classloader.ClassLoaderSpec                                 : loaded 2 times (x 69B)
Class com.google.common.io.LineProcessor                                              : loaded 2 times (x 68B)
Class com.google.common.base.NullnessCasts                                            : loaded 2 times (x 69B)
Class com.google.common.io.CharSink                                                   : loaded 2 times (x 77B)
Class org.objectweb.asm.Frame                                                         : loaded 2 times (x 71B)
Class com.google.common.cache.LocalCache$LocalManualCache                             : loaded 2 times (x 97B)
Class com.google.common.collect.AbstractMapEntry                                      : loaded 2 times (x 79B)
Class com.google.common.collect.ImmutableList$Builder                                 : loaded 2 times (x 75B)
Class com.google.common.base.CharMatcher$Negated                                      : loaded 2 times (x 111B)
Class com.google.common.cache.CacheLoader$1                                           : loaded 2 times (x 73B)
Class [Lcom.google.common.collect.MapMakerInternalMap$Strength;                       : loaded 2 times (x 67B)
Class com.google.common.util.concurrent.AbstractFuture$TrustedFuture                  : loaded 2 times (x 95B)
Class com.google.common.cache.RemovalCause                                            : loaded 2 times (x 78B)
Class com.google.common.collect.MapMakerInternalMap$InternalEntry                     : loaded 2 times (x 68B)
Class org.apache.commons.io.FileExistsException                                       : loaded 2 times (x 80B)
Class com.google.common.collect.Maps$ViewCachingAbstractMap                           : loaded 2 times (x 123B)
Class com.google.common.collect.Sets                                                  : loaded 2 times (x 69B)
Class com.google.common.collect.ImmutableSet$Builder                                  : loaded 2 times (x 83B)
Class com.google.common.collect.Sets$FilteredSet                                      : loaded 2 times (x 135B)
Class com.google.common.collect.MapMakerInternalMap                                   : loaded 2 times (x 159B)
Class com.google.common.base.CharMatcher$ForPredicate                                 : loaded 2 times (x 110B)
Class com.google.common.collect.ImmutableMap$MapViewOfValuesAsSingletonSets           : loaded 2 times (x 123B)
Class com.google.common.collect.ImmutableMapKeySet                                    : loaded 2 times (x 148B)
Class com.google.common.base.MoreObjects                                              : loaded 2 times (x 69B)
Class com.google.common.collect.SortedMapDifference                                   : loaded 2 times (x 68B)
Class org.objectweb.asm.SymbolTable                                                   : loaded 2 times (x 70B)
Class [Lorg.objectweb.asm.AnnotationVisitor;                                          : loaded 2 times (x 67B)
Class com.google.common.cache.CacheStats                                              : loaded 2 times (x 69B)
Class org.objectweb.asm.Attribute                                                     : loaded 2 times (x 75B)
Class org.gradle.internal.classloader.VisitableURLClassLoader                         : loaded 2 times (x 114B)
Class com.google.common.cache.LocalCache$LocalLoadingCache                            : loaded 2 times (x 132B)
Class com.google.common.io.CharSource$CharSequenceCharSource                          : loaded 2 times (x 84B)
Class com.google.common.base.Supplier                                                 : loaded 2 times (x 68B)
Class com.google.common.collect.HashBiMap$BiEntry                                     : loaded 2 times (x 81B)
Class com.google.common.collect.ImmutableMultimap$Keys                                : loaded 2 times (x 164B)
Class com.google.common.base.Objects                                                  : loaded 2 times (x 69B)
Class com.google.common.util.concurrent.AbstractFuture$AtomicHelper                   : loaded 2 times (x 76B)
Class com.google.common.collect.ImmutableBiMap                                        : loaded 2 times (x 141B)
Class org.gradle.internal.Cast                                                        : loaded 2 times (x 69B)
Class com.google.common.hash.PrimitiveSink                                            : loaded 2 times (x 68B)
Class com.google.common.collect.NullnessCasts                                         : loaded 2 times (x 69B)
Class Build_gradle                                                                    : loaded 2 times (x 128B)
Class com.google.common.io.CharSource$EmptyCharSource                                 : loaded 2 times (x 84B)
Class org.gradle.api.internal.ClassPathRegistry                                       : loaded 2 times (x 68B)
Class com.google.common.cache.LocalCache$EntryFactory                                 : loaded 2 times (x 81B)
Class com.google.common.util.concurrent.UncheckedExecutionException                   : loaded 2 times (x 80B)
Class com.google.common.collect.ImmutableSet                                          : loaded 2 times (x 143B)
Class org.gradle.internal.classloader.VisitableURLClassLoader$InstrumentingVisitableURLClassLoader: loaded 2 times (x 120B)
Class org.gradle.internal.classloader.ClassLoaderHierarchy                            : loaded 2 times (x 68B)
Class com.google.common.collect.Lists$ReverseList                                     : loaded 2 times (x 160B)
Class com.google.common.io.Closer$Suppressor                                          : loaded 2 times (x 68B)
Class com.google.common.collect.AbstractMapBasedMultimap$WrappedList                  : loaded 2 times (x 165B)
Class [Lorg.objectweb.asm.Type;                                                       : loaded 2 times (x 67B)
Class com.google.common.collect.MapMakerInternalMap$WeakValueReference                : loaded 2 times (x 68B)
Class com.google.common.collect.Lists$ReverseList$1                                   : loaded 2 times (x 97B)
Class com.google.common.base.AbstractIterator$State                                   : loaded 2 times (x 77B)
Class com.google.common.cache.Weigher                                                 : loaded 2 times (x 68B)
Class com.google.common.collect.MapMakerInternalMap$StrongValueEntry                  : loaded 2 times (x 68B)
Class com.google.common.base.CharMatcher$NamedFastMatcher                             : loaded 2 times (x 110B)
Class org.gradle.internal.InternalTransformer                                         : loaded 2 times (x 68B)
Class com.google.common.collect.AbstractMapBasedMultimap$AsMap$AsMapEntries           : loaded 2 times (x 136B)
Class org.gradle.internal.service.ServiceLocator                                      : loaded 2 times (x 68B)
Class Settings_gradle$1                                                               : loaded 2 times (x 72B)
Class com.google.common.collect.ImmutableRangeSet$1                                   : loaded 2 times (x 169B)
Class com.google.common.util.concurrent.SettableFuture                                : loaded 2 times (x 95B)
Class com.google.common.io.Files$2                                                    : loaded 2 times (x 74B)
Class com.google.common.collect.ImmutableMapEntry                                     : loaded 2 times (x 83B)
Class com.google.common.reflect.Types$ParameterizedTypeImpl                           : loaded 2 times (x 79B)
Class com.google.common.collect.Maps$EntryFunction                                    : loaded 2 times (x 89B)
Class com.google.common.io.ByteStreams                                                : loaded 2 times (x 69B)
Class com.google.common.base.CharMatcher$Invisible                                    : loaded 2 times (x 110B)
Class com.google.common.base.Joiner$1                                                 : loaded 2 times (x 78B)
Class com.google.common.collect.MapMaker                                              : loaded 2 times (x 70B)
Class com.google.common.base.Joiner$2                                                 : loaded 2 times (x 77B)
Class com.google.common.collect.HashBiMap                                             : loaded 2 times (x 141B)
Class com.google.common.collect.ImmutableMultiset                                     : loaded 2 times (x 161B)
Class com.google.common.reflect.Types$JavaVersion$1                                   : loaded 2 times (x 81B)
Class com.google.common.base.CharMatcher$FastMatcher                                  : loaded 2 times (x 109B)
Class com.google.common.reflect.Types$JavaVersion$2                                   : loaded 2 times (x 81B)
Class com.google.common.reflect.Types$JavaVersion$3                                   : loaded 2 times (x 81B)
Class org.gradle.internal.classpath.DefaultClassPath$ImmutableUniqueList              : loaded 2 times (x 159B)
Class com.google.common.reflect.Types$JavaVersion$4                                   : loaded 2 times (x 81B)
Class com.google.common.reflect.Types$JavaVersion$5                                   : loaded 2 times (x 69B)
Class com.google.common.base.CharMatcher$JavaLetter                                   : loaded 2 times (x 109B)
Class com.google.common.collect.ImmutableMultimap$1                                   : loaded 2 times (x 80B)
Class com.google.common.collect.ImmutableMultimap$2                                   : loaded 2 times (x 79B)
Class org.gradle.internal.classpath.TransformedClassPath                              : loaded 2 times (x 94B)
Class com.google.common.collect.MapDifference                                         : loaded 2 times (x 68B)
Class com.google.common.reflect.TypeToken$SimpleTypeToken                             : loaded 2 times (x 71B)
Class com.google.common.io.ByteSource$EmptyByteSource                                 : loaded 2 times (x 83B)
Class com.google.common.collect.Sets$1                                                : loaded 2 times (x 137B)
Class com.google.common.collect.Sets$2                                                : loaded 2 times (x 137B)
Class com.google.common.util.concurrent.AbstractFuture$Trusted                        : loaded 2 times (x 68B)
Class com.google.common.collect.Sets$3                                                : loaded 2 times (x 137B)
Class com.google.common.graph.SuccessorsFunction                                      : loaded 2 times (x 68B)
Class com.google.common.collect.Sets$4                                                : loaded 2 times (x 137B)
Class com.google.common.reflect.Types$NativeTypeVariableEquals                        : loaded 2 times (x 69B)
Class Settings_gradle                                                                 : loaded 2 times (x 126B)
Class com.google.common.io.ByteSink                                                   : loaded 2 times (x 74B)
Class com.google.common.collect.AbstractMapBasedMultimap$WrappedCollection$WrappedIterator: loaded 2 times (x 82B)
Class org.objectweb.asm.MethodWriter                                                  : loaded 2 times (x 103B)
Class com.google.common.collect.Platform                                              : loaded 2 times (x 69B)
Class com.google.common.collect.ImmutableAsList                                       : loaded 2 times (x 169B)
Class com.google.common.util.concurrent.ExecutionError                                : loaded 2 times (x 80B)
Class com.google.common.io.ByteSink$AsCharSink                                        : loaded 2 times (x 78B)
Class com.google.common.base.Equivalence$Identity                                     : loaded 2 times (x 80B)
Class com.google.common.base.CharMatcher$AnyOf                                        : loaded 2 times (x 110B)
Class com.google.common.base.CharMatcher$IsEither                                     : loaded 2 times (x 109B)
Class com.google.common.collect.AbstractIterator$1                                    : loaded 2 times (x 69B)
Class com.google.common.io.CharSource                                                 : loaded 2 times (x 83B)
Class com.google.common.cache.LocalCache                                              : loaded 2 times (x 185B)
Class com.google.common.collect.ImmutableRangeSet$Builder                             : loaded 2 times (x 75B)
Class com.google.common.collect.RegularImmutableList                                  : loaded 2 times (x 172B)
Class com.google.common.util.concurrent.AbstractFuture$UnsafeAtomicHelper$1           : loaded 2 times (x 74B)
Class com.google.common.base.CharMatcher$JavaUpperCase                                : loaded 2 times (x 109B)
Class com.google.common.collect.Multiset                                              : loaded 2 times (x 68B)
Class com.google.common.collect.ImmutableSet$CachingAsList                            : loaded 2 times (x 145B)
Class com.google.common.reflect.Invokable$ConstructorInvokable                        : loaded 2 times (x 103B)
Class org.objectweb.asm.MethodVisitor                                                 : loaded 2 times (x 102B)
Class com.google.common.collect.AbstractMapBasedMultimap$KeySet$1                     : loaded 2 times (x 80B)
Class com.google.common.collect.ImmutableMapEntry$NonTerminalImmutableMapEntry        : loaded 2 times (x 83B)
Class com.google.common.collect.AbstractMapBasedMultimap                              : loaded 2 times (x 137B)


---------------  S Y S T E M  ---------------

OS:
 Windows 11 , 64 bit Build 22621 (10.0.22621.3235)
OS uptime: 0 days 13:58 hours

CPU: total 8 (initial active 8) (4 cores per cpu, 2 threads per core) family 6 model 140 stepping 1 microcode 0xb4, cx8, cmov, fxsr, ht, mmx, 3dnowpref, sse, sse2, sse3, ssse3, sse4.1, sse4.2, popcnt, lzcnt, tsc, tscinvbit, avx, avx2, aes, erms, clmul, bmi1, bmi2, adx, avx512f, avx512dq, avx512cd, avx512bw, avx512vl, sha, fma, vzeroupper, avx512_vpopcntdq, avx512_vpclmulqdq, avx512_vaes, avx512_vnni, clflush, clflushopt, clwb, avx512_vbmi2, avx512_vbmi

Memory: 4k page, system-wide physical 16106M (1813M free)
TotalPageFile size 19106M (AvailPageFile size 139M)
current process WorkingSet (physical memory assigned to process): 861M, peak: 861M
current process commit charge ("private bytes"): 892M, peak: 1214M

vm_info: OpenJDK 64-Bit Server VM (17.0.7+0-b2043.56-10550314) for windows-amd64 JRE (17.0.7+0-b2043.56-10550314), built on Jul 24 2023 18:27:45 by "androidbuild" with MS VC++ 16.10 / 16.11 (VS2019)

END.
