#
# There is insufficient memory for the Java Runtime Environment to continue.
# Native memory allocation (mmap) failed to map 475004928 bytes for G1 virtual space
# Possible reasons:
#   The system is out of physical RAM or swap space
#   The process is running with CompressedOops enabled, and the Java Heap may be blocking the growth of the native heap
# Possible solutions:
#   Reduce memory load on the system
#   Increase physical memory or swap space
#   Check if swap backing store is full
#   Decrease Java heap size (-Xmx/-Xms)
#   Decrease number of Java threads
#   Decrease Java thread stack sizes (-Xss)
#   Set larger code cache with -XX:ReservedCodeCacheSize=
#   JVM is running with Unscaled Compressed Oops mode in which the Java heap is
#     placed in the first 4GB address space. The Java Heap base address is the
#     maximum limit for the native heap growth. Please use -XX:HeapBaseMinAddress
#     to set the Java Heap base and to place the Java Heap above 4GB virtual address.
# This output file may be truncated or incomplete.
#
#  Out of Memory Error (os_windows.cpp:3771), pid=14396, tid=11220
#
# JRE version: OpenJDK Runtime Environment (17.0.7) (build 17.0.7+0-b2043.56-10550314)
# Java VM: OpenJDK 64-Bit Server VM (17.0.7+0-b2043.56-10550314, mixed mode, tiered, compressed oops, compressed class ptrs, g1 gc, windows-amd64)
# No core dump will be written. Minidumps are not enabled by default on client versions of Windows
#

---------------  S U M M A R Y ------------

Command Line: --add-opens=java.base/java.util=ALL-UNNAMED --add-opens=java.base/java.lang=ALL-UNNAMED --add-opens=java.base/java.lang.invoke=ALL-UNNAMED --add-opens=java.prefs/java.util.prefs=ALL-UNNAMED --add-opens=java.base/java.nio.charset=ALL-UNNAMED --add-opens=java.base/java.net=ALL-UNNAMED --add-opens=java.base/java.util.concurrent.atomic=ALL-UNNAMED -Xmx2048m -Dfile.encoding=UTF-8 -Duser.country=US -Duser.language=en -Duser.variant -javaagent:C:\Users\minhm\.gradle\wrapper\dists\gradle-8.2-bin\bbg7u40eoinfdyxsxr3z4i7ta\gradle-8.2\lib\agents\gradle-instrumentation-agent-8.2.jar org.gradle.launcher.daemon.bootstrap.GradleDaemon 8.2

Host: 11th Gen Intel(R) Core(TM) i5-1135G7 @ 2.40GHz, 8 cores, 15G,  Windows 11 , 64 bit Build 22621 (10.0.22621.3235)
Time: Sun Apr  7 15:37:29 2024 SE Asia Standard Time elapsed time: 204.817275 seconds (0d 0h 3m 24s)

---------------  T H R E A D  ---------------

Current thread (0x000002db2643ed00):  VMThread "VM Thread" [stack: 0x000000eef5000000,0x000000eef5100000] [id=11220]

Stack: [0x000000eef5000000,0x000000eef5100000]
Native frames: (J=compiled Java code, j=interpreted, Vv=VM code, C=native code)
V  [jvm.dll+0x683bfa]
V  [jvm.dll+0x8430a4]
V  [jvm.dll+0x8449be]
V  [jvm.dll+0x845023]
V  [jvm.dll+0x24ad2f]
V  [jvm.dll+0x680ac9]
V  [jvm.dll+0x67519a]
V  [jvm.dll+0x30b3cb]
V  [jvm.dll+0x312876]
V  [jvm.dll+0x36221e]
V  [jvm.dll+0x36244f]
V  [jvm.dll+0x2e14a8]
V  [jvm.dll+0x2df684]
V  [jvm.dll+0x2dec8c]
V  [jvm.dll+0x323b51]
V  [jvm.dll+0x8496eb]
V  [jvm.dll+0x84a424]
V  [jvm.dll+0x84a93d]
V  [jvm.dll+0x84ad14]
V  [jvm.dll+0x84ade0]
V  [jvm.dll+0x7f2aea]
V  [jvm.dll+0x682a35]
C  [ucrtbase.dll+0x29363]
C  [KERNEL32.DLL+0x1257d]
C  [ntdll.dll+0x5aa58]

VM_Operation (0x000000eef8ef7720): G1TryInitiateConcMark, mode: safepoint, requested by thread 0x000002db31a46a30


---------------  P R O C E S S  ---------------

Threads class SMR info:
_java_thread_list=0x000002db2f10ec30, length=102, elements={
0x000002db0c5afe40, 0x000002db2659d780, 0x000002db2659e330, 0x000002db265d87d0,
0x000002db265d9290, 0x000002db265d9d40, 0x000002db265e8a00, 0x000002db265eb600,
0x000002db265fc720, 0x000002db265fd020, 0x000002db2674f030, 0x000002db268a5110,
0x000002db2cc34a00, 0x000002db2d5f9420, 0x000002db2d801120, 0x000002db2b94b470,
0x000002db2b94be10, 0x000002db2b9492c0, 0x000002db2b94b940, 0x000002db2b949c60,
0x000002db2da89630, 0x000002db2da8de60, 0x000002db2da8c180, 0x000002db2da8b310,
0x000002db2da86ae0, 0x000002db2da86fb0, 0x000002db2da87950, 0x000002db2da8a970,
0x000002db2da882f0, 0x000002db2da89160, 0x000002db2da89fd0, 0x000002db31420aa0,
0x000002db335010c0, 0x000002db31a46560, 0x000002db30f6adf0, 0x000002db333ed6e0,
0x000002db30f6b2c0, 0x000002db334fef10, 0x000002db30f6b790, 0x000002db30f6c130,
0x000002db2ef5f130, 0x000002db30f6cfa0, 0x000002db333ea6c0, 0x000002db333ecd40,
0x000002db333e9d20, 0x000002db2ef5f640, 0x000002db333ea1f0, 0x000002db333ec3a0,
0x000002db33500720, 0x000002db334fe0a0, 0x000002db334ffd80, 0x000002db2e073c40,
0x000002db333eb530, 0x000002db333ebed0, 0x000002db2cd72d80, 0x000002db2cd73250,
0x000002db2cd740c0, 0x000002db334fc3c0, 0x000002db33500250, 0x000002db2cd723e0,
0x000002db31a478a0, 0x000002db31a46090, 0x000002db31a46a30, 0x000002db31a473d0,
0x000002db31a46f00, 0x000002db32841ad0, 0x000002db328402c0, 0x000002db328437b0,
0x000002db32841600, 0x000002db32842e10, 0x000002db333ed210, 0x000002db333eab90,
0x000002db333eb060, 0x000002db333eba00, 0x000002db2b1492b0, 0x000002db2b149c50,
0x000002db2f378210, 0x000002db2f379080, 0x000002db33501590, 0x000002db335028d0,
0x000002db334fb550, 0x000002db33502400, 0x000002db33501a60, 0x000002db334fba20,
0x000002db334fc890, 0x000002db2cb8a580, 0x000002db334fd230, 0x000002db32841130,
0x000002db2e074f80, 0x000002db2e075450, 0x000002db2e072dd0, 0x000002db2d8b52e0,
0x000002db2d8b3600, 0x000002db2d8b4940, 0x000002db2e074ab0, 0x000002db2cd74590,
0x000002db2cd74a60, 0x000002db2cd75400, 0x000002db2cd71a40, 0x000002db2baeaa20,
0x000002db2baeaef0, 0x000002db2baeb890
}

Java Threads: ( => current thread )
  0x000002db0c5afe40 JavaThread "main" [_thread_blocked, id=8468, stack(0x000000eef4a00000,0x000000eef4b00000)]
  0x000002db2659d780 JavaThread "Reference Handler" daemon [_thread_blocked, id=3580, stack(0x000000eef5100000,0x000000eef5200000)]
  0x000002db2659e330 JavaThread "Finalizer" daemon [_thread_blocked, id=17180, stack(0x000000eef5200000,0x000000eef5300000)]
  0x000002db265d87d0 JavaThread "Signal Dispatcher" daemon [_thread_blocked, id=12568, stack(0x000000eef5300000,0x000000eef5400000)]
  0x000002db265d9290 JavaThread "Attach Listener" daemon [_thread_blocked, id=68, stack(0x000000eef5400000,0x000000eef5500000)]
  0x000002db265d9d40 JavaThread "Service Thread" daemon [_thread_blocked, id=8576, stack(0x000000eef5500000,0x000000eef5600000)]
  0x000002db265e8a00 JavaThread "Monitor Deflation Thread" daemon [_thread_blocked, id=7796, stack(0x000000eef5600000,0x000000eef5700000)]
  0x000002db265eb600 JavaThread "C2 CompilerThread0" daemon [_thread_blocked, id=10972, stack(0x000000eef5700000,0x000000eef5800000)]
  0x000002db265fc720 JavaThread "C1 CompilerThread0" daemon [_thread_blocked, id=1168, stack(0x000000eef5800000,0x000000eef5900000)]
  0x000002db265fd020 JavaThread "Sweeper thread" daemon [_thread_blocked, id=12116, stack(0x000000eef5900000,0x000000eef5a00000)]
  0x000002db2674f030 JavaThread "Common-Cleaner" daemon [_thread_blocked, id=16752, stack(0x000000eef5a00000,0x000000eef5b00000)]
  0x000002db268a5110 JavaThread "Notification Thread" daemon [_thread_blocked, id=2468, stack(0x000000eef5b00000,0x000000eef5c00000)]
  0x000002db2cc34a00 JavaThread "Daemon health stats" [_thread_blocked, id=3152, stack(0x000000eef6400000,0x000000eef6500000)]
  0x000002db2d5f9420 JavaThread "Incoming local TCP Connector on port 50460" [_thread_in_native, id=9480, stack(0x000000eef6500000,0x000000eef6600000)]
  0x000002db2d801120 JavaThread "Daemon periodic checks" [_thread_blocked, id=17132, stack(0x000000eef6600000,0x000000eef6700000)]
  0x000002db2b94b470 JavaThread "Cache worker for journal cache (C:\Users\minhm\.gradle\caches\journal-1)" [_thread_blocked, id=7976, stack(0x000000eef7100000,0x000000eef7200000)]
  0x000002db2b94be10 JavaThread "File lock request listener" [_thread_in_native, id=6332, stack(0x000000eef7200000,0x000000eef7300000)]
  0x000002db2b9492c0 JavaThread "Cache worker for file hash cache (C:\Users\minhm\.gradle\caches\8.2\fileHashes)" [_thread_blocked, id=12080, stack(0x000000eef7300000,0x000000eef7400000)]
  0x000002db2b94b940 JavaThread "File watcher server" daemon [_thread_blocked, id=6248, stack(0x000000eef7400000,0x000000eef7500000)]
  0x000002db2b949c60 JavaThread "File watcher consumer" daemon [_thread_blocked, id=7228, stack(0x000000eef7500000,0x000000eef7600000)]
  0x000002db2da89630 JavaThread "Cache worker for file content cache (C:\Users\minhm\.gradle\caches\8.2\fileContent)" [_thread_blocked, id=8256, stack(0x000000eef7800000,0x000000eef7900000)]
  0x000002db2da8de60 JavaThread "Cache worker for execution history cache (C:\Users\minhm\.gradle\caches\8.2\executionHistory)" [_thread_blocked, id=6416, stack(0x000000eef7b00000,0x000000eef7c00000)]
  0x000002db2da8c180 JavaThread "jar transforms" [_thread_blocked, id=7684, stack(0x000000eef7c00000,0x000000eef7d00000)]
  0x000002db2da8b310 JavaThread "jar transforms Thread 2" [_thread_blocked, id=8584, stack(0x000000eef7d00000,0x000000eef7e00000)]
  0x000002db2da86ae0 JavaThread "Cache worker for kotlin-dsl (C:\Users\minhm\.gradle\caches\8.2\kotlin-dsl)" [_thread_blocked, id=18136, stack(0x000000eef7e00000,0x000000eef7f00000)]
  0x000002db2da86fb0 JavaThread "jar transforms Thread 3" [_thread_blocked, id=3044, stack(0x000000eef7f00000,0x000000eef8000000)]
  0x000002db2da87950 JavaThread "jar transforms Thread 4" [_thread_blocked, id=8184, stack(0x000000eef8000000,0x000000eef8100000)]
  0x000002db2da8a970 JavaThread "jar transforms Thread 5" [_thread_blocked, id=7928, stack(0x000000eef8100000,0x000000eef8200000)]
  0x000002db2da882f0 JavaThread "jar transforms Thread 6" [_thread_blocked, id=16292, stack(0x000000eef8200000,0x000000eef8300000)]
  0x000002db2da89160 JavaThread "jar transforms Thread 7" [_thread_blocked, id=10668, stack(0x000000eef8500000,0x000000eef8600000)]
  0x000002db2da89fd0 JavaThread "jar transforms Thread 8" [_thread_blocked, id=2172, stack(0x000000eef8600000,0x000000eef8700000)]
  0x000002db31420aa0 JavaThread "Memory manager" [_thread_blocked, id=15616, stack(0x000000eef8f00000,0x000000eef9000000)]
  0x000002db335010c0 JavaThread "pool-3-thread-1" [_thread_blocked, id=18188, stack(0x000000eef9100000,0x000000eef9200000)]
  0x000002db31a46560 JavaThread "ForkJoinPool.commonPool-worker-2" daemon [_thread_blocked, id=7692, stack(0x000000eefe700000,0x000000eefe800000)]
  0x000002db30f6adf0 JavaThread "ForkJoinPool.commonPool-worker-3" daemon [_thread_blocked, id=17256, stack(0x000000eefe800000,0x000000eefe900000)]
  0x000002db333ed6e0 JavaThread "ForkJoinPool.commonPool-worker-4" daemon [_thread_blocked, id=8588, stack(0x000000eefe900000,0x000000eefea00000)]
  0x000002db30f6b2c0 JavaThread "ForkJoinPool.commonPool-worker-5" daemon [_thread_blocked, id=17128, stack(0x000000eefea00000,0x000000eefeb00000)]
  0x000002db334fef10 JavaThread "Daemon Thread 2" [_thread_blocked, id=14528, stack(0x000000eef4700000,0x000000eef4800000)]
  0x000002db30f6b790 JavaThread "Handler for socket connection from /127.0.0.1:50460 to /127.0.0.1:50710" [_thread_in_native, id=16168, stack(0x000000eef4800000,0x000000eef4900000)]
  0x000002db30f6c130 JavaThread "Cancel handler" [_thread_blocked, id=1468, stack(0x000000eef4900000,0x000000eef4a00000)]
  0x000002db2ef5f130 JavaThread "C2 CompilerThread1" daemon [_thread_blocked, id=6576, stack(0x000000eef5d00000,0x000000eef5e00000)]
  0x000002db30f6cfa0 JavaThread "Daemon worker Thread 2" [_thread_blocked, id=5300, stack(0x000000eef5e00000,0x000000eef5f00000)]
  0x000002db333ea6c0 JavaThread "Asynchronous log dispatcher for DefaultDaemonConnection: socket connection from /127.0.0.1:50460 to /127.0.0.1:50710" [_thread_blocked, id=3132, stack(0x000000eef6700000,0x000000eef6800000)]
  0x000002db333ecd40 JavaThread "Stdin handler" [_thread_blocked, id=12892, stack(0x000000eef6800000,0x000000eef6900000)]
  0x000002db333e9d20 JavaThread "Daemon client event forwarder" [_thread_blocked, id=8152, stack(0x000000eef6900000,0x000000eef6a00000)]
  0x000002db2ef5f640 JavaThread "C2 CompilerThread2" daemon [_thread_blocked, id=11784, stack(0x000000eef6a00000,0x000000eef6b00000)]
  0x000002db333ea1f0 JavaThread "Cache worker for checksums cache (D:\study\Android\appBaoHanh\.gradle\8.2\checksums)" [_thread_blocked, id=11300, stack(0x000000eef6b00000,0x000000eef6c00000)]
  0x000002db333ec3a0 JavaThread "Cache worker for cache directory md-rule (C:\Users\minhm\.gradle\caches\8.2\md-rule)" [_thread_blocked, id=18180, stack(0x000000eef6c00000,0x000000eef6d00000)]
  0x000002db33500720 JavaThread "Cache worker for file hash cache (D:\study\Android\appBaoHanh\.gradle\8.2\fileHashes)" [_thread_blocked, id=16936, stack(0x000000eef6d00000,0x000000eef6e00000)]
  0x000002db334fe0a0 JavaThread "Cache worker for cache directory md-supplier (C:\Users\minhm\.gradle\caches\8.2\md-supplier)" [_thread_blocked, id=6472, stack(0x000000eef7600000,0x000000eef7700000)]
  0x000002db334ffd80 JavaThread "Cache worker for dependencies-accessors (D:\study\Android\appBaoHanh\.gradle\8.2\dependencies-accessors)" [_thread_blocked, id=4680, stack(0x000000eef7700000,0x000000eef7800000)]
  0x000002db2e073c40 JavaThread "Cache worker for Build Output Cleanup Cache (D:\study\Android\appBaoHanh\.gradle\buildOutputCleanup)" [_thread_blocked, id=13928, stack(0x000000eef7900000,0x000000eef7a00000)]
  0x000002db333eb530 JavaThread "Unconstrained build operations" [_thread_blocked, id=3932, stack(0x000000eef7a00000,0x000000eef7b00000)]
  0x000002db333ebed0 JavaThread "Unconstrained build operations Thread 2" [_thread_blocked, id=4164, stack(0x000000eef8300000,0x000000eef8400000)]
  0x000002db2cd72d80 JavaThread "Unconstrained build operations Thread 3" [_thread_blocked, id=8920, stack(0x000000eef8400000,0x000000eef8500000)]
  0x000002db2cd73250 JavaThread "Unconstrained build operations Thread 4" [_thread_blocked, id=10884, stack(0x000000eef8700000,0x000000eef8800000)]
  0x000002db2cd740c0 JavaThread "Unconstrained build operations Thread 5" [_thread_blocked, id=7236, stack(0x000000eef8800000,0x000000eef8900000)]
  0x000002db334fc3c0 JavaThread "Unconstrained build operations Thread 6" [_thread_blocked, id=15904, stack(0x000000eef8900000,0x000000eef8a00000)]
  0x000002db33500250 JavaThread "Unconstrained build operations Thread 7" [_thread_blocked, id=10232, stack(0x000000eef8a00000,0x000000eef8b00000)]
  0x000002db2cd723e0 JavaThread "build event listener" [_thread_blocked, id=16916, stack(0x000000eef8b00000,0x000000eef8c00000)]
  0x000002db31a478a0 JavaThread "pool-7-thread-1" [_thread_blocked, id=18516, stack(0x000000eef8c00000,0x000000eef8d00000)]
  0x000002db31a46090 JavaThread "build event listener" [_thread_blocked, id=9516, stack(0x000000eef8d00000,0x000000eef8e00000)]
  0x000002db31a46a30 JavaThread "included builds" [_thread_blocked, id=2420, stack(0x000000eef8e00000,0x000000eef8f00000)]
  0x000002db31a473d0 JavaThread "Execution worker" [_thread_blocked, id=8836, stack(0x000000eef9200000,0x000000eef9300000)]
  0x000002db31a46f00 JavaThread "Execution worker Thread 2" [_thread_blocked, id=1720, stack(0x000000eef9300000,0x000000eef9400000)]
  0x000002db32841ad0 JavaThread "Execution worker Thread 3" [_thread_blocked, id=19072, stack(0x000000eef9400000,0x000000eef9500000)]
  0x000002db328402c0 JavaThread "Execution worker Thread 4" [_thread_blocked, id=13292, stack(0x000000eef9500000,0x000000eef9600000)]
  0x000002db328437b0 JavaThread "Execution worker Thread 5" [_thread_blocked, id=2676, stack(0x000000eef9600000,0x000000eef9700000)]
  0x000002db32841600 JavaThread "Execution worker Thread 6" [_thread_blocked, id=18884, stack(0x000000eef9700000,0x000000eef9800000)]
  0x000002db32842e10 JavaThread "Execution worker Thread 7" [_thread_blocked, id=18916, stack(0x000000eef9800000,0x000000eef9900000)]
  0x000002db333ed210 JavaThread "Cache worker for execution history cache (D:\study\Android\appBaoHanh\.gradle\8.2\executionHistory)" [_thread_blocked, id=19136, stack(0x000000eef9900000,0x000000eef9a00000)]
  0x000002db333eab90 JavaThread "Unconstrained build operations Thread 8" [_thread_blocked, id=2760, stack(0x000000eef9a00000,0x000000eef9b00000)]
  0x000002db333eb060 JavaThread "Unconstrained build operations Thread 9" [_thread_blocked, id=4280, stack(0x000000eef9b00000,0x000000eef9c00000)]
  0x000002db333eba00 JavaThread "Unconstrained build operations Thread 10" [_thread_blocked, id=6492, stack(0x000000eef9c00000,0x000000eef9d00000)]
  0x000002db2b1492b0 JavaThread "Unconstrained build operations Thread 11" [_thread_blocked, id=10976, stack(0x000000eef9d00000,0x000000eef9e00000)]
  0x000002db2b149c50 JavaThread "Unconstrained build operations Thread 12" [_thread_blocked, id=4512, stack(0x000000eef9e00000,0x000000eef9f00000)]
  0x000002db2f378210 JavaThread "Unconstrained build operations Thread 13" [_thread_blocked, id=6296, stack(0x000000eef9f00000,0x000000eefa000000)]
  0x000002db2f379080 JavaThread "Unconstrained build operations Thread 14" [_thread_blocked, id=13684, stack(0x000000eefa000000,0x000000eefa100000)]
  0x000002db33501590 JavaThread "Unconstrained build operations Thread 15" [_thread_blocked, id=7064, stack(0x000000eefa100000,0x000000eefa200000)]
  0x000002db335028d0 JavaThread "Unconstrained build operations Thread 16" [_thread_blocked, id=15244, stack(0x000000eefa200000,0x000000eefa300000)]
  0x000002db334fb550 JavaThread "Unconstrained build operations Thread 17" [_thread_blocked, id=17248, stack(0x000000eefa300000,0x000000eefa400000)]
  0x000002db33502400 JavaThread "Unconstrained build operations Thread 18" [_thread_blocked, id=15660, stack(0x000000eefa400000,0x000000eefa500000)]
  0x000002db33501a60 JavaThread "Unconstrained build operations Thread 19" [_thread_blocked, id=13340, stack(0x000000eefa500000,0x000000eefa600000)]
  0x000002db334fba20 JavaThread "Unconstrained build operations Thread 20" [_thread_blocked, id=8144, stack(0x000000eefa600000,0x000000eefa700000)]
  0x000002db334fc890 JavaThread "Unconstrained build operations Thread 21" [_thread_blocked, id=16876, stack(0x000000eefa700000,0x000000eefa800000)]
  0x000002db2cb8a580 JavaThread "Unconstrained build operations Thread 22" [_thread_blocked, id=18772, stack(0x000000eefa800000,0x000000eefa900000)]
  0x000002db334fd230 JavaThread "Unconstrained build operations Thread 23" [_thread_blocked, id=13304, stack(0x000000eefa900000,0x000000eefaa00000)]
  0x000002db32841130 JavaThread "Unconstrained build operations Thread 24" [_thread_blocked, id=14472, stack(0x000000eefaa00000,0x000000eefab00000)]
  0x000002db2e074f80 JavaThread "Unconstrained build operations Thread 25" [_thread_blocked, id=13828, stack(0x000000eefab00000,0x000000eefac00000)]
  0x000002db2e075450 JavaThread "Unconstrained build operations Thread 26" [_thread_blocked, id=13624, stack(0x000000eefac00000,0x000000eefad00000)]
  0x000002db2e072dd0 JavaThread "Unconstrained build operations Thread 27" [_thread_blocked, id=15104, stack(0x000000eefad00000,0x000000eefae00000)]
  0x000002db2d8b52e0 JavaThread "Unconstrained build operations Thread 28" [_thread_blocked, id=17292, stack(0x000000eefae00000,0x000000eefaf00000)]
  0x000002db2d8b3600 JavaThread "Unconstrained build operations Thread 29" [_thread_blocked, id=6840, stack(0x000000eefaf00000,0x000000eefb000000)]
  0x000002db2d8b4940 JavaThread "Unconstrained build operations Thread 30" [_thread_blocked, id=19044, stack(0x000000eefb000000,0x000000eefb100000)]
  0x000002db2e074ab0 JavaThread "Cache worker for Java compile cache (C:\Users\minhm\.gradle\caches\8.2\javaCompile)" [_thread_blocked, id=9072, stack(0x000000eefb100000,0x000000eefb200000)]
  0x000002db2cd74590 JavaThread "Build operations" [_thread_blocked, id=9716, stack(0x000000eefb200000,0x000000eefb300000)]
  0x000002db2cd74a60 JavaThread "Build operations Thread 2" [_thread_blocked, id=7580, stack(0x000000eefb300000,0x000000eefb400000)]
  0x000002db2cd75400 JavaThread "Build operations Thread 3" [_thread_blocked, id=10740, stack(0x000000eefb400000,0x000000eefb500000)]
  0x000002db2cd71a40 JavaThread "Build operations Thread 4" [_thread_blocked, id=9808, stack(0x000000eefb500000,0x000000eefb600000)]
  0x000002db2baeaa20 JavaThread "Build operations Thread 5" [_thread_blocked, id=11016, stack(0x000000eefb600000,0x000000eefb700000)]
  0x000002db2baeaef0 JavaThread "Build operations Thread 6" [_thread_blocked, id=13460, stack(0x000000eefb700000,0x000000eefb800000)]
  0x000002db2baeb890 JavaThread "Build operations Thread 7" [_thread_blocked, id=16716, stack(0x000000eefb800000,0x000000eefb900000)]

Other Threads:
=>0x000002db2643ed00 VMThread "VM Thread" [stack: 0x000000eef5000000,0x000000eef5100000] [id=11220]
  0x000002db0c641d00 WatcherThread [stack: 0x000000eef5c00000,0x000000eef5d00000] [id=10748]
  0x000002db0c60c070 GCTaskThread "GC Thread#0" [stack: 0x000000eef4b00000,0x000000eef4c00000] [id=8360]
  0x000002db2b3e96a0 GCTaskThread "GC Thread#1" [stack: 0x000000eef5f00000,0x000000eef6000000] [id=1636]
  0x000002db2bb0fdd0 GCTaskThread "GC Thread#2" [stack: 0x000000eef6000000,0x000000eef6100000] [id=9444]
  0x000002db2bb10080 GCTaskThread "GC Thread#3" [stack: 0x000000eef6100000,0x000000eef6200000] [id=9744]
  0x000002db2bb10330 GCTaskThread "GC Thread#4" [stack: 0x000000eef6200000,0x000000eef6300000] [id=11156]
  0x000002db2bb27730 GCTaskThread "GC Thread#5" [stack: 0x000000eef6300000,0x000000eef6400000] [id=2808]
  0x000002db2c2c6720 GCTaskThread "GC Thread#6" [stack: 0x000000eef6e00000,0x000000eef6f00000] [id=5928]
  0x000002db2c774890 GCTaskThread "GC Thread#7" [stack: 0x000000eef6f00000,0x000000eef7000000] [id=7068]
  0x000002db0c61cfb0 ConcurrentGCThread "G1 Main Marker" [stack: 0x000000eef4c00000,0x000000eef4d00000] [id=12596]
  0x000002db0c61d9c0 ConcurrentGCThread "G1 Conc#0" [stack: 0x000000eef4d00000,0x000000eef4e00000] [id=16548]
  0x000002db2c218320 ConcurrentGCThread "G1 Conc#1" [stack: 0x000000eef7000000,0x000000eef7100000] [id=11820]
  0x000002db0c66ecc0 ConcurrentGCThread "G1 Refine#0" [stack: 0x000000eef4e00000,0x000000eef4f00000] [id=11408]
  0x000002db31792720 ConcurrentGCThread "G1 Refine#1" [stack: 0x000000eef9000000,0x000000eef9100000] [id=12088]
  0x000002db262d10b0 ConcurrentGCThread "G1 Service" [stack: 0x000000eef4f00000,0x000000eef5000000] [id=4216]

Threads with active compile tasks:
C2 CompilerThread0   204830 14708       4       com.sun.tools.javac.parser.JavaTokenizer::putThenNext (9 bytes)
C2 CompilerThread1   204830 14668   !   4       jdk.internal.loader.BuiltinClassLoader::loadClassOrNull (143 bytes)

VM state: at safepoint (normal execution)

VM Mutex/Monitor currently owned by a thread:  ([mutex/lock_event])
[0x000002db0c5acb30] Threads_lock - owner thread: 0x000002db2643ed00
[0x000002db0c5ab780] Heap_lock - owner thread: 0x000002db31a46a30

Heap address: 0x0000000080000000, size: 2048 MB, Compressed Oops mode: 32-bit

CDS archive(s) not mapped
Compressed class space mapped at: 0x0000000100000000-0x0000000140000000, reserved size: 1073741824
Narrow klass base: 0x0000000000000000, Narrow klass shift: 3, Narrow klass range: 0x140000000

GC Precious Log:
 CPUs: 8 total, 8 available
 Memory: 16106M
 Large Page Support: Disabled
 NUMA Support: Disabled
 Compressed Oops: Enabled (32-bit)
 Heap Region Size: 1M
 Heap Min Capacity: 8M
 Heap Initial Capacity: 252M
 Heap Max Capacity: 2G
 Pre-touch: Disabled
 Parallel Workers: 8
 Concurrent Workers: 2
 Concurrent Refinement Workers: 8
 Periodic GC: Disabled

Heap:
 garbage-first heap   total 358400K, used 127564K [0x0000000080000000, 0x0000000100000000)
  region size 1024K, 14 young (14336K), 14 survivors (14336K)
 Metaspace       used 113632K, committed 114432K, reserved 1179648K
  class space    used 15109K, committed 15488K, reserved 1048576K

Heap Regions: E=young(eden), S=young(survivor), O=old, HS=humongous(starts), HC=humongous(continues), CS=collection set, F=free, OA=open archive, CA=closed archive, TAMS=top-at-mark-start (previous, next)
|   0|0x0000000080000000, 0x0000000080100000, 0x0000000080100000|100%|HS|  |TAMS 0x0000000080100000, 0x0000000080100000| Complete 
|   1|0x0000000080100000, 0x0000000080200000, 0x0000000080200000|100%|HC|  |TAMS 0x0000000080200000, 0x0000000080200000| Complete 
|   2|0x0000000080200000, 0x0000000080300000, 0x0000000080300000|100%|HC|  |TAMS 0x0000000080300000, 0x0000000080300000| Complete 
|   3|0x0000000080300000, 0x0000000080400000, 0x0000000080400000|100%|HC|  |TAMS 0x0000000080400000, 0x0000000080400000| Complete 
|   4|0x0000000080400000, 0x0000000080500000, 0x0000000080500000|100%| O|  |TAMS 0x0000000080500000, 0x0000000080500000| Untracked 
|   5|0x0000000080500000, 0x0000000080600000, 0x0000000080600000|100%| O|  |TAMS 0x0000000080600000, 0x0000000080600000| Untracked 
|   6|0x0000000080600000, 0x0000000080700000, 0x0000000080700000|100%| O|  |TAMS 0x0000000080700000, 0x0000000080700000| Untracked 
|   7|0x0000000080700000, 0x0000000080800000, 0x0000000080800000|100%| O|  |TAMS 0x0000000080800000, 0x0000000080800000| Untracked 
|   8|0x0000000080800000, 0x0000000080900000, 0x0000000080900000|100%| O|  |TAMS 0x0000000080900000, 0x0000000080900000| Untracked 
|   9|0x0000000080900000, 0x0000000080a00000, 0x0000000080a00000|100%| O|  |TAMS 0x0000000080a00000, 0x0000000080a00000| Untracked 
|  10|0x0000000080a00000, 0x0000000080b00000, 0x0000000080b00000|100%| O|  |TAMS 0x0000000080b00000, 0x0000000080b00000| Untracked 
|  11|0x0000000080b00000, 0x0000000080c00000, 0x0000000080c00000|100%| O|  |TAMS 0x0000000080c00000, 0x0000000080c00000| Untracked 
|  12|0x0000000080c00000, 0x0000000080d00000, 0x0000000080d00000|100%| O|  |TAMS 0x0000000080d00000, 0x0000000080d00000| Untracked 
|  13|0x0000000080d00000, 0x0000000080e00000, 0x0000000080e00000|100%| O|  |TAMS 0x0000000080e00000, 0x0000000080e00000| Untracked 
|  14|0x0000000080e00000, 0x0000000080f00000, 0x0000000080f00000|100%| O|  |TAMS 0x0000000080f00000, 0x0000000080f00000| Untracked 
|  15|0x0000000080f00000, 0x0000000081000000, 0x0000000081000000|100%| O|  |TAMS 0x0000000081000000, 0x0000000081000000| Untracked 
|  16|0x0000000081000000, 0x0000000081100000, 0x0000000081100000|100%| O|  |TAMS 0x0000000081100000, 0x0000000081100000| Untracked 
|  17|0x0000000081100000, 0x0000000081200000, 0x0000000081200000|100%| O|  |TAMS 0x0000000081200000, 0x0000000081200000| Untracked 
|  18|0x0000000081200000, 0x0000000081300000, 0x0000000081300000|100%| O|  |TAMS 0x0000000081300000, 0x0000000081300000| Untracked 
|  19|0x0000000081300000, 0x0000000081400000, 0x0000000081400000|100%| O|  |TAMS 0x0000000081400000, 0x0000000081400000| Untracked 
|  20|0x0000000081400000, 0x0000000081500000, 0x0000000081500000|100%| O|  |TAMS 0x0000000081500000, 0x0000000081500000| Untracked 
|  21|0x0000000081500000, 0x0000000081600000, 0x0000000081600000|100%| O|  |TAMS 0x0000000081600000, 0x0000000081600000| Untracked 
|  22|0x0000000081600000, 0x0000000081700000, 0x0000000081700000|100%| O|  |TAMS 0x0000000081700000, 0x0000000081700000| Untracked 
|  23|0x0000000081700000, 0x0000000081800000, 0x0000000081800000|100%| O|  |TAMS 0x0000000081800000, 0x0000000081800000| Untracked 
|  24|0x0000000081800000, 0x0000000081900000, 0x0000000081900000|100%| O|  |TAMS 0x0000000081900000, 0x0000000081900000| Untracked 
|  25|0x0000000081900000, 0x0000000081a00000, 0x0000000081a00000|100%| O|  |TAMS 0x0000000081a00000, 0x0000000081a00000| Untracked 
|  26|0x0000000081a00000, 0x0000000081b00000, 0x0000000081b00000|100%| O|  |TAMS 0x0000000081b00000, 0x0000000081b00000| Untracked 
|  27|0x0000000081b00000, 0x0000000081c00000, 0x0000000081c00000|100%| O|  |TAMS 0x0000000081c00000, 0x0000000081c00000| Untracked 
|  28|0x0000000081c00000, 0x0000000081d00000, 0x0000000081d00000|100%| O|  |TAMS 0x0000000081d00000, 0x0000000081d00000| Untracked 
|  29|0x0000000081d00000, 0x0000000081e00000, 0x0000000081e00000|100%|HS|  |TAMS 0x0000000081e00000, 0x0000000081e00000| Complete 
|  30|0x0000000081e00000, 0x0000000081f00000, 0x0000000081f00000|100%|HS|  |TAMS 0x0000000081f00000, 0x0000000081f00000| Complete 
|  31|0x0000000081f00000, 0x0000000082000000, 0x0000000082000000|100%|HS|  |TAMS 0x0000000082000000, 0x0000000082000000| Complete 
|  32|0x0000000082000000, 0x0000000082100000, 0x0000000082100000|100%| O|  |TAMS 0x0000000082100000, 0x0000000082100000| Untracked 
|  33|0x0000000082100000, 0x0000000082200000, 0x0000000082200000|100%|HS|  |TAMS 0x0000000082200000, 0x0000000082200000| Complete 
|  34|0x0000000082200000, 0x0000000082300000, 0x0000000082300000|100%|HS|  |TAMS 0x0000000082300000, 0x0000000082300000| Complete 
|  35|0x0000000082300000, 0x0000000082400000, 0x0000000082400000|100%| O|  |TAMS 0x0000000082400000, 0x0000000082400000| Untracked 
|  36|0x0000000082400000, 0x0000000082500000, 0x0000000082500000|100%| O|  |TAMS 0x0000000082500000, 0x0000000082500000| Untracked 
|  37|0x0000000082500000, 0x0000000082600000, 0x0000000082600000|100%| O|  |TAMS 0x0000000082600000, 0x0000000082600000| Untracked 
|  38|0x0000000082600000, 0x0000000082700000, 0x0000000082700000|100%| O|  |TAMS 0x0000000082700000, 0x0000000082700000| Untracked 
|  39|0x0000000082700000, 0x0000000082800000, 0x0000000082800000|100%| O|  |TAMS 0x0000000082800000, 0x0000000082800000| Untracked 
|  40|0x0000000082800000, 0x0000000082900000, 0x0000000082900000|100%| O|  |TAMS 0x0000000082900000, 0x0000000082900000| Untracked 
|  41|0x0000000082900000, 0x0000000082a00000, 0x0000000082a00000|100%| O|  |TAMS 0x0000000082a00000, 0x0000000082a00000| Untracked 
|  42|0x0000000082a00000, 0x0000000082b00000, 0x0000000082b00000|100%| O|  |TAMS 0x0000000082b00000, 0x0000000082b00000| Untracked 
|  43|0x0000000082b00000, 0x0000000082c00000, 0x0000000082c00000|100%| O|  |TAMS 0x0000000082c00000, 0x0000000082c00000| Untracked 
|  44|0x0000000082c00000, 0x0000000082d00000, 0x0000000082d00000|100%| O|  |TAMS 0x0000000082d00000, 0x0000000082d00000| Untracked 
|  45|0x0000000082d00000, 0x0000000082e00000, 0x0000000082e00000|100%| O|  |TAMS 0x0000000082e00000, 0x0000000082e00000| Untracked 
|  46|0x0000000082e00000, 0x0000000082f00000, 0x0000000082f00000|100%| O|  |TAMS 0x0000000082f00000, 0x0000000082f00000| Untracked 
|  47|0x0000000082f00000, 0x0000000083000000, 0x0000000083000000|100%| O|  |TAMS 0x0000000083000000, 0x0000000083000000| Untracked 
|  48|0x0000000083000000, 0x0000000083100000, 0x0000000083100000|100%| O|  |TAMS 0x0000000083100000, 0x0000000083100000| Untracked 
|  49|0x0000000083100000, 0x0000000083200000, 0x0000000083200000|100%| O|  |TAMS 0x0000000083200000, 0x0000000083200000| Untracked 
|  50|0x0000000083200000, 0x0000000083300000, 0x0000000083300000|100%| O|  |TAMS 0x0000000083300000, 0x0000000083300000| Untracked 
|  51|0x0000000083300000, 0x0000000083400000, 0x0000000083400000|100%| O|  |TAMS 0x0000000083400000, 0x0000000083400000| Untracked 
|  52|0x0000000083400000, 0x0000000083500000, 0x0000000083500000|100%| O|  |TAMS 0x0000000083500000, 0x0000000083500000| Untracked 
|  53|0x0000000083500000, 0x0000000083600000, 0x0000000083600000|100%| O|  |TAMS 0x0000000083600000, 0x0000000083600000| Untracked 
|  54|0x0000000083600000, 0x0000000083700000, 0x0000000083700000|100%| O|  |TAMS 0x0000000083700000, 0x0000000083700000| Untracked 
|  55|0x0000000083700000, 0x0000000083800000, 0x0000000083800000|100%| O|  |TAMS 0x0000000083800000, 0x0000000083800000| Untracked 
|  56|0x0000000083800000, 0x0000000083900000, 0x0000000083900000|100%| O|  |TAMS 0x0000000083900000, 0x0000000083900000| Untracked 
|  57|0x0000000083900000, 0x0000000083a00000, 0x0000000083a00000|100%| O|  |TAMS 0x0000000083a00000, 0x0000000083a00000| Untracked 
|  58|0x0000000083a00000, 0x0000000083a00000, 0x0000000083b00000|  0%| F|  |TAMS 0x0000000083a00000, 0x0000000083a00000| Untracked 
|  59|0x0000000083b00000, 0x0000000083c00000, 0x0000000083c00000|100%| O|  |TAMS 0x0000000083b00000, 0x0000000083c00000| Untracked 
|  60|0x0000000083c00000, 0x0000000083d00000, 0x0000000083d00000|100%| O|  |TAMS 0x0000000083d00000, 0x0000000083d00000| Untracked 
|  61|0x0000000083d00000, 0x0000000083d00000, 0x0000000083e00000|  0%| F|  |TAMS 0x0000000083d00000, 0x0000000083d00000| Untracked 
|  62|0x0000000083e00000, 0x0000000083f00000, 0x0000000083f00000|100%| O|  |TAMS 0x0000000083f00000, 0x0000000083f00000| Untracked 
|  63|0x0000000083f00000, 0x0000000084000000, 0x0000000084000000|100%| O|  |TAMS 0x0000000084000000, 0x0000000084000000| Untracked 
|  64|0x0000000084000000, 0x0000000084100000, 0x0000000084100000|100%| O|  |TAMS 0x0000000084100000, 0x0000000084100000| Untracked 
|  65|0x0000000084100000, 0x0000000084200000, 0x0000000084200000|100%| O|  |TAMS 0x0000000084200000, 0x0000000084200000| Untracked 
|  66|0x0000000084200000, 0x0000000084300000, 0x0000000084300000|100%| O|  |TAMS 0x0000000084300000, 0x0000000084300000| Untracked 
|  67|0x0000000084300000, 0x0000000084400000, 0x0000000084400000|100%| O|  |TAMS 0x0000000084400000, 0x0000000084400000| Untracked 
|  68|0x0000000084400000, 0x0000000084500000, 0x0000000084500000|100%| O|  |TAMS 0x0000000084500000, 0x0000000084500000| Untracked 
|  69|0x0000000084500000, 0x0000000084600000, 0x0000000084600000|100%| O|  |TAMS 0x0000000084600000, 0x0000000084600000| Untracked 
|  70|0x0000000084600000, 0x0000000084700000, 0x0000000084700000|100%| O|  |TAMS 0x0000000084700000, 0x0000000084700000| Untracked 
|  71|0x0000000084700000, 0x0000000084800000, 0x0000000084800000|100%| O|  |TAMS 0x0000000084800000, 0x0000000084800000| Untracked 
|  72|0x0000000084800000, 0x0000000084900000, 0x0000000084900000|100%| O|  |TAMS 0x0000000084900000, 0x0000000084900000| Untracked 
|  73|0x0000000084900000, 0x0000000084a00000, 0x0000000084a00000|100%| O|  |TAMS 0x0000000084a00000, 0x0000000084a00000| Untracked 
|  74|0x0000000084a00000, 0x0000000084b00000, 0x0000000084b00000|100%| O|  |TAMS 0x0000000084b00000, 0x0000000084b00000| Untracked 
|  75|0x0000000084b00000, 0x0000000084c00000, 0x0000000084c00000|100%| O|  |TAMS 0x0000000084c00000, 0x0000000084c00000| Untracked 
|  76|0x0000000084c00000, 0x0000000084d00000, 0x0000000084d00000|100%| O|  |TAMS 0x0000000084d00000, 0x0000000084d00000| Untracked 
|  77|0x0000000084d00000, 0x0000000084e00000, 0x0000000084e00000|100%| O|  |TAMS 0x0000000084e00000, 0x0000000084e00000| Untracked 
|  78|0x0000000084e00000, 0x0000000084f00000, 0x0000000084f00000|100%| O|  |TAMS 0x0000000084e00000, 0x0000000084f00000| Untracked 
|  79|0x0000000084f00000, 0x0000000085000000, 0x0000000085000000|100%| O|  |TAMS 0x0000000085000000, 0x0000000085000000| Untracked 
|  80|0x0000000085000000, 0x0000000085100000, 0x0000000085100000|100%| O|  |TAMS 0x0000000085100000, 0x0000000085100000| Untracked 
|  81|0x0000000085100000, 0x0000000085200000, 0x0000000085200000|100%| O|  |TAMS 0x0000000085200000, 0x0000000085200000| Untracked 
|  82|0x0000000085200000, 0x0000000085300000, 0x0000000085300000|100%| O|  |TAMS 0x0000000085300000, 0x0000000085300000| Untracked 
|  83|0x0000000085300000, 0x0000000085400000, 0x0000000085400000|100%| O|  |TAMS 0x0000000085400000, 0x0000000085400000| Untracked 
|  84|0x0000000085400000, 0x0000000085500000, 0x0000000085500000|100%| O|  |TAMS 0x0000000085500000, 0x0000000085500000| Untracked 
|  85|0x0000000085500000, 0x0000000085600000, 0x0000000085600000|100%| O|  |TAMS 0x0000000085600000, 0x0000000085600000| Untracked 
|  86|0x0000000085600000, 0x0000000085600000, 0x0000000085700000|  0%| F|  |TAMS 0x0000000085600000, 0x0000000085600000| Untracked 
|  87|0x0000000085700000, 0x0000000085800000, 0x0000000085800000|100%| O|  |TAMS 0x0000000085800000, 0x0000000085800000| Untracked 
|  88|0x0000000085800000, 0x0000000085900000, 0x0000000085900000|100%| O|  |TAMS 0x0000000085900000, 0x0000000085900000| Untracked 
|  89|0x0000000085900000, 0x0000000085a00000, 0x0000000085a00000|100%| O|  |TAMS 0x0000000085a00000, 0x0000000085a00000| Untracked 
|  90|0x0000000085a00000, 0x0000000085b00000, 0x0000000085b00000|100%| O|  |TAMS 0x0000000085b00000, 0x0000000085b00000| Untracked 
|  91|0x0000000085b00000, 0x0000000085c00000, 0x0000000085c00000|100%| O|  |TAMS 0x0000000085c00000, 0x0000000085c00000| Untracked 
|  92|0x0000000085c00000, 0x0000000085d00000, 0x0000000085d00000|100%| O|  |TAMS 0x0000000085d00000, 0x0000000085d00000| Untracked 
|  93|0x0000000085d00000, 0x0000000085e00000, 0x0000000085e00000|100%| O|  |TAMS 0x0000000085e00000, 0x0000000085e00000| Untracked 
|  94|0x0000000085e00000, 0x0000000085f00000, 0x0000000085f00000|100%| O|  |TAMS 0x0000000085f00000, 0x0000000085f00000| Untracked 
|  95|0x0000000085f00000, 0x0000000086000000, 0x0000000086000000|100%| O|  |TAMS 0x0000000086000000, 0x0000000086000000| Untracked 
|  96|0x0000000086000000, 0x0000000086100000, 0x0000000086100000|100%| O|  |TAMS 0x0000000086100000, 0x0000000086100000| Untracked 
|  97|0x0000000086100000, 0x0000000086200000, 0x0000000086200000|100%| O|  |TAMS 0x0000000086200000, 0x0000000086200000| Untracked 
|  98|0x0000000086200000, 0x0000000086300000, 0x0000000086300000|100%| O|  |TAMS 0x0000000086300000, 0x0000000086300000| Untracked 
|  99|0x0000000086300000, 0x0000000086400000, 0x0000000086400000|100%| O|  |TAMS 0x0000000086300000, 0x0000000086400000| Untracked 
| 100|0x0000000086400000, 0x0000000086500000, 0x0000000086500000|100%| O|  |TAMS 0x0000000086400000, 0x0000000086500000| Untracked 
| 101|0x0000000086500000, 0x00000000865c5e00, 0x0000000086600000| 77%| O|  |TAMS 0x0000000086500000, 0x00000000865c5e00| Untracked 
| 102|0x0000000086600000, 0x0000000086600000, 0x0000000086700000|  0%| F|  |TAMS 0x0000000086600000, 0x0000000086600000| Untracked 
| 103|0x0000000086700000, 0x0000000086700000, 0x0000000086800000|  0%| F|  |TAMS 0x0000000086700000, 0x0000000086700000| Untracked 
| 104|0x0000000086800000, 0x0000000086800000, 0x0000000086900000|  0%| F|  |TAMS 0x0000000086800000, 0x0000000086800000| Untracked 
| 105|0x0000000086900000, 0x0000000086900000, 0x0000000086a00000|  0%| F|  |TAMS 0x0000000086900000, 0x0000000086900000| Untracked 
| 106|0x0000000086a00000, 0x0000000086a00000, 0x0000000086b00000|  0%| F|  |TAMS 0x0000000086a00000, 0x0000000086a00000| Untracked 
| 107|0x0000000086b00000, 0x0000000086b00000, 0x0000000086c00000|  0%| F|  |TAMS 0x0000000086b00000, 0x0000000086b00000| Untracked 
| 108|0x0000000086c00000, 0x0000000086c00000, 0x0000000086d00000|  0%| F|  |TAMS 0x0000000086c00000, 0x0000000086c00000| Untracked 
| 109|0x0000000086d00000, 0x0000000086d00000, 0x0000000086e00000|  0%| F|  |TAMS 0x0000000086d00000, 0x0000000086d00000| Untracked 
| 110|0x0000000086e00000, 0x0000000086e00000, 0x0000000086f00000|  0%| F|  |TAMS 0x0000000086e00000, 0x0000000086e00000| Untracked 
| 111|0x0000000086f00000, 0x0000000086f00000, 0x0000000087000000|  0%| F|  |TAMS 0x0000000086f00000, 0x0000000086f00000| Untracked 
| 112|0x0000000087000000, 0x0000000087000000, 0x0000000087100000|  0%| F|  |TAMS 0x0000000087000000, 0x0000000087000000| Untracked 
| 113|0x0000000087100000, 0x0000000087100000, 0x0000000087200000|  0%| F|  |TAMS 0x0000000087100000, 0x0000000087100000| Untracked 
| 114|0x0000000087200000, 0x0000000087200000, 0x0000000087300000|  0%| F|  |TAMS 0x0000000087200000, 0x0000000087200000| Untracked 
| 115|0x0000000087300000, 0x0000000087300000, 0x0000000087400000|  0%| F|  |TAMS 0x0000000087300000, 0x0000000087300000| Untracked 
| 116|0x0000000087400000, 0x0000000087400000, 0x0000000087500000|  0%| F|  |TAMS 0x0000000087400000, 0x0000000087400000| Untracked 
| 117|0x0000000087500000, 0x0000000087500000, 0x0000000087600000|  0%| F|  |TAMS 0x0000000087500000, 0x0000000087500000| Untracked 
| 118|0x0000000087600000, 0x0000000087600000, 0x0000000087700000|  0%| F|  |TAMS 0x0000000087600000, 0x0000000087600000| Untracked 
| 119|0x0000000087700000, 0x0000000087700000, 0x0000000087800000|  0%| F|  |TAMS 0x0000000087700000, 0x0000000087700000| Untracked 
| 120|0x0000000087800000, 0x0000000087800000, 0x0000000087900000|  0%| F|  |TAMS 0x0000000087800000, 0x0000000087800000| Untracked 
| 121|0x0000000087900000, 0x0000000087900000, 0x0000000087a00000|  0%| F|  |TAMS 0x0000000087900000, 0x0000000087900000| Untracked 
| 122|0x0000000087a00000, 0x0000000087a00000, 0x0000000087b00000|  0%| F|  |TAMS 0x0000000087a00000, 0x0000000087a00000| Untracked 
| 123|0x0000000087b00000, 0x0000000087c00000, 0x0000000087c00000|100%| O|  |TAMS 0x0000000087c00000, 0x0000000087c00000| Untracked 
| 124|0x0000000087c00000, 0x0000000087d00000, 0x0000000087d00000|100%| O|  |TAMS 0x0000000087d00000, 0x0000000087d00000| Untracked 
| 125|0x0000000087d00000, 0x0000000087e00000, 0x0000000087e00000|100%| O|  |TAMS 0x0000000087e00000, 0x0000000087e00000| Untracked 
| 126|0x0000000087e00000, 0x0000000087f00000, 0x0000000087f00000|100%| O|  |TAMS 0x0000000087f00000, 0x0000000087f00000| Untracked 
| 127|0x0000000087f00000, 0x0000000088000000, 0x0000000088000000|100%| O|  |TAMS 0x0000000088000000, 0x0000000088000000| Untracked 
| 128|0x0000000088000000, 0x0000000088100000, 0x0000000088100000|100%| O|  |TAMS 0x0000000088100000, 0x0000000088100000| Untracked 
| 129|0x0000000088100000, 0x0000000088100000, 0x0000000088200000|  0%| F|  |TAMS 0x0000000088100000, 0x0000000088100000| Untracked 
| 130|0x0000000088200000, 0x0000000088200000, 0x0000000088300000|  0%| F|  |TAMS 0x0000000088200000, 0x0000000088200000| Untracked 
| 131|0x0000000088300000, 0x0000000088300000, 0x0000000088400000|  0%| F|  |TAMS 0x0000000088300000, 0x0000000088300000| Untracked 
| 132|0x0000000088400000, 0x0000000088400000, 0x0000000088500000|  0%| F|  |TAMS 0x0000000088400000, 0x0000000088400000| Untracked 
| 133|0x0000000088500000, 0x0000000088500000, 0x0000000088600000|  0%| F|  |TAMS 0x0000000088500000, 0x0000000088500000| Untracked 
| 134|0x0000000088600000, 0x0000000088600000, 0x0000000088700000|  0%| F|  |TAMS 0x0000000088600000, 0x0000000088600000| Untracked 
| 135|0x0000000088700000, 0x0000000088700000, 0x0000000088800000|  0%| F|  |TAMS 0x0000000088700000, 0x0000000088700000| Untracked 
| 136|0x0000000088800000, 0x0000000088800000, 0x0000000088900000|  0%| F|  |TAMS 0x0000000088800000, 0x0000000088800000| Untracked 
| 137|0x0000000088900000, 0x0000000088900000, 0x0000000088a00000|  0%| F|  |TAMS 0x0000000088900000, 0x0000000088900000| Untracked 
| 138|0x0000000088a00000, 0x0000000088a00000, 0x0000000088b00000|  0%| F|  |TAMS 0x0000000088a00000, 0x0000000088a00000| Untracked 
| 139|0x0000000088b00000, 0x0000000088b00000, 0x0000000088c00000|  0%| F|  |TAMS 0x0000000088b00000, 0x0000000088b00000| Untracked 
| 140|0x0000000088c00000, 0x0000000088c00000, 0x0000000088d00000|  0%| F|  |TAMS 0x0000000088c00000, 0x0000000088c00000| Untracked 
| 141|0x0000000088d00000, 0x0000000088d00000, 0x0000000088e00000|  0%| F|  |TAMS 0x0000000088d00000, 0x0000000088d00000| Untracked 
| 142|0x0000000088e00000, 0x0000000088e00000, 0x0000000088f00000|  0%| F|  |TAMS 0x0000000088e00000, 0x0000000088e00000| Untracked 
| 143|0x0000000088f00000, 0x0000000088f00000, 0x0000000089000000|  0%| F|  |TAMS 0x0000000088f00000, 0x0000000088f00000| Untracked 
| 144|0x0000000089000000, 0x0000000089000000, 0x0000000089100000|  0%| F|  |TAMS 0x0000000089000000, 0x0000000089000000| Untracked 
| 145|0x0000000089100000, 0x0000000089100000, 0x0000000089200000|  0%| F|  |TAMS 0x0000000089100000, 0x0000000089100000| Untracked 
| 146|0x0000000089200000, 0x0000000089200000, 0x0000000089300000|  0%| F|  |TAMS 0x0000000089200000, 0x0000000089200000| Untracked 
| 147|0x0000000089300000, 0x0000000089300000, 0x0000000089400000|  0%| F|  |TAMS 0x0000000089300000, 0x0000000089300000| Untracked 
| 148|0x0000000089400000, 0x0000000089400000, 0x0000000089500000|  0%| F|  |TAMS 0x0000000089400000, 0x0000000089400000| Untracked 
| 149|0x0000000089500000, 0x0000000089500000, 0x0000000089600000|  0%| F|  |TAMS 0x0000000089500000, 0x0000000089500000| Untracked 
| 150|0x0000000089600000, 0x0000000089600000, 0x0000000089700000|  0%| F|  |TAMS 0x0000000089600000, 0x0000000089600000| Untracked 
| 151|0x0000000089700000, 0x0000000089700000, 0x0000000089800000|  0%| F|  |TAMS 0x0000000089700000, 0x0000000089700000| Untracked 
| 152|0x0000000089800000, 0x0000000089800000, 0x0000000089900000|  0%| F|  |TAMS 0x0000000089800000, 0x0000000089800000| Untracked 
| 153|0x0000000089900000, 0x0000000089a00000, 0x0000000089a00000|100%| O|  |TAMS 0x0000000089a00000, 0x0000000089a00000| Untracked 
| 154|0x0000000089a00000, 0x0000000089b00000, 0x0000000089b00000|100%| O|  |TAMS 0x0000000089b00000, 0x0000000089b00000| Untracked 
| 155|0x0000000089b00000, 0x0000000089c00000, 0x0000000089c00000|100%| O|  |TAMS 0x0000000089c00000, 0x0000000089c00000| Untracked 
| 156|0x0000000089c00000, 0x0000000089d00000, 0x0000000089d00000|100%| O|  |TAMS 0x0000000089d00000, 0x0000000089d00000| Untracked 
| 157|0x0000000089d00000, 0x0000000089e00000, 0x0000000089e00000|100%| O|  |TAMS 0x0000000089e00000, 0x0000000089e00000| Untracked 
| 158|0x0000000089e00000, 0x0000000089f00000, 0x0000000089f00000|100%| O|  |TAMS 0x0000000089ef5800, 0x0000000089f00000| Untracked 
| 159|0x0000000089f00000, 0x0000000089f00000, 0x000000008a000000|  0%| F|  |TAMS 0x0000000089f00000, 0x0000000089f00000| Untracked 
| 160|0x000000008a000000, 0x000000008a000000, 0x000000008a100000|  0%| F|  |TAMS 0x000000008a000000, 0x000000008a000000| Untracked 
| 161|0x000000008a100000, 0x000000008a100000, 0x000000008a200000|  0%| F|  |TAMS 0x000000008a100000, 0x000000008a100000| Untracked 
| 162|0x000000008a200000, 0x000000008a200000, 0x000000008a300000|  0%| F|  |TAMS 0x000000008a200000, 0x000000008a200000| Untracked 
| 163|0x000000008a300000, 0x000000008a300000, 0x000000008a400000|  0%| F|  |TAMS 0x000000008a300000, 0x000000008a300000| Untracked 
| 164|0x000000008a400000, 0x000000008a400000, 0x000000008a500000|  0%| F|  |TAMS 0x000000008a400000, 0x000000008a400000| Untracked 
| 165|0x000000008a500000, 0x000000008a500000, 0x000000008a600000|  0%| F|  |TAMS 0x000000008a500000, 0x000000008a500000| Untracked 
| 166|0x000000008a600000, 0x000000008a600000, 0x000000008a700000|  0%| F|  |TAMS 0x000000008a600000, 0x000000008a600000| Untracked 
| 167|0x000000008a700000, 0x000000008a700000, 0x000000008a800000|  0%| F|  |TAMS 0x000000008a700000, 0x000000008a700000| Untracked 
| 168|0x000000008a800000, 0x000000008a800000, 0x000000008a900000|  0%| F|  |TAMS 0x000000008a800000, 0x000000008a800000| Untracked 
| 169|0x000000008a900000, 0x000000008a900000, 0x000000008aa00000|  0%| F|  |TAMS 0x000000008a900000, 0x000000008a900000| Untracked 
| 170|0x000000008aa00000, 0x000000008aa00000, 0x000000008ab00000|  0%| F|  |TAMS 0x000000008aa00000, 0x000000008aa00000| Untracked 
| 171|0x000000008ab00000, 0x000000008ab00000, 0x000000008ac00000|  0%| F|  |TAMS 0x000000008ab00000, 0x000000008ab00000| Untracked 
| 172|0x000000008ac00000, 0x000000008ac00000, 0x000000008ad00000|  0%| F|  |TAMS 0x000000008ac00000, 0x000000008ac00000| Untracked 
| 173|0x000000008ad00000, 0x000000008ad00000, 0x000000008ae00000|  0%| F|  |TAMS 0x000000008ad00000, 0x000000008ad00000| Untracked 
| 174|0x000000008ae00000, 0x000000008ae00000, 0x000000008af00000|  0%| F|  |TAMS 0x000000008ae00000, 0x000000008ae00000| Untracked 
| 175|0x000000008af00000, 0x000000008af00000, 0x000000008b000000|  0%| F|  |TAMS 0x000000008af00000, 0x000000008af00000| Untracked 
| 176|0x000000008b000000, 0x000000008b000000, 0x000000008b100000|  0%| F|  |TAMS 0x000000008b000000, 0x000000008b000000| Untracked 
| 177|0x000000008b100000, 0x000000008b100000, 0x000000008b200000|  0%| F|  |TAMS 0x000000008b100000, 0x000000008b100000| Untracked 
| 178|0x000000008b200000, 0x000000008b200000, 0x000000008b300000|  0%| F|  |TAMS 0x000000008b200000, 0x000000008b200000| Untracked 
| 179|0x000000008b300000, 0x000000008b300000, 0x000000008b400000|  0%| F|  |TAMS 0x000000008b300000, 0x000000008b300000| Untracked 
| 180|0x000000008b400000, 0x000000008b400000, 0x000000008b500000|  0%| F|  |TAMS 0x000000008b400000, 0x000000008b400000| Untracked 
| 181|0x000000008b500000, 0x000000008b500000, 0x000000008b600000|  0%| F|  |TAMS 0x000000008b500000, 0x000000008b500000| Untracked 
| 182|0x000000008b600000, 0x000000008b600000, 0x000000008b700000|  0%| F|  |TAMS 0x000000008b600000, 0x000000008b600000| Untracked 
| 183|0x000000008b700000, 0x000000008b700000, 0x000000008b800000|  0%| F|  |TAMS 0x000000008b700000, 0x000000008b700000| Untracked 
| 184|0x000000008b800000, 0x000000008b800000, 0x000000008b900000|  0%| F|  |TAMS 0x000000008b800000, 0x000000008b800000| Untracked 
| 185|0x000000008b900000, 0x000000008b900000, 0x000000008ba00000|  0%| F|  |TAMS 0x000000008b900000, 0x000000008b900000| Untracked 
| 186|0x000000008ba00000, 0x000000008ba00000, 0x000000008bb00000|  0%| F|  |TAMS 0x000000008ba00000, 0x000000008ba00000| Untracked 
| 187|0x000000008bb00000, 0x000000008bb00000, 0x000000008bc00000|  0%| F|  |TAMS 0x000000008bb00000, 0x000000008bb00000| Untracked 
| 188|0x000000008bc00000, 0x000000008bc00000, 0x000000008bd00000|  0%| F|  |TAMS 0x000000008bc00000, 0x000000008bc00000| Untracked 
| 189|0x000000008bd00000, 0x000000008bd00000, 0x000000008be00000|  0%| F|  |TAMS 0x000000008bd00000, 0x000000008bd00000| Untracked 
| 190|0x000000008be00000, 0x000000008be00000, 0x000000008bf00000|  0%| F|  |TAMS 0x000000008be00000, 0x000000008be00000| Untracked 
| 191|0x000000008bf00000, 0x000000008bf00000, 0x000000008c000000|  0%| F|  |TAMS 0x000000008bf00000, 0x000000008bf00000| Untracked 
| 192|0x000000008c000000, 0x000000008c000000, 0x000000008c100000|  0%| F|  |TAMS 0x000000008c000000, 0x000000008c000000| Untracked 
| 193|0x000000008c100000, 0x000000008c100000, 0x000000008c200000|  0%| F|  |TAMS 0x000000008c100000, 0x000000008c100000| Untracked 
| 194|0x000000008c200000, 0x000000008c200000, 0x000000008c300000|  0%| F|  |TAMS 0x000000008c200000, 0x000000008c200000| Untracked 
| 195|0x000000008c300000, 0x000000008c300000, 0x000000008c400000|  0%| F|  |TAMS 0x000000008c300000, 0x000000008c300000| Untracked 
| 196|0x000000008c400000, 0x000000008c400000, 0x000000008c500000|  0%| F|  |TAMS 0x000000008c400000, 0x000000008c400000| Untracked 
| 197|0x000000008c500000, 0x000000008c500000, 0x000000008c600000|  0%| F|  |TAMS 0x000000008c500000, 0x000000008c500000| Untracked 
| 198|0x000000008c600000, 0x000000008c600000, 0x000000008c700000|  0%| F|  |TAMS 0x000000008c600000, 0x000000008c600000| Untracked 
| 199|0x000000008c700000, 0x000000008c700000, 0x000000008c800000|  0%| F|  |TAMS 0x000000008c700000, 0x000000008c700000| Untracked 
| 200|0x000000008c800000, 0x000000008c800000, 0x000000008c900000|  0%| F|  |TAMS 0x000000008c800000, 0x000000008c800000| Untracked 
| 201|0x000000008c900000, 0x000000008c900000, 0x000000008ca00000|  0%| F|  |TAMS 0x000000008c900000, 0x000000008c900000| Untracked 
| 202|0x000000008ca00000, 0x000000008ca00000, 0x000000008cb00000|  0%| F|  |TAMS 0x000000008ca00000, 0x000000008ca00000| Untracked 
| 203|0x000000008cb00000, 0x000000008cb00000, 0x000000008cc00000|  0%| F|  |TAMS 0x000000008cb00000, 0x000000008cb00000| Untracked 
| 204|0x000000008cc00000, 0x000000008cc00000, 0x000000008cd00000|  0%| F|  |TAMS 0x000000008cc00000, 0x000000008cc00000| Untracked 
| 205|0x000000008cd00000, 0x000000008cd00000, 0x000000008ce00000|  0%| F|  |TAMS 0x000000008cd00000, 0x000000008cd00000| Untracked 
| 206|0x000000008ce00000, 0x000000008ce00000, 0x000000008cf00000|  0%| F|  |TAMS 0x000000008ce00000, 0x000000008ce00000| Untracked 
| 207|0x000000008cf00000, 0x000000008cf00000, 0x000000008d000000|  0%| F|  |TAMS 0x000000008cf00000, 0x000000008cf00000| Untracked 
| 208|0x000000008d000000, 0x000000008d000000, 0x000000008d100000|  0%| F|  |TAMS 0x000000008d000000, 0x000000008d000000| Untracked 
| 209|0x000000008d100000, 0x000000008d100000, 0x000000008d200000|  0%| F|  |TAMS 0x000000008d100000, 0x000000008d100000| Untracked 
| 210|0x000000008d200000, 0x000000008d200000, 0x000000008d300000|  0%| F|  |TAMS 0x000000008d200000, 0x000000008d200000| Untracked 
| 211|0x000000008d300000, 0x000000008d300000, 0x000000008d400000|  0%| F|  |TAMS 0x000000008d300000, 0x000000008d300000| Untracked 
| 212|0x000000008d400000, 0x000000008d400000, 0x000000008d500000|  0%| F|  |TAMS 0x000000008d400000, 0x000000008d400000| Untracked 
| 213|0x000000008d500000, 0x000000008d500000, 0x000000008d600000|  0%| F|  |TAMS 0x000000008d500000, 0x000000008d500000| Untracked 
| 214|0x000000008d600000, 0x000000008d600000, 0x000000008d700000|  0%| F|  |TAMS 0x000000008d600000, 0x000000008d600000| Untracked 
| 215|0x000000008d700000, 0x000000008d700000, 0x000000008d800000|  0%| F|  |TAMS 0x000000008d700000, 0x000000008d700000| Untracked 
| 216|0x000000008d800000, 0x000000008d800000, 0x000000008d900000|  0%| F|  |TAMS 0x000000008d800000, 0x000000008d800000| Untracked 
| 217|0x000000008d900000, 0x000000008d900000, 0x000000008da00000|  0%| F|  |TAMS 0x000000008d900000, 0x000000008d900000| Untracked 
| 218|0x000000008da00000, 0x000000008da00000, 0x000000008db00000|  0%| F|  |TAMS 0x000000008da00000, 0x000000008da00000| Untracked 
| 219|0x000000008db00000, 0x000000008db00000, 0x000000008dc00000|  0%| F|  |TAMS 0x000000008db00000, 0x000000008db00000| Untracked 
| 220|0x000000008dc00000, 0x000000008dc00000, 0x000000008dd00000|  0%| F|  |TAMS 0x000000008dc00000, 0x000000008dc00000| Untracked 
| 221|0x000000008dd00000, 0x000000008dd00000, 0x000000008de00000|  0%| F|  |TAMS 0x000000008dd00000, 0x000000008dd00000| Untracked 
| 222|0x000000008de00000, 0x000000008decd450, 0x000000008df00000| 80%| S|CS|TAMS 0x000000008de00000, 0x000000008de00000| Complete 
| 223|0x000000008df00000, 0x000000008e000000, 0x000000008e000000|100%| S|CS|TAMS 0x000000008df00000, 0x000000008df00000| Complete 
| 224|0x000000008e000000, 0x000000008e100000, 0x000000008e100000|100%| S|CS|TAMS 0x000000008e000000, 0x000000008e000000| Complete 
| 225|0x000000008e100000, 0x000000008e200000, 0x000000008e200000|100%| S|CS|TAMS 0x000000008e100000, 0x000000008e100000| Complete 
| 226|0x000000008e200000, 0x000000008e300000, 0x000000008e300000|100%| S|CS|TAMS 0x000000008e200000, 0x000000008e200000| Complete 
| 227|0x000000008e300000, 0x000000008e400000, 0x000000008e400000|100%| S|CS|TAMS 0x000000008e300000, 0x000000008e300000| Complete 
| 228|0x000000008e400000, 0x000000008e500000, 0x000000008e500000|100%| S|CS|TAMS 0x000000008e400000, 0x000000008e400000| Complete 
| 229|0x000000008e500000, 0x000000008e600000, 0x000000008e600000|100%| S|CS|TAMS 0x000000008e500000, 0x000000008e500000| Complete 
| 230|0x000000008e600000, 0x000000008e700000, 0x000000008e700000|100%| S|CS|TAMS 0x000000008e600000, 0x000000008e600000| Complete 
| 231|0x000000008e700000, 0x000000008e800000, 0x000000008e800000|100%| S|CS|TAMS 0x000000008e700000, 0x000000008e700000| Complete 
| 232|0x000000008e800000, 0x000000008e900000, 0x000000008e900000|100%| S|CS|TAMS 0x000000008e800000, 0x000000008e800000| Complete 
| 233|0x000000008e900000, 0x000000008ea00000, 0x000000008ea00000|100%| S|CS|TAMS 0x000000008e900000, 0x000000008e900000| Complete 
| 234|0x000000008ea00000, 0x000000008eb00000, 0x000000008eb00000|100%| S|CS|TAMS 0x000000008ea00000, 0x000000008ea00000| Complete 
| 235|0x000000008eb00000, 0x000000008ec00000, 0x000000008ec00000|100%| S|CS|TAMS 0x000000008eb00000, 0x000000008eb00000| Complete 
| 236|0x000000008ec00000, 0x000000008ec00000, 0x000000008ed00000|  0%| F|  |TAMS 0x000000008ec00000, 0x000000008ec00000| Untracked 
| 237|0x000000008ed00000, 0x000000008ed00000, 0x000000008ee00000|  0%| F|  |TAMS 0x000000008ed00000, 0x000000008ed00000| Untracked 
| 238|0x000000008ee00000, 0x000000008ee00000, 0x000000008ef00000|  0%| F|  |TAMS 0x000000008ee00000, 0x000000008ee00000| Untracked 
| 239|0x000000008ef00000, 0x000000008ef00000, 0x000000008f000000|  0%| F|  |TAMS 0x000000008ef00000, 0x000000008ef00000| Untracked 
| 240|0x000000008f000000, 0x000000008f000000, 0x000000008f100000|  0%| F|  |TAMS 0x000000008f000000, 0x000000008f000000| Untracked 
| 241|0x000000008f100000, 0x000000008f100000, 0x000000008f200000|  0%| F|  |TAMS 0x000000008f100000, 0x000000008f100000| Untracked 
| 242|0x000000008f200000, 0x000000008f200000, 0x000000008f300000|  0%| F|  |TAMS 0x000000008f200000, 0x000000008f200000| Untracked 
| 243|0x000000008f300000, 0x000000008f300000, 0x000000008f400000|  0%| F|  |TAMS 0x000000008f300000, 0x000000008f300000| Untracked 
| 244|0x000000008f400000, 0x000000008f400000, 0x000000008f500000|  0%| F|  |TAMS 0x000000008f400000, 0x000000008f400000| Untracked 
| 245|0x000000008f500000, 0x000000008f500000, 0x000000008f600000|  0%| F|  |TAMS 0x000000008f500000, 0x000000008f500000| Untracked 
| 246|0x000000008f600000, 0x000000008f600000, 0x000000008f700000|  0%| F|  |TAMS 0x000000008f600000, 0x000000008f600000| Untracked 
| 247|0x000000008f700000, 0x000000008f700000, 0x000000008f800000|  0%| F|  |TAMS 0x000000008f700000, 0x000000008f700000| Untracked 
| 248|0x000000008f800000, 0x000000008f800000, 0x000000008f900000|  0%| F|  |TAMS 0x000000008f800000, 0x000000008f800000| Untracked 
| 249|0x000000008f900000, 0x000000008f900000, 0x000000008fa00000|  0%| F|  |TAMS 0x000000008f900000, 0x000000008f900000| Untracked 
| 250|0x000000008fa00000, 0x000000008fa00000, 0x000000008fb00000|  0%| F|  |TAMS 0x000000008fa00000, 0x000000008fa00000| Untracked 
| 251|0x000000008fb00000, 0x000000008fb00000, 0x000000008fc00000|  0%| F|  |TAMS 0x000000008fb00000, 0x000000008fb00000| Untracked 
| 252|0x000000008fc00000, 0x000000008fc00000, 0x000000008fd00000|  0%| F|  |TAMS 0x000000008fc00000, 0x000000008fc00000| Untracked 
| 253|0x000000008fd00000, 0x000000008fd00000, 0x000000008fe00000|  0%| F|  |TAMS 0x000000008fd00000, 0x000000008fd00000| Untracked 
| 254|0x000000008fe00000, 0x000000008fe00000, 0x000000008ff00000|  0%| F|  |TAMS 0x000000008fe00000, 0x000000008fe00000| Untracked 
| 255|0x000000008ff00000, 0x000000008ff00000, 0x0000000090000000|  0%| F|  |TAMS 0x000000008ff00000, 0x000000008ff00000| Untracked 
| 256|0x0000000090000000, 0x0000000090000000, 0x0000000090100000|  0%| F|  |TAMS 0x0000000090000000, 0x0000000090000000| Untracked 
| 257|0x0000000090100000, 0x0000000090100000, 0x0000000090200000|  0%| F|  |TAMS 0x0000000090100000, 0x0000000090100000| Untracked 
| 258|0x0000000090200000, 0x0000000090200000, 0x0000000090300000|  0%| F|  |TAMS 0x0000000090200000, 0x0000000090200000| Untracked 
| 259|0x0000000090300000, 0x0000000090300000, 0x0000000090400000|  0%| F|  |TAMS 0x0000000090300000, 0x0000000090300000| Untracked 
| 260|0x0000000090400000, 0x0000000090400000, 0x0000000090500000|  0%| F|  |TAMS 0x0000000090400000, 0x0000000090400000| Untracked 
| 261|0x0000000090500000, 0x0000000090500000, 0x0000000090600000|  0%| F|  |TAMS 0x0000000090500000, 0x0000000090500000| Untracked 
| 262|0x0000000090600000, 0x0000000090600000, 0x0000000090700000|  0%| F|  |TAMS 0x0000000090600000, 0x0000000090600000| Untracked 
| 263|0x0000000090700000, 0x0000000090700000, 0x0000000090800000|  0%| F|  |TAMS 0x0000000090700000, 0x0000000090700000| Untracked 
| 264|0x0000000090800000, 0x0000000090800000, 0x0000000090900000|  0%| F|  |TAMS 0x0000000090800000, 0x0000000090800000| Untracked 
| 265|0x0000000090900000, 0x0000000090900000, 0x0000000090a00000|  0%| F|  |TAMS 0x0000000090900000, 0x0000000090900000| Untracked 
| 266|0x0000000090a00000, 0x0000000090a00000, 0x0000000090b00000|  0%| F|  |TAMS 0x0000000090a00000, 0x0000000090a00000| Untracked 
| 267|0x0000000090b00000, 0x0000000090b00000, 0x0000000090c00000|  0%| F|  |TAMS 0x0000000090b00000, 0x0000000090b00000| Untracked 
| 268|0x0000000090c00000, 0x0000000090c00000, 0x0000000090d00000|  0%| F|  |TAMS 0x0000000090c00000, 0x0000000090c00000| Untracked 
| 269|0x0000000090d00000, 0x0000000090d00000, 0x0000000090e00000|  0%| F|  |TAMS 0x0000000090d00000, 0x0000000090d00000| Untracked 
| 270|0x0000000090e00000, 0x0000000090e00000, 0x0000000090f00000|  0%| F|  |TAMS 0x0000000090e00000, 0x0000000090e00000| Untracked 
| 271|0x0000000090f00000, 0x0000000090f00000, 0x0000000091000000|  0%| F|  |TAMS 0x0000000090f00000, 0x0000000090f00000| Untracked 
| 272|0x0000000091000000, 0x0000000091000000, 0x0000000091100000|  0%| F|  |TAMS 0x0000000091000000, 0x0000000091000000| Untracked 
| 273|0x0000000091100000, 0x0000000091100000, 0x0000000091200000|  0%| F|  |TAMS 0x0000000091100000, 0x0000000091100000| Untracked 
| 274|0x0000000091200000, 0x0000000091200000, 0x0000000091300000|  0%| F|  |TAMS 0x0000000091200000, 0x0000000091200000| Untracked 
| 275|0x0000000091300000, 0x0000000091300000, 0x0000000091400000|  0%| F|  |TAMS 0x0000000091300000, 0x0000000091300000| Untracked 
| 276|0x0000000091400000, 0x0000000091400000, 0x0000000091500000|  0%| F|  |TAMS 0x0000000091400000, 0x0000000091400000| Untracked 
| 277|0x0000000091500000, 0x0000000091500000, 0x0000000091600000|  0%| F|  |TAMS 0x0000000091500000, 0x0000000091500000| Untracked 
| 278|0x0000000091600000, 0x0000000091600000, 0x0000000091700000|  0%| F|  |TAMS 0x0000000091600000, 0x0000000091600000| Untracked 
| 279|0x0000000091700000, 0x0000000091700000, 0x0000000091800000|  0%| F|  |TAMS 0x0000000091700000, 0x0000000091700000| Untracked 
| 280|0x0000000091800000, 0x0000000091800000, 0x0000000091900000|  0%| F|  |TAMS 0x0000000091800000, 0x0000000091800000| Untracked 
| 281|0x0000000091900000, 0x0000000091900000, 0x0000000091a00000|  0%| F|  |TAMS 0x0000000091900000, 0x0000000091900000| Untracked 
| 282|0x0000000091a00000, 0x0000000091a00000, 0x0000000091b00000|  0%| F|  |TAMS 0x0000000091a00000, 0x0000000091a00000| Untracked 
| 283|0x0000000091b00000, 0x0000000091b00000, 0x0000000091c00000|  0%| F|  |TAMS 0x0000000091b00000, 0x0000000091b00000| Untracked 
| 284|0x0000000091c00000, 0x0000000091c00000, 0x0000000091d00000|  0%| F|  |TAMS 0x0000000091c00000, 0x0000000091c00000| Untracked 
| 285|0x0000000091d00000, 0x0000000091d00000, 0x0000000091e00000|  0%| F|  |TAMS 0x0000000091d00000, 0x0000000091d00000| Untracked 
| 286|0x0000000091e00000, 0x0000000091e00000, 0x0000000091f00000|  0%| F|  |TAMS 0x0000000091e00000, 0x0000000091e00000| Untracked 
| 287|0x0000000091f00000, 0x0000000091f00000, 0x0000000092000000|  0%| F|  |TAMS 0x0000000091f00000, 0x0000000091f00000| Untracked 
| 288|0x0000000092000000, 0x0000000092000000, 0x0000000092100000|  0%| F|  |TAMS 0x0000000092000000, 0x0000000092000000| Untracked 
| 289|0x0000000092100000, 0x0000000092100000, 0x0000000092200000|  0%| F|  |TAMS 0x0000000092100000, 0x0000000092100000| Untracked 
| 290|0x0000000092200000, 0x0000000092200000, 0x0000000092300000|  0%| F|  |TAMS 0x0000000092200000, 0x0000000092200000| Untracked 
| 291|0x0000000092300000, 0x0000000092300000, 0x0000000092400000|  0%| F|  |TAMS 0x0000000092300000, 0x0000000092300000| Untracked 
| 292|0x0000000092400000, 0x0000000092400000, 0x0000000092500000|  0%| F|  |TAMS 0x0000000092400000, 0x0000000092400000| Untracked 
| 293|0x0000000092500000, 0x0000000092500000, 0x0000000092600000|  0%| F|  |TAMS 0x0000000092500000, 0x0000000092500000| Untracked 
| 294|0x0000000092600000, 0x0000000092600000, 0x0000000092700000|  0%| F|  |TAMS 0x0000000092600000, 0x0000000092600000| Untracked 
| 295|0x0000000092700000, 0x0000000092700000, 0x0000000092800000|  0%| F|  |TAMS 0x0000000092700000, 0x0000000092700000| Untracked 
| 296|0x0000000092800000, 0x0000000092800000, 0x0000000092900000|  0%| F|  |TAMS 0x0000000092800000, 0x0000000092800000| Untracked 
| 297|0x0000000092900000, 0x0000000092900000, 0x0000000092a00000|  0%| F|  |TAMS 0x0000000092900000, 0x0000000092900000| Untracked 
| 298|0x0000000092a00000, 0x0000000092a00000, 0x0000000092b00000|  0%| F|  |TAMS 0x0000000092a00000, 0x0000000092a00000| Untracked 
| 299|0x0000000092b00000, 0x0000000092b00000, 0x0000000092c00000|  0%| F|  |TAMS 0x0000000092b00000, 0x0000000092b00000| Untracked 
| 300|0x0000000092c00000, 0x0000000092c00000, 0x0000000092d00000|  0%| F|  |TAMS 0x0000000092c00000, 0x0000000092c00000| Untracked 
| 301|0x0000000092d00000, 0x0000000092d00000, 0x0000000092e00000|  0%| F|  |TAMS 0x0000000092d00000, 0x0000000092d00000| Untracked 
| 302|0x0000000092e00000, 0x0000000092e00000, 0x0000000092f00000|  0%| F|  |TAMS 0x0000000092e00000, 0x0000000092e00000| Untracked 
| 303|0x0000000092f00000, 0x0000000092f00000, 0x0000000093000000|  0%| F|  |TAMS 0x0000000092f00000, 0x0000000092f00000| Untracked 
| 304|0x0000000093000000, 0x0000000093000000, 0x0000000093100000|  0%| F|  |TAMS 0x0000000093000000, 0x0000000093000000| Untracked 
| 305|0x0000000093100000, 0x0000000093100000, 0x0000000093200000|  0%| F|  |TAMS 0x0000000093100000, 0x0000000093100000| Untracked 
| 306|0x0000000093200000, 0x0000000093200000, 0x0000000093300000|  0%| F|  |TAMS 0x0000000093200000, 0x0000000093200000| Untracked 
| 307|0x0000000093300000, 0x0000000093300000, 0x0000000093400000|  0%| F|  |TAMS 0x0000000093300000, 0x0000000093300000| Untracked 
| 308|0x0000000093400000, 0x0000000093400000, 0x0000000093500000|  0%| F|  |TAMS 0x0000000093400000, 0x0000000093400000| Untracked 
| 309|0x0000000093500000, 0x0000000093500000, 0x0000000093600000|  0%| F|  |TAMS 0x0000000093500000, 0x0000000093500000| Untracked 
| 310|0x0000000093600000, 0x0000000093600000, 0x0000000093700000|  0%| F|  |TAMS 0x0000000093600000, 0x0000000093600000| Untracked 
| 311|0x0000000093700000, 0x0000000093700000, 0x0000000093800000|  0%| F|  |TAMS 0x0000000093700000, 0x0000000093700000| Untracked 
| 312|0x0000000093800000, 0x0000000093800000, 0x0000000093900000|  0%| F|  |TAMS 0x0000000093800000, 0x0000000093800000| Untracked 
| 313|0x0000000093900000, 0x0000000093900000, 0x0000000093a00000|  0%| F|  |TAMS 0x0000000093900000, 0x0000000093900000| Untracked 
| 314|0x0000000093a00000, 0x0000000093a00000, 0x0000000093b00000|  0%| F|  |TAMS 0x0000000093a00000, 0x0000000093a00000| Untracked 
| 315|0x0000000093b00000, 0x0000000093b00000, 0x0000000093c00000|  0%| F|  |TAMS 0x0000000093b00000, 0x0000000093b00000| Untracked 
| 316|0x0000000093c00000, 0x0000000093c00000, 0x0000000093d00000|  0%| F|  |TAMS 0x0000000093c00000, 0x0000000093c00000| Untracked 
| 317|0x0000000093d00000, 0x0000000093d00000, 0x0000000093e00000|  0%| F|  |TAMS 0x0000000093d00000, 0x0000000093d00000| Untracked 
| 318|0x0000000093e00000, 0x0000000093e00000, 0x0000000093f00000|  0%| F|  |TAMS 0x0000000093e00000, 0x0000000093e00000| Untracked 
| 319|0x0000000093f00000, 0x0000000093f00000, 0x0000000094000000|  0%| F|  |TAMS 0x0000000093f00000, 0x0000000093f00000| Untracked 
| 320|0x0000000094000000, 0x0000000094000000, 0x0000000094100000|  0%| F|  |TAMS 0x0000000094000000, 0x0000000094000000| Untracked 
| 321|0x0000000094100000, 0x0000000094100000, 0x0000000094200000|  0%| F|  |TAMS 0x0000000094100000, 0x0000000094100000| Untracked 
| 322|0x0000000094200000, 0x0000000094200000, 0x0000000094300000|  0%| F|  |TAMS 0x0000000094200000, 0x0000000094200000| Untracked 
| 323|0x0000000094300000, 0x0000000094300000, 0x0000000094400000|  0%| F|  |TAMS 0x0000000094300000, 0x0000000094300000| Untracked 
| 324|0x0000000094400000, 0x0000000094400000, 0x0000000094500000|  0%| F|  |TAMS 0x0000000094400000, 0x0000000094400000| Untracked 
| 325|0x0000000094500000, 0x0000000094500000, 0x0000000094600000|  0%| F|  |TAMS 0x0000000094500000, 0x0000000094500000| Untracked 
| 326|0x0000000094600000, 0x0000000094600000, 0x0000000094700000|  0%| F|  |TAMS 0x0000000094600000, 0x0000000094600000| Untracked 
| 327|0x0000000094700000, 0x0000000094700000, 0x0000000094800000|  0%| F|  |TAMS 0x0000000094700000, 0x0000000094700000| Untracked 
| 328|0x0000000094800000, 0x0000000094800000, 0x0000000094900000|  0%| F|  |TAMS 0x0000000094800000, 0x0000000094800000| Untracked 
| 329|0x0000000094900000, 0x0000000094900000, 0x0000000094a00000|  0%| F|  |TAMS 0x0000000094900000, 0x0000000094900000| Untracked 
| 330|0x0000000094a00000, 0x0000000094a00000, 0x0000000094b00000|  0%| F|  |TAMS 0x0000000094a00000, 0x0000000094a00000| Untracked 
| 331|0x0000000094b00000, 0x0000000094b00000, 0x0000000094c00000|  0%| F|  |TAMS 0x0000000094b00000, 0x0000000094b00000| Untracked 
| 332|0x0000000094c00000, 0x0000000094c00000, 0x0000000094d00000|  0%| F|  |TAMS 0x0000000094c00000, 0x0000000094c00000| Untracked 
| 333|0x0000000094d00000, 0x0000000094d00000, 0x0000000094e00000|  0%| F|  |TAMS 0x0000000094d00000, 0x0000000094d00000| Untracked 
| 334|0x0000000094e00000, 0x0000000094e00000, 0x0000000094f00000|  0%| F|  |TAMS 0x0000000094e00000, 0x0000000094e00000| Untracked 
| 335|0x0000000094f00000, 0x0000000094f00000, 0x0000000095000000|  0%| F|  |TAMS 0x0000000094f00000, 0x0000000094f00000| Untracked 
| 336|0x0000000095000000, 0x0000000095000000, 0x0000000095100000|  0%| F|  |TAMS 0x0000000095000000, 0x0000000095000000| Untracked 
| 337|0x0000000095100000, 0x0000000095100000, 0x0000000095200000|  0%| F|  |TAMS 0x0000000095100000, 0x0000000095100000| Untracked 
| 338|0x0000000095200000, 0x0000000095200000, 0x0000000095300000|  0%| F|  |TAMS 0x0000000095200000, 0x0000000095200000| Untracked 
| 339|0x0000000095300000, 0x0000000095300000, 0x0000000095400000|  0%| F|  |TAMS 0x0000000095300000, 0x0000000095300000| Untracked 
| 340|0x0000000095400000, 0x0000000095400000, 0x0000000095500000|  0%| F|  |TAMS 0x0000000095400000, 0x0000000095400000| Untracked 
| 341|0x0000000095500000, 0x0000000095500000, 0x0000000095600000|  0%| F|  |TAMS 0x0000000095500000, 0x0000000095500000| Untracked 
| 342|0x0000000095600000, 0x0000000095600000, 0x0000000095700000|  0%| F|  |TAMS 0x0000000095600000, 0x0000000095600000| Untracked 
| 343|0x0000000095700000, 0x0000000095700000, 0x0000000095800000|  0%| F|  |TAMS 0x0000000095700000, 0x0000000095700000| Untracked 
| 344|0x0000000095800000, 0x0000000095800000, 0x0000000095900000|  0%| F|  |TAMS 0x0000000095800000, 0x0000000095800000| Untracked 
| 345|0x0000000095900000, 0x0000000095900000, 0x0000000095a00000|  0%| F|  |TAMS 0x0000000095900000, 0x0000000095900000| Untracked 
| 346|0x0000000095a00000, 0x0000000095a00000, 0x0000000095b00000|  0%| F|  |TAMS 0x0000000095a00000, 0x0000000095a00000| Untracked 
| 347|0x0000000095b00000, 0x0000000095b00000, 0x0000000095c00000|  0%| F|  |TAMS 0x0000000095b00000, 0x0000000095b00000| Untracked 
| 348|0x0000000095c00000, 0x0000000095c00000, 0x0000000095d00000|  0%| F|  |TAMS 0x0000000095c00000, 0x0000000095c00000| Untracked 
| 349|0x0000000095d00000, 0x0000000095d00000, 0x0000000095e00000|  0%| F|  |TAMS 0x0000000095d00000, 0x0000000095d00000| Untracked 

Card table byte_map: [0x000002db1f1c0000,0x000002db1f5c0000] _byte_map_base: 0x000002db1edc0000

Marking Bits (Prev, Next): (CMBitMap*) 0x000002db0c60c6c0, (CMBitMap*) 0x000002db0c60c680
 Prev Bits: [0x000002db219c0000, 0x000002db239c0000)
 Next Bits: [0x000002db1f9c0000, 0x000002db219c0000)

Polling page: 0x000002db0a4e0000

Metaspace:

Usage:
  Non-class:     96.21 MB used.
      Class:     14.76 MB used.
       Both:    110.97 MB used.

Virtual space:
  Non-class space:      128.00 MB reserved,      96.62 MB ( 75%) committed,  2 nodes.
      Class space:        1.00 GB reserved,      15.12 MB (  1%) committed,  1 nodes.
             Both:        1.12 GB reserved,     111.75 MB ( 10%) committed. 

Chunk freelists:
   Non-Class:  15.33 MB
       Class:  944.00 KB
        Both:  16.25 MB

MaxMetaspaceSize: unlimited
CompressedClassSpaceSize: 1.00 GB
Initial GC threshold: 21.00 MB
Current GC threshold: 165.31 MB
CDS: off
MetaspaceReclaimPolicy: balanced
 - commit_granule_bytes: 65536.
 - commit_granule_words: 8192.
 - virtual_space_node_default_size: 8388608.
 - enlarge_chunks_in_place: 1.
 - new_chunks_are_fully_committed: 0.
 - uncommit_free_chunks: 1.
 - use_allocation_guard: 0.
 - handle_deallocations: 1.


Internal statistics:

num_allocs_failed_limit: 6.
num_arena_births: 1216.
num_arena_deaths: 18.
num_vsnodes_births: 3.
num_vsnodes_deaths: 0.
num_space_committed: 1786.
num_space_uncommitted: 0.
num_chunks_returned_to_freelist: 29.
num_chunks_taken_from_freelist: 5491.
num_chunk_merges: 14.
num_chunk_splits: 3641.
num_chunks_enlarged: 2458.
num_inconsistent_stats: 0.

CodeHeap 'non-profiled nmethods': size=120000Kb used=8052Kb max_used=8124Kb free=111948Kb
 bounds [0x000002db17550000, 0x000002db17d60000, 0x000002db1ea80000]
CodeHeap 'profiled nmethods': size=120000Kb used=23934Kb max_used=24285Kb free=96065Kb
 bounds [0x000002db0fa80000, 0x000002db11270000, 0x000002db16fb0000]
CodeHeap 'non-nmethods': size=5760Kb used=2421Kb max_used=2485Kb free=3338Kb
 bounds [0x000002db16fb0000, 0x000002db17230000, 0x000002db17550000]
 total_blobs=13211 nmethods=12261 adapters=861
 compilation: enabled
              stopped_count=0, restarted_count=0
 full_count=0

Compilation events (20 events):
Event: 204.788 Thread 0x000002db265fc720 14690       3       com.sun.tools.javac.parser.UnicodeReader::isAvailable (17 bytes)
Event: 204.788 Thread 0x000002db265fc720 nmethod 14690 0x000002db103e9a10 code [0x000002db103e9ba0, 0x000002db103e9d18]
Event: 204.788 Thread 0x000002db265fc720 14688       3       com.sun.tools.javac.parser.UnicodeReader::isOneOf (22 bytes)
Event: 204.788 Thread 0x000002db265fc720 nmethod 14688 0x000002db0fe84810 code [0x000002db0fe849c0, 0x000002db0fe84dd8]
Event: 204.788 Thread 0x000002db265fc720 14689       3       com.sun.tools.javac.parser.JavaTokenizer::scanLitChar (312 bytes)
Event: 204.791 Thread 0x000002db265fc720 nmethod 14689 0x000002db1125a810 code [0x000002db1125ae40, 0x000002db112603d8]
Event: 204.791 Thread 0x000002db265fc720 14692       3       com.sun.tools.javac.parser.JavaTokenizer::isEOLN (9 bytes)
Event: 204.791 Thread 0x000002db265fc720 nmethod 14692 0x000002db10339210 code [0x000002db103393c0, 0x000002db103398b8]
Event: 204.791 Thread 0x000002db265fc720 14693       3       com.sun.tools.javac.parser.JavaTokenizer::acceptThenPut (25 bytes)
Event: 204.791 Thread 0x000002db265fc720 nmethod 14693 0x000002db10382e10 code [0x000002db10382fe0, 0x000002db103835d8]
Event: 204.791 Thread 0x000002db265fc720 14691       3       java.lang.StringUTF16::putCharSB (12 bytes)
Event: 204.791 Thread 0x000002db265fc720 nmethod 14691 0x000002db10338d10 code [0x000002db10338ec0, 0x000002db103390c8]
Event: 204.791 Thread 0x000002db265fc720 14707       3       com.sun.tools.javac.parser.JavacParser$SimpleEndPosTable::toP (22 bytes)
Event: 204.792 Thread 0x000002db265fc720 nmethod 14707 0x000002db0fe84210 code [0x000002db0fe843c0, 0x000002db0fe84668]
Event: 204.792 Thread 0x000002db265fc720 14709       3       com.sun.tools.javac.tree.TreeMaker::at (7 bytes)
Event: 204.792 Thread 0x000002db265fc720 nmethod 14709 0x000002db10382a90 code [0x000002db10382c20, 0x000002db10382d38]
Event: 204.792 Thread 0x000002db265fc720 14710       3       com.sun.tools.javac.tree.JCTree::<init> (5 bytes)
Event: 204.792 Thread 0x000002db265fc720 nmethod 14710 0x000002db1041a990 code [0x000002db1041ab20, 0x000002db1041ac78]
Event: 204.792 Thread 0x000002db265fc720 14712       1       sun.nio.fs.WindowsException::lastError (5 bytes)
Event: 204.792 Thread 0x000002db265fc720 nmethod 14712 0x000002db178d2110 code [0x000002db178d22a0, 0x000002db178d2378]

GC Heap History (20 events):
Event: 14.386 GC heap after
{Heap after GC invocations=43 (full 0):
 garbage-first heap   total 266240K, used 92984K [0x0000000080000000, 0x0000000100000000)
  region size 1024K, 5 young (5120K), 5 survivors (5120K)
 Metaspace       used 96445K, committed 97088K, reserved 1179648K
  class space    used 13142K, committed 13440K, reserved 1048576K
}
Event: 15.647 GC heap before
{Heap before GC invocations=44 (full 0):
 garbage-first heap   total 266240K, used 203576K [0x0000000080000000, 0x0000000100000000)
  region size 1024K, 114 young (116736K), 5 survivors (5120K)
 Metaspace       used 97294K, committed 97984K, reserved 1179648K
  class space    used 13203K, committed 13568K, reserved 1048576K
}
Event: 15.661 GC heap after
{Heap after GC invocations=45 (full 0):
 garbage-first heap   total 266240K, used 99668K [0x0000000080000000, 0x0000000100000000)
  region size 1024K, 11 young (11264K), 11 survivors (11264K)
 Metaspace       used 97294K, committed 97984K, reserved 1179648K
  class space    used 13203K, committed 13568K, reserved 1048576K
}
Event: 15.668 GC heap before
{Heap before GC invocations=45 (full 0):
 garbage-first heap   total 266240K, used 100692K [0x0000000080000000, 0x0000000100000000)
  region size 1024K, 13 young (13312K), 11 survivors (11264K)
 Metaspace       used 97298K, committed 97984K, reserved 1179648K
  class space    used 13203K, committed 13568K, reserved 1048576K
}
Event: 15.677 GC heap after
{Heap after GC invocations=46 (full 0):
 garbage-first heap   total 266240K, used 100253K [0x0000000080000000, 0x0000000100000000)
  region size 1024K, 2 young (2048K), 2 survivors (2048K)
 Metaspace       used 97298K, committed 97984K, reserved 1179648K
  class space    used 13203K, committed 13568K, reserved 1048576K
}
Event: 16.265 GC heap before
{Heap before GC invocations=46 (full 0):
 garbage-first heap   total 266240K, used 202653K [0x0000000080000000, 0x0000000100000000)
  region size 1024K, 103 young (105472K), 2 survivors (2048K)
 Metaspace       used 97539K, committed 98240K, reserved 1179648K
  class space    used 13234K, committed 13568K, reserved 1048576K
}
Event: 16.272 GC heap after
{Heap after GC invocations=47 (full 0):
 garbage-first heap   total 266240K, used 106206K [0x0000000080000000, 0x0000000100000000)
  region size 1024K, 8 young (8192K), 8 survivors (8192K)
 Metaspace       used 97539K, committed 98240K, reserved 1179648K
  class space    used 13234K, committed 13568K, reserved 1048576K
}
Event: 17.256 GC heap before
{Heap before GC invocations=47 (full 0):
 garbage-first heap   total 266240K, used 201438K [0x0000000080000000, 0x0000000100000000)
  region size 1024K, 77 young (78848K), 8 survivors (8192K)
 Metaspace       used 100322K, committed 101120K, reserved 1179648K
  class space    used 13617K, committed 14016K, reserved 1048576K
}
Event: 17.269 GC heap after
{Heap after GC invocations=48 (full 0):
 garbage-first heap   total 266240K, used 138404K [0x0000000080000000, 0x0000000100000000)
  region size 1024K, 7 young (7168K), 7 survivors (7168K)
 Metaspace       used 100322K, committed 101120K, reserved 1179648K
  class space    used 13617K, committed 14016K, reserved 1048576K
}
Event: 17.592 GC heap before
{Heap before GC invocations=48 (full 0):
 garbage-first heap   total 266240K, used 166052K [0x0000000080000000, 0x0000000100000000)
  region size 1024K, 12 young (12288K), 7 survivors (7168K)
 Metaspace       used 100601K, committed 101376K, reserved 1179648K
  class space    used 13646K, committed 14016K, reserved 1048576K
}
Event: 17.599 GC heap after
{Heap after GC invocations=49 (full 0):
 garbage-first heap   total 266240K, used 135044K [0x0000000080000000, 0x0000000100000000)
  region size 1024K, 1 young (1024K), 1 survivors (1024K)
 Metaspace       used 100601K, committed 101376K, reserved 1179648K
  class space    used 13646K, committed 14016K, reserved 1048576K
}
Event: 17.606 GC heap before
{Heap before GC invocations=49 (full 0):
 garbage-first heap   total 266240K, used 155524K [0x0000000080000000, 0x0000000100000000)
  region size 1024K, 2 young (2048K), 1 survivors (1024K)
 Metaspace       used 100601K, committed 101376K, reserved 1179648K
  class space    used 13646K, committed 14016K, reserved 1048576K
}
Event: 17.607 GC heap after
{Heap after GC invocations=50 (full 0):
 garbage-first heap   total 266240K, used 142785K [0x0000000080000000, 0x0000000100000000)
  region size 1024K, 1 young (1024K), 1 survivors (1024K)
 Metaspace       used 100601K, committed 101376K, reserved 1179648K
  class space    used 13646K, committed 14016K, reserved 1048576K
}
Event: 17.608 GC heap before
{Heap before GC invocations=50 (full 0):
 garbage-first heap   total 266240K, used 146881K [0x0000000080000000, 0x0000000100000000)
  region size 1024K, 2 young (2048K), 1 survivors (1024K)
 Metaspace       used 100601K, committed 101376K, reserved 1179648K
  class space    used 13646K, committed 14016K, reserved 1048576K
}
Event: 17.610 GC heap after
{Heap after GC invocations=51 (full 0):
 garbage-first heap   total 266240K, used 146755K [0x0000000080000000, 0x0000000100000000)
  region size 1024K, 1 young (1024K), 1 survivors (1024K)
 Metaspace       used 100601K, committed 101376K, reserved 1179648K
  class space    used 13646K, committed 14016K, reserved 1048576K
}
Event: 202.357 GC heap before
{Heap before GC invocations=52 (full 0):
 garbage-first heap   total 358400K, used 290115K [0x0000000080000000, 0x0000000100000000)
  region size 1024K, 80 young (81920K), 1 survivors (1024K)
 Metaspace       used 105771K, committed 106496K, reserved 1179648K
  class space    used 14136K, committed 14464K, reserved 1048576K
}
Event: 202.367 GC heap after
{Heap after GC invocations=53 (full 0):
 garbage-first heap   total 358400K, used 114757K [0x0000000080000000, 0x0000000100000000)
  region size 1024K, 4 young (4096K), 4 survivors (4096K)
 Metaspace       used 105771K, committed 106496K, reserved 1179648K
  class space    used 14136K, committed 14464K, reserved 1048576K
}
Event: 202.655 GC heap before
{Heap before GC invocations=53 (full 0):
 garbage-first heap   total 358400K, used 128069K [0x0000000080000000, 0x0000000100000000)
  region size 1024K, 17 young (17408K), 4 survivors (4096K)
 Metaspace       used 105989K, committed 106752K, reserved 1179648K
  class space    used 14146K, committed 14528K, reserved 1048576K
}
Event: 202.665 GC heap after
{Heap after GC invocations=54 (full 0):
 garbage-first heap   total 358400K, used 115948K [0x0000000080000000, 0x0000000100000000)
  region size 1024K, 3 young (3072K), 3 survivors (3072K)
 Metaspace       used 105989K, committed 106752K, reserved 1179648K
  class space    used 14146K, committed 14528K, reserved 1048576K
}
Event: 204.793 GC heap before
{Heap before GC invocations=54 (full 0):
 garbage-first heap   total 358400K, used 227564K [0x0000000080000000, 0x0000000100000000)
  region size 1024K, 114 young (116736K), 3 survivors (3072K)
 Metaspace       used 113632K, committed 114432K, reserved 1179648K
  class space    used 15109K, committed 15488K, reserved 1048576K
}

Dll operation events (3 events):
Event: 0.008 Loaded shared library C:\Program Files\Android\Android Studio\jbr\bin\java.dll
Event: 0.155 Loaded shared library C:\Program Files\Android\Android Studio\jbr\bin\zip.dll
Event: 0.441 Loaded shared library C:\Program Files\Android\Android Studio\jbr\bin\verify.dll

Deoptimization events (20 events):
Event: 204.746 Thread 0x000002db31a46a30 Uncommon trap: trap_request=0xffffff45 fr.pc=0x000002db179f9d08 relative=0x0000000000000d88
Event: 204.746 Thread 0x000002db31a46a30 Uncommon trap: reason=unstable_if action=reinterpret pc=0x000002db179f9d08 method=java.util.regex.Pattern.sequence(Ljava/util/regex/Pattern$Node;)Ljava/util/regex/Pattern$Node; @ 241 c2
Event: 204.746 Thread 0x000002db31a46a30 DEOPT PACKING pc=0x000002db179f9d08 sp=0x000000eef8ef79b0
Event: 204.746 Thread 0x000002db31a46a30 DEOPT UNPACKING pc=0x000002db1700a1a3 sp=0x000000eef8ef7948 mode 2
Event: 204.752 Thread 0x000002db31a46a30 Uncommon trap: trap_request=0xffffffc6 fr.pc=0x000002db177e189c relative=0x000000000000393c
Event: 204.752 Thread 0x000002db31a46a30 Uncommon trap: reason=bimorphic_or_optimized_type_check action=maybe_recompile pc=0x000002db177e189c method=jdk.internal.loader.BuiltinClassLoader.loadClassOrNull(Ljava/lang/String;)Ljava/lang/Class; @ 3 c2
Event: 204.752 Thread 0x000002db31a46a30 DEOPT PACKING pc=0x000002db177e189c sp=0x000000eef8ef7b90
Event: 204.752 Thread 0x000002db31a46a30 DEOPT UNPACKING pc=0x000002db1700a1a3 sp=0x000000eef8ef7b18 mode 2
Event: 204.776 Thread 0x000002db31a46a30 Uncommon trap: trap_request=0xffffff45 fr.pc=0x000002db177b49b0 relative=0x0000000000000490
Event: 204.776 Thread 0x000002db31a46a30 Uncommon trap: reason=unstable_if action=reinterpret pc=0x000002db177b49b0 method=java.lang.StringUTF16.compress([CII)[B @ 13 c2
Event: 204.776 Thread 0x000002db31a46a30 DEOPT PACKING pc=0x000002db177b49b0 sp=0x000000eef8ef7890
Event: 204.776 Thread 0x000002db31a46a30 DEOPT UNPACKING pc=0x000002db1700a1a3 sp=0x000000eef8ef7778 mode 2
Event: 204.776 Thread 0x000002db31a46a30 Uncommon trap: trap_request=0xffffff45 fr.pc=0x000002db1756fae4 relative=0x00000000000003c4
Event: 204.776 Thread 0x000002db31a46a30 Uncommon trap: reason=unstable_if action=reinterpret pc=0x000002db1756fae4 method=java.lang.StringUTF16.compress([CII)[B @ 13 c2
Event: 204.776 Thread 0x000002db31a46a30 DEOPT PACKING pc=0x000002db1756fae4 sp=0x000000eef8ef7520
Event: 204.776 Thread 0x000002db31a46a30 DEOPT UNPACKING pc=0x000002db1700a1a3 sp=0x000000eef8ef7488 mode 2
Event: 204.776 Thread 0x000002db31a46a30 Uncommon trap: trap_request=0xffffff45 fr.pc=0x000002db17567734 relative=0x0000000000000334
Event: 204.776 Thread 0x000002db31a46a30 Uncommon trap: reason=unstable_if action=reinterpret pc=0x000002db17567734 method=java.lang.StringUTF16.compress([CI[BII)I @ 20 c2
Event: 204.776 Thread 0x000002db31a46a30 DEOPT PACKING pc=0x000002db17567734 sp=0x000000eef8ef7480
Event: 204.776 Thread 0x000002db31a46a30 DEOPT UNPACKING pc=0x000002db1700a1a3 sp=0x000000eef8ef7400 mode 2

Classes unloaded (9 events):
Event: 14.515 Thread 0x000002db2643ed00 Unloading class 0x0000000100d35c00 'java/lang/invoke/LambdaForm$DMH+0x0000000100d35c00'
Event: 14.515 Thread 0x000002db2643ed00 Unloading class 0x0000000100d35800 'java/lang/invoke/LambdaForm$DMH+0x0000000100d35800'
Event: 14.515 Thread 0x000002db2643ed00 Unloading class 0x0000000100d35400 'java/lang/invoke/LambdaForm$DMH+0x0000000100d35400'
Event: 14.515 Thread 0x000002db2643ed00 Unloading class 0x0000000100d35000 'java/lang/invoke/LambdaForm$DMH+0x0000000100d35000'
Event: 14.515 Thread 0x000002db2643ed00 Unloading class 0x0000000100d34c00 'java/lang/invoke/LambdaForm$DMH+0x0000000100d34c00'
Event: 14.515 Thread 0x000002db2643ed00 Unloading class 0x0000000100d34800 'java/lang/invoke/LambdaForm$DMH+0x0000000100d34800'
Event: 14.515 Thread 0x000002db2643ed00 Unloading class 0x0000000100d34400 'java/lang/invoke/LambdaForm$DMH+0x0000000100d34400'
Event: 17.721 Thread 0x000002db2643ed00 Unloading class 0x0000000100d3c800 'java/lang/invoke/LambdaForm$DMH+0x0000000100d3c800'
Event: 17.721 Thread 0x000002db2643ed00 Unloading class 0x0000000100d3c400 'java/lang/invoke/LambdaForm$DMH+0x0000000100d3c400'

Classes redefined (0 events):
No events

Internal exceptions (20 events):
Event: 202.644 Thread 0x000002db30f6cfa0 Exception <a 'sun/nio/fs/WindowsException'{0x0000000095146058}> (0x0000000095146058) 
thrown [s\src\hotspot\share\prims\jni.cpp, line 517]
Event: 202.644 Thread 0x000002db30f6cfa0 Exception <a 'sun/nio/fs/WindowsException'{0x00000000951473f0}> (0x00000000951473f0) 
thrown [s\src\hotspot\share\prims\jni.cpp, line 517]
Event: 202.644 Thread 0x000002db30f6cfa0 Exception <a 'sun/nio/fs/WindowsException'{0x00000000951487d8}> (0x00000000951487d8) 
thrown [s\src\hotspot\share\prims\jni.cpp, line 517]
Event: 202.645 Thread 0x000002db30f6cfa0 Exception <a 'sun/nio/fs/WindowsException'{0x0000000095149bc0}> (0x0000000095149bc0) 
thrown [s\src\hotspot\share\prims\jni.cpp, line 517]
Event: 202.742 Thread 0x000002db30f6cfa0 Exception <a 'sun/nio/fs/WindowsException'{0x0000000095bee110}> (0x0000000095bee110) 
thrown [s\src\hotspot\share\prims\jni.cpp, line 517]
Event: 202.796 Thread 0x000002db31a46f00 Exception <a 'sun/nio/fs/WindowsException'{0x000000009598b610}> (0x000000009598b610) 
thrown [s\src\hotspot\share\prims\jni.cpp, line 517]
Event: 204.203 Thread 0x000002db31a46a30 Exception <a 'java/lang/IncompatibleClassChangeError'{0x0000000090f377b8}: Found class java.lang.Object, but interface was expected> (0x0000000090f377b8) 
thrown [s\src\hotspot\share\interpreter\linkResolver.cpp, line 838]
Event: 204.220 Thread 0x000002db31a46a30 Exception <a 'sun/nio/fs/WindowsException'{0x0000000090f796f8}> (0x0000000090f796f8) 
thrown [s\src\hotspot\share\prims\jni.cpp, line 517]
Event: 204.223 Thread 0x000002db31a46a30 Exception <a 'sun/nio/fs/WindowsException'{0x0000000090f81b28}> (0x0000000090f81b28) 
thrown [s\src\hotspot\share\prims\jni.cpp, line 517]
Event: 204.225 Thread 0x000002db31a46a30 Exception <a 'sun/nio/fs/WindowsException'{0x0000000090f82720}> (0x0000000090f82720) 
thrown [s\src\hotspot\share\prims\jni.cpp, line 517]
Event: 204.227 Thread 0x000002db31a46a30 Exception <a 'sun/nio/fs/WindowsException'{0x0000000090f83300}> (0x0000000090f83300) 
thrown [s\src\hotspot\share\prims\jni.cpp, line 517]
Event: 204.235 Thread 0x000002db31a46a30 Exception <a 'sun/nio/fs/WindowsException'{0x0000000090f83ee8}> (0x0000000090f83ee8) 
thrown [s\src\hotspot\share\prims\jni.cpp, line 517]
Event: 204.236 Thread 0x000002db31a46a30 Exception <a 'sun/nio/fs/WindowsException'{0x0000000090f84ae0}> (0x0000000090f84ae0) 
thrown [s\src\hotspot\share\prims\jni.cpp, line 517]
Event: 204.237 Thread 0x000002db31a46a30 Exception <a 'sun/nio/fs/WindowsException'{0x0000000090f856d8}> (0x0000000090f856d8) 
thrown [s\src\hotspot\share\prims\jni.cpp, line 517]
Event: 204.238 Thread 0x000002db31a46a30 Exception <a 'sun/nio/fs/WindowsException'{0x0000000090f862d0}> (0x0000000090f862d0) 
thrown [s\src\hotspot\share\prims\jni.cpp, line 517]
Event: 204.239 Thread 0x000002db31a46a30 Exception <a 'sun/nio/fs/WindowsException'{0x0000000090f86ec8}> (0x0000000090f86ec8) 
thrown [s\src\hotspot\share\prims\jni.cpp, line 517]
Event: 204.283 Thread 0x000002db31a46a30 Exception <a 'java/lang/NoSuchMethodError'{0x0000000090ff8a60}: 'java.lang.Object java.lang.invoke.DirectMethodHandle$Holder.invokeSpecial(java.lang.Object, java.lang.Object, int, java.lang.Object, java.lang.Object, java.lang.Object, java.lang.Object)'> (0x0000000090ff8a60) 
thrown [s\src\hotspot\share\interpreter\linkResolver.cpp, line 771]
Event: 204.540 Thread 0x000002db31a46a30 Exception <a 'java/lang/NoSuchMethodError'{0x000000009047ecc0}: 'void java.lang.invoke.DirectMethodHandle$Holder.invokeVirtual(java.lang.Object, java.lang.Object, java.lang.Object, java.lang.Object)'> (0x000000009047ecc0) 
thrown [s\src\hotspot\share\interpreter\linkResolver.cpp, line 771]
Event: 204.790 Thread 0x000002db31a46a30 Exception <a 'sun/nio/fs/WindowsException'{0x000000008ecbf5c0}> (0x000000008ecbf5c0) 
thrown [s\src\hotspot\share\prims\jni.cpp, line 517]
Event: 204.790 Thread 0x000002db31a46a30 Exception <a 'sun/nio/fs/WindowsException'{0x000000008ecbf850}> (0x000000008ecbf850) 
thrown [s\src\hotspot\share\prims\jni.cpp, line 517]

VM Operations (20 events):
Event: 202.635 Executing VM operation: ICBufferFull done
Event: 202.653 Executing VM operation: HandshakeAllThreads
Event: 202.653 Executing VM operation: HandshakeAllThreads done
Event: 202.655 Executing VM operation: G1CollectForAllocation
Event: 202.665 Executing VM operation: G1CollectForAllocation done
Event: 202.694 Executing VM operation: HandshakeAllThreads
Event: 202.694 Executing VM operation: HandshakeAllThreads done
Event: 202.724 Executing VM operation: HandshakeAllThreads
Event: 202.725 Executing VM operation: HandshakeAllThreads done
Event: 202.887 Executing VM operation: ICBufferFull
Event: 202.888 Executing VM operation: ICBufferFull done
Event: 203.206 Executing VM operation: ICBufferFull
Event: 203.207 Executing VM operation: ICBufferFull done
Event: 204.123 Executing VM operation: ICBufferFull
Event: 204.125 Executing VM operation: ICBufferFull done
Event: 204.378 Executing VM operation: HandshakeAllThreads
Event: 204.378 Executing VM operation: HandshakeAllThreads done
Event: 204.445 Executing VM operation: HandshakeAllThreads
Event: 204.445 Executing VM operation: HandshakeAllThreads done
Event: 204.793 Executing VM operation: G1TryInitiateConcMark

Events (20 events):
Event: 204.219 loading class sun/nio/fs/WindowsFileCopy
Event: 204.220 loading class sun/nio/fs/WindowsFileCopy done
Event: 204.353 loading class java/nio/charset/IllegalCharsetNameException
Event: 204.353 loading class java/nio/charset/IllegalCharsetNameException done
Event: 204.357 loading class java/nio/file/ProviderNotFoundException
Event: 204.357 loading class java/nio/file/ProviderNotFoundException done
Event: 204.376 loading class java/util/JumboEnumSet
Event: 204.376 loading class java/util/JumboEnumSet done
Event: 204.390 loading class java/util/JumboEnumSet$EnumSetIterator
Event: 204.390 loading class java/util/JumboEnumSet$EnumSetIterator done
Event: 204.397 loading class java/util/ResourceBundle$KeyElementReference
Event: 204.397 loading class java/util/ResourceBundle$CacheKeyReference
Event: 204.397 loading class java/util/ResourceBundle$CacheKeyReference done
Event: 204.397 loading class java/util/ResourceBundle$KeyElementReference done
Event: 204.398 loading class java/util/ResourceBundle$3
Event: 204.398 loading class java/util/ResourceBundle$3 done
Event: 204.403 loading class java/util/ResourceBundle$BundleReference
Event: 204.404 loading class java/util/ResourceBundle$BundleReference done
Event: 204.436 loading class java/util/ServiceLoader$ProviderSpliterator
Event: 204.436 loading class java/util/ServiceLoader$ProviderSpliterator done


Dynamic libraries:
0x00007ff6b5ea0000 - 0x00007ff6b5eaa000 	C:\Program Files\Android\Android Studio\jbr\bin\java.exe
0x00007ffe055f0000 - 0x00007ffe05806000 	C:\WINDOWS\SYSTEM32\ntdll.dll
0x00007ffe042e0000 - 0x00007ffe043a4000 	C:\WINDOWS\System32\KERNEL32.DLL
0x00007ffe02bb0000 - 0x00007ffe02f56000 	C:\WINDOWS\System32\KERNELBASE.dll
0x00007ffe03010000 - 0x00007ffe03121000 	C:\WINDOWS\System32\ucrtbase.dll
0x00007ffd7e030000 - 0x00007ffd7e047000 	C:\Program Files\Android\Android Studio\jbr\bin\jli.dll
0x00007ffdfda30000 - 0x00007ffdfda4b000 	C:\Program Files\Android\Android Studio\jbr\bin\VCRUNTIME140.dll
0x00007ffe05400000 - 0x00007ffe055ad000 	C:\WINDOWS\System32\USER32.dll
0x00007ffe029f0000 - 0x00007ffe02a16000 	C:\WINDOWS\System32\win32u.dll
0x00007ffe044b0000 - 0x00007ffe044d9000 	C:\WINDOWS\System32\GDI32.dll
0x00007ffdeaa00000 - 0x00007ffdeac93000 	C:\WINDOWS\WinSxS\amd64_microsoft.windows.common-controls_6595b64144ccf1df_6.0.22621.3235_none_270f74e173860f98\COMCTL32.dll
0x00007ffe02a90000 - 0x00007ffe02ba8000 	C:\WINDOWS\System32\gdi32full.dll
0x00007ffe04980000 - 0x00007ffe04a27000 	C:\WINDOWS\System32\msvcrt.dll
0x00007ffe03130000 - 0x00007ffe031ca000 	C:\WINDOWS\System32\msvcp_win.dll
0x00007ffe05320000 - 0x00007ffe05351000 	C:\WINDOWS\System32\IMM32.DLL
0x00007ffdfdcb0000 - 0x00007ffdfdcbc000 	C:\Program Files\Android\Android Studio\jbr\bin\vcruntime140_1.dll
0x00007ffdd6d40000 - 0x00007ffdd6dcd000 	C:\Program Files\Android\Android Studio\jbr\bin\msvcp140.dll
0x00007ffd3b640000 - 0x00007ffd3c2c0000 	C:\Program Files\Android\Android Studio\jbr\bin\server\jvm.dll
0x00007ffe04840000 - 0x00007ffe048f2000 	C:\WINDOWS\System32\ADVAPI32.dll
0x00007ffe03630000 - 0x00007ffe036d8000 	C:\WINDOWS\System32\sechost.dll
0x00007ffe02fe0000 - 0x00007ffe03008000 	C:\WINDOWS\System32\bcrypt.dll
0x00007ffe04a30000 - 0x00007ffe04b45000 	C:\WINDOWS\System32\RPCRT4.dll
0x00007ffde4560000 - 0x00007ffde4569000 	C:\WINDOWS\SYSTEM32\WSOCK32.dll
0x00007ffdf90d0000 - 0x00007ffdf9104000 	C:\WINDOWS\SYSTEM32\WINMM.dll
0x00007ffdf8a40000 - 0x00007ffdf8a4a000 	C:\WINDOWS\SYSTEM32\VERSION.dll
0x00007ffe035b0000 - 0x00007ffe03621000 	C:\WINDOWS\System32\WS2_32.dll
0x00007ffe01a60000 - 0x00007ffe01a78000 	C:\WINDOWS\SYSTEM32\kernel.appcore.dll
0x00007ffd94f70000 - 0x00007ffd94f7a000 	C:\Program Files\Android\Android Studio\jbr\bin\jimage.dll
0x00007ffe001d0000 - 0x00007ffe00403000 	C:\WINDOWS\SYSTEM32\DBGHELP.DLL
0x00007ffe03f40000 - 0x00007ffe042c8000 	C:\WINDOWS\System32\combase.dll
0x00007ffe044e0000 - 0x00007ffe045b7000 	C:\WINDOWS\System32\OLEAUT32.dll
0x00007ffded7c0000 - 0x00007ffded7f2000 	C:\WINDOWS\SYSTEM32\dbgcore.DLL
0x00007ffe02f60000 - 0x00007ffe02fda000 	C:\WINDOWS\System32\bcryptPrimitives.dll
0x00007ffd7e050000 - 0x00007ffd7e05e000 	C:\Program Files\Android\Android Studio\jbr\bin\instrument.dll
0x00007ffd7dfb0000 - 0x00007ffd7dfd5000 	C:\Program Files\Android\Android Studio\jbr\bin\java.dll
0x00007ffd8a670000 - 0x00007ffd8a688000 	C:\Program Files\Android\Android Studio\jbr\bin\zip.dll
0x00007ffe036e0000 - 0x00007ffe03f3d000 	C:\WINDOWS\System32\SHELL32.dll
0x00007ffe008a0000 - 0x00007ffe01198000 	C:\WINDOWS\SYSTEM32\windows.storage.dll
0x00007ffe00760000 - 0x00007ffe0089e000 	C:\WINDOWS\SYSTEM32\wintypes.dll
0x00007ffe04c00000 - 0x00007ffe04cf3000 	C:\WINDOWS\System32\SHCORE.dll
0x00007ffe045c0000 - 0x00007ffe0461e000 	C:\WINDOWS\System32\shlwapi.dll
0x00007ffe02860000 - 0x00007ffe02886000 	C:\WINDOWS\SYSTEM32\profapi.dll
0x00007ffd83fb0000 - 0x00007ffd83fc9000 	C:\Program Files\Android\Android Studio\jbr\bin\net.dll
0x00007ffdfc200000 - 0x00007ffdfc337000 	C:\WINDOWS\SYSTEM32\WINHTTP.dll
0x00007ffe01ee0000 - 0x00007ffe01f49000 	C:\WINDOWS\system32\mswsock.dll
0x00007ffd829a0000 - 0x00007ffd829b6000 	C:\Program Files\Android\Android Studio\jbr\bin\nio.dll
0x00007ffd8ef90000 - 0x00007ffd8efa0000 	C:\Program Files\Android\Android Studio\jbr\bin\verify.dll
0x00007ffd56880000 - 0x00007ffd568a7000 	C:\Users\minhm\.gradle\native\68d5fa5c4cc2d200863cafc0d521ce42e7d3e7ee720ec0a83991735586a16f82\windows-amd64\native-platform.dll
0x00007ffdd6bf0000 - 0x00007ffdd6d34000 	C:\Users\minhm\.gradle\native\e376f236ea51e6404a007f0833ffe2c6e607c4080706a723a18a27aeea778392\windows-amd64\native-platform-file-events.dll
0x00007ffd84240000 - 0x00007ffd84249000 	C:\Program Files\Android\Android Studio\jbr\bin\management.dll
0x00007ffd7e060000 - 0x00007ffd7e06b000 	C:\Program Files\Android\Android Studio\jbr\bin\management_ext.dll
0x00007ffe05360000 - 0x00007ffe05368000 	C:\WINDOWS\System32\PSAPI.DLL
0x00007ffe02140000 - 0x00007ffe0215b000 	C:\WINDOWS\SYSTEM32\CRYPTSP.dll
0x00007ffe019c0000 - 0x00007ffe019f5000 	C:\WINDOWS\system32\rsaenh.dll
0x00007ffe01fd0000 - 0x00007ffe01ffc000 	C:\WINDOWS\SYSTEM32\USERENV.dll
0x00007ffe02130000 - 0x00007ffe0213c000 	C:\WINDOWS\SYSTEM32\CRYPTBASE.dll
0x00007ffe01470000 - 0x00007ffe0149d000 	C:\WINDOWS\SYSTEM32\IPHLPAPI.DLL
0x00007ffe04620000 - 0x00007ffe04629000 	C:\WINDOWS\System32\NSI.dll
0x00007ffdfc020000 - 0x00007ffdfc039000 	C:\WINDOWS\SYSTEM32\dhcpcsvc6.DLL
0x00007ffdfc000000 - 0x00007ffdfc01f000 	C:\WINDOWS\SYSTEM32\dhcpcsvc.DLL
0x00007ffe014e0000 - 0x00007ffe015d9000 	C:\WINDOWS\SYSTEM32\DNSAPI.dll
0x00007ffde6d50000 - 0x00007ffde6d58000 	C:\WINDOWS\system32\wshunix.dll

dbghelp: loaded successfully - version: 4.0.5 - missing functions: none
symbol engine: initialized successfully - sym options: 0x614 - pdb path: .;C:\Program Files\Android\Android Studio\jbr\bin;C:\WINDOWS\SYSTEM32;C:\WINDOWS\WinSxS\amd64_microsoft.windows.common-controls_6595b64144ccf1df_6.0.22621.3235_none_270f74e173860f98;C:\Program Files\Android\Android Studio\jbr\bin\server;C:\Users\minhm\.gradle\native\68d5fa5c4cc2d200863cafc0d521ce42e7d3e7ee720ec0a83991735586a16f82\windows-amd64;C:\Users\minhm\.gradle\native\e376f236ea51e6404a007f0833ffe2c6e607c4080706a723a18a27aeea778392\windows-amd64

VM Arguments:
jvm_args: --add-opens=java.base/java.util=ALL-UNNAMED --add-opens=java.base/java.lang=ALL-UNNAMED --add-opens=java.base/java.lang.invoke=ALL-UNNAMED --add-opens=java.prefs/java.util.prefs=ALL-UNNAMED --add-opens=java.base/java.nio.charset=ALL-UNNAMED --add-opens=java.base/java.net=ALL-UNNAMED --add-opens=java.base/java.util.concurrent.atomic=ALL-UNNAMED -Xmx2048m -Dfile.encoding=UTF-8 -Duser.country=US -Duser.language=en -Duser.variant -javaagent:C:\Users\minhm\.gradle\wrapper\dists\gradle-8.2-bin\bbg7u40eoinfdyxsxr3z4i7ta\gradle-8.2\lib\agents\gradle-instrumentation-agent-8.2.jar 
java_command: org.gradle.launcher.daemon.bootstrap.GradleDaemon 8.2
java_class_path (initial): C:\Users\minhm\.gradle\wrapper\dists\gradle-8.2-bin\bbg7u40eoinfdyxsxr3z4i7ta\gradle-8.2\lib\gradle-launcher-8.2.jar
Launcher Type: SUN_STANDARD

[Global flags]
     intx CICompilerCount                          = 4                                         {product} {ergonomic}
     uint ConcGCThreads                            = 2                                         {product} {ergonomic}
     uint G1ConcRefinementThreads                  = 8                                         {product} {ergonomic}
   size_t G1HeapRegionSize                         = 1048576                                   {product} {ergonomic}
    uintx GCDrainStackTargetSize                   = 64                                        {product} {ergonomic}
   size_t InitialHeapSize                          = 264241152                                 {product} {ergonomic}
   size_t MarkStackSize                            = 4194304                                   {product} {ergonomic}
   size_t MaxHeapSize                              = 2147483648                                {product} {command line}
   size_t MaxNewSize                               = 1287651328                                {product} {ergonomic}
   size_t MinHeapDeltaBytes                        = 1048576                                   {product} {ergonomic}
   size_t MinHeapSize                              = 8388608                                   {product} {ergonomic}
    uintx NonNMethodCodeHeapSize                   = 5839372                                {pd product} {ergonomic}
    uintx NonProfiledCodeHeapSize                  = 122909434                              {pd product} {ergonomic}
    uintx ProfiledCodeHeapSize                     = 122909434                              {pd product} {ergonomic}
    uintx ReservedCodeCacheSize                    = 251658240                              {pd product} {ergonomic}
     bool SegmentedCodeCache                       = true                                      {product} {ergonomic}
   size_t SoftMaxHeapSize                          = 2147483648                             {manageable} {ergonomic}
     bool UseCompressedClassPointers               = true                           {product lp64_product} {ergonomic}
     bool UseCompressedOops                        = true                           {product lp64_product} {ergonomic}
     bool UseG1GC                                  = true                                      {product} {ergonomic}
     bool UseLargePagesIndividualAllocation        = false                                  {pd product} {ergonomic}

Logging:
Log output configuration:
 #0: stdout all=warning uptime,level,tags
 #1: stderr all=off uptime,level,tags

Environment Variables:
JAVA_HOME=C:\Program Files\Java\jdk-21
CLASSPATH=C:\Program Files\Java\jdk-21\lib
PATH="C:\Program Files\Java\jdk-21\bin;";C:\Program Files\Common Files\Oracle\Java\javapath;C:\Program Files\Microsoft\jdk-11.0.16.101-hotspot\bin;C:\WINDOWS\system32;C:\WINDOWS;C:\WINDOWS\System32\Wbem;C:\WINDOWS\System32\WindowsPowerShell\v1.0\;C:\WINDOWS\System32\OpenSSH\;C:\Program Files\Microsoft SQL Server\150\Tools\Binn\;C:\Program Files\Microsoft SQL Server\Client SDK\ODBC\170\Tools\Binn\;C:\Program Files (x86)\Microsoft SQL Server\160\Tools\Binn\;C:\Program Files\Microsoft SQL Server\160\Tools\Binn\;C:\Program Files\Microsoft SQL Server\160\DTS\Binn\;C:\Program Files (x86)\Microsoft SQL Server\160\DTS\Binn\;C:\Program Files\Azure Data Studio\bin;C:\MinGW\bin;C:\Program Files\Git\cmd;C:\Program Files\Java\jdk-21\bin;D:\VScode\Microsoft VS Code\bin
USERNAME=minhm
OS=Windows_NT
PROCESSOR_IDENTIFIER=Intel64 Family 6 Model 140 Stepping 1, GenuineIntel
TMP=C:\Users\minhm\AppData\Local\Temp
TEMP=C:\Users\minhm\AppData\Local\Temp


JNI global refs:
JNI global refs: 27, weak refs: 0

JNI global refs memory usage: 843, weak refs: 841

OOME stack traces (most recent first):
Classloader memory used:
Loader org.gradle.internal.classloader.VisitableURLClassLoader                         : 4830K
Loader org.gradle.internal.classloader.VisitableURLClassLoader$InstrumentingVisitableURLClassLoader: 3802K
Loader bootstrap                                                                       : 3221K
Loader org.gradle.initialization.MixInLegacyTypesClassLoader                           : 1362K
Loader jdk.internal.loader.ClassLoaders$AppClassLoader                                 : 799K
Loader jdk.internal.reflect.DelegatingClassLoader                                      : 98225B
Loader jdk.internal.loader.ClassLoaders$PlatformClassLoader                            : 85635B
Loader org.gradle.groovy.scripts.internal.DefaultScriptCompilationHandler$ScriptClassLoader: 3067B
Loader org.gradle.internal.classloader.VisitableURLClassLoader                         : 2389B
Loader org.codehaus.groovy.runtime.callsite.CallSiteClassLoader                        : 802B
Loader java.net.URLClassLoader                                                         : 526B
Loader sun.reflect.misc.MethodUtil                                                     : 373B

Classes loaded by more than one classloader:
Class Program                                                                         : loaded 5 times (x 70B)
Class org.gradle.internal.installation.GradleInstallation                             : loaded 2 times (x 73B)
Class com.google.common.collect.Iterators$MergingIterator                             : loaded 2 times (x 79B)
Class com.google.common.io.Closer$SuppressingSuppressor                               : loaded 2 times (x 73B)
Class org.objectweb.asm.ModuleVisitor                                                 : loaded 2 times (x 78B)
Class com.google.common.io.ByteSource                                                 : loaded 2 times (x 82B)
Class com.google.common.collect.Maps$IteratorBasedAbstractMap$1                       : loaded 2 times (x 136B)
Class [Lcom.google.common.collect.AbstractMapEntry;                                   : loaded 2 times (x 67B)
Class com.google.common.collect.SingletonImmutableList                                : loaded 2 times (x 167B)
Class com.google.common.cache.CacheLoader$SupplierToCacheLoader                       : loaded 2 times (x 73B)
Class org.gradle.internal.classpath.ClassPath                                         : loaded 2 times (x 68B)
Class com.google.common.io.FileWriteMode                                              : loaded 2 times (x 77B)
Class com.google.common.cache.RemovalListener                                         : loaded 2 times (x 68B)
Class org.gradle.api.internal.classpath.DefaultModuleRegistry                         : loaded 2 times (x 84B)
Class com.google.common.collect.FluentIterable$1                                      : loaded 2 times (x 79B)
Class com.google.common.collect.FluentIterable$2                                      : loaded 2 times (x 79B)
Class com.google.common.collect.FluentIterable$3                                      : loaded 2 times (x 79B)
Class Settings_gradle$1$1                                                             : loaded 2 times (x 72B)
Class com.google.common.collect.ImmutableEnumSet                                      : loaded 2 times (x 144B)
Class com.google.common.collect.ListMultimap                                          : loaded 2 times (x 68B)
Class com.google.common.base.CharMatcher$JavaDigit                                    : loaded 2 times (x 109B)
Class com.google.common.base.CharMatcher$Digit                                        : loaded 2 times (x 110B)
Class com.google.common.collect.AbstractMultimap                                      : loaded 2 times (x 121B)
Class com.google.common.io.ByteSource$ConcatenatedByteSource                          : loaded 2 times (x 83B)
Class com.google.common.cache.CacheBuilder$OneWeigher                                 : loaded 2 times (x 80B)
Class org.gradle.api.Action                                                           : loaded 2 times (x 68B)
Class com.google.common.io.ByteSource$SlicedByteSource                                : loaded 2 times (x 83B)
Class com.google.common.io.ByteArrayDataOutput                                        : loaded 2 times (x 68B)
Class com.google.common.collect.ImmutableEntry                                        : loaded 2 times (x 80B)
Class com.google.common.collect.Lists$StringAsImmutableList                           : loaded 2 times (x 167B)
Class com.google.common.cache.LocalCache$StrongEntry                                  : loaded 2 times (x 106B)
Class org.objectweb.asm.FieldWriter                                                   : loaded 2 times (x 75B)
Class com.google.common.base.CharMatcher                                              : loaded 2 times (x 109B)
Class com.google.common.base.CharMatcher$IsNot                                        : loaded 2 times (x 109B)
Class com.google.common.collect.Maps$IteratorBasedAbstractMap                         : loaded 2 times (x 123B)
Class com.google.common.base.Splitter                                                 : loaded 2 times (x 70B)
Class [Lcom.google.common.cache.Weigher;                                              : loaded 2 times (x 67B)
Class com.google.common.collect.Iterators$ArrayItr                                    : loaded 2 times (x 95B)
Class com.google.common.cache.LocalCache$Segment                                      : loaded 2 times (x 152B)
Class org.gradle.api.internal.DefaultClassPathProvider                                : loaded 2 times (x 74B)
Class org.gradle.internal.installation.GradleInstallation$1                           : loaded 2 times (x 73B)
Class com.google.common.cache.LocalCache$AbstractReferenceEntry                       : loaded 2 times (x 105B)
Class org.objectweb.asm.Type                                                          : loaded 2 times (x 70B)
Class com.google.common.util.concurrent.AbstractFuture$Failure                        : loaded 2 times (x 70B)
Class com.google.common.base.CharMatcher$BitSetMatcher                                : loaded 2 times (x 110B)
Class com.google.common.collect.ImmutableMap$IteratorBasedImmutableMap                : loaded 2 times (x 123B)
Class com.google.common.reflect.Reflection                                            : loaded 2 times (x 69B)
Class com.google.common.io.Files$FileByteSource                                       : loaded 2 times (x 83B)
Class com.google.common.collect.ImmutableMap                                          : loaded 2 times (x 118B)
Class com.google.common.base.Converter                                                : loaded 2 times (x 88B)
Class com.google.common.collect.ImmutableSet$EmptySetBuilderImpl                      : loaded 2 times (x 74B)
Class com.google.common.base.Equivalence                                              : loaded 2 times (x 80B)
Class com.google.common.primitives.Ints                                               : loaded 2 times (x 69B)
Class com.google.common.cache.LocalCache$EntryFactory$1                               : loaded 2 times (x 81B)
Class com.google.common.cache.LocalCache$EntryFactory$2                               : loaded 2 times (x 81B)
Class com.google.common.cache.LocalCache$EntryFactory$3                               : loaded 2 times (x 81B)
Class [Lcom.google.common.collect.Maps$EntryFunction;                                 : loaded 2 times (x 67B)
Class com.google.common.cache.LocalCache$EntryFactory$4                               : loaded 2 times (x 81B)
Class com.google.common.cache.LocalCache$EntryFactory$5                               : loaded 2 times (x 81B)
Class com.google.common.cache.LocalCache$EntryFactory$6                               : loaded 2 times (x 81B)
Class com.google.common.reflect.TypeResolver$TypeVariableKey                          : loaded 2 times (x 70B)
Class com.google.common.cache.LocalCache$EntryFactory$7                               : loaded 2 times (x 81B)
Class com.google.common.cache.LocalCache$EntryFactory$8                               : loaded 2 times (x 81B)
Class com.google.common.base.Predicate                                                : loaded 2 times (x 68B)
Class com.google.common.cache.LocalCache$StrongValueReference                         : loaded 2 times (x 88B)
Class org.gradle.internal.classloader.FilteringClassLoader                            : loaded 2 times (x 102B)
Class com.google.common.reflect.TypeResolver$TypeTable                                : loaded 2 times (x 71B)
Class com.google.common.reflect.Invokable$MethodInvokable                             : loaded 2 times (x 103B)
Class com.google.common.collect.RegularImmutableSet                                   : loaded 2 times (x 146B)
Class [Lcom.google.common.cache.LocalCache$Strength;                                  : loaded 2 times (x 67B)
Class org.gradle.internal.classpath.DefaultClassPath$ImmutableUniqueList$Builder      : loaded 2 times (x 73B)
Class com.google.common.collect.Maps$8                                                : loaded 2 times (x 80B)
Class com.google.common.base.PatternCompiler                                          : loaded 2 times (x 68B)
Class [Lcom.google.common.cache.CacheBuilder$NullListener;                            : loaded 2 times (x 67B)
Class com.google.common.base.CharMatcher$InRange                                      : loaded 2 times (x 109B)
Class com.google.common.collect.Maps$KeySet                                           : loaded 2 times (x 135B)
Class com.google.common.collect.Sets$SetView                                          : loaded 2 times (x 136B)
Class com.google.common.collect.BiMap                                                 : loaded 2 times (x 68B)
Class com.google.common.collect.Lists                                                 : loaded 2 times (x 69B)
Class org.objectweb.asm.AnnotationWriter                                              : loaded 2 times (x 76B)
Class com.google.common.math.IntMath$1                                                : loaded 2 times (x 69B)
Class org.gradle.internal.classloader.ClassLoaderVisitor                              : loaded 2 times (x 74B)
Class [Lcom.google.common.collect.HashBiMap$BiEntry;                                  : loaded 2 times (x 67B)
Class org.objectweb.asm.Label                                                         : loaded 2 times (x 71B)
Class com.google.common.cache.CacheBuilder$NullListener                               : loaded 2 times (x 80B)
Class com.google.common.math.MathPreconditions                                        : loaded 2 times (x 69B)
Class com.google.common.io.ByteStreams$1                                              : loaded 2 times (x 83B)
Class org.gradle.internal.service.DefaultServiceLocator                               : loaded 2 times (x 81B)
Class org.gradle.internal.service.UnknownServiceException                             : loaded 2 times (x 81B)
Class com.google.common.util.concurrent.AbstractFuture$SynchronizedHelper             : loaded 2 times (x 76B)
Class com.google.common.collect.ArrayListMultimap                                     : loaded 2 times (x 170B)
Class com.google.common.collect.Collections2$FilteredCollection                       : loaded 2 times (x 117B)
Class com.google.common.base.Strings                                                  : loaded 2 times (x 69B)
Class com.google.common.io.Closer                                                     : loaded 2 times (x 76B)
Class com.google.common.cache.CacheLoader$InvalidCacheLoadException                   : loaded 2 times (x 80B)
Class org.gradle.internal.classloader.DefaultClassLoaderFactory                       : loaded 2 times (x 80B)
Class com.google.common.collect.UnmodifiableIterator                                  : loaded 2 times (x 78B)
Class com.google.common.base.Stopwatch                                                : loaded 2 times (x 70B)
Class com.google.common.reflect.Types                                                 : loaded 2 times (x 69B)
Class com.google.common.base.Platform$JdkPatternCompiler                              : loaded 2 times (x 73B)
Class com.google.common.cache.LocalCache$LoadingValueReference                        : loaded 2 times (x 94B)
Class com.google.common.base.CharMatcher$SingleWidth                                  : loaded 2 times (x 110B)
Class com.google.common.collect.Hashing                                               : loaded 2 times (x 69B)
Class com.google.common.io.ByteStreams$LimitedInputStream                             : loaded 2 times (x 90B)
Class [Lcom.google.common.reflect.Types$ClassOwnership;                               : loaded 2 times (x 67B)
Class com.google.common.base.JdkPattern                                               : loaded 2 times (x 73B)
Class com.google.common.base.Optional                                                 : loaded 2 times (x 78B)
Class com.google.common.collect.Multimap                                              : loaded 2 times (x 68B)
Class com.google.common.base.FunctionalEquivalence                                    : loaded 2 times (x 81B)
Class org.objectweb.asm.AnnotationVisitor                                             : loaded 2 times (x 75B)
Class org.objectweb.asm.RecordComponentWriter                                         : loaded 2 times (x 76B)
Class com.google.common.cache.LocalCache$1                                            : loaded 2 times (x 87B)
Class com.google.common.cache.LocalCache$2                                            : loaded 2 times (x 140B)
Class com.google.common.collect.RegularImmutableBiMap                                 : loaded 2 times (x 146B)
Class org.gradle.internal.classloader.VisitableURLClassLoader$Spec                    : loaded 2 times (x 72B)
Class org.gradle.api.GradleException                                                  : loaded 2 times (x 80B)
Class com.google.common.base.CharMatcher$JavaLetterOrDigit                            : loaded 2 times (x 109B)
Class org.gradle.api.internal.classpath.ModuleRegistry                                : loaded 2 times (x 68B)
Class com.google.common.collect.ForwardingObject                                      : loaded 2 times (x 70B)
Class com.google.common.reflect.TypeToken$1                                           : loaded 2 times (x 106B)
Class com.google.common.cache.CacheBuilder                                            : loaded 2 times (x 70B)
Class com.google.common.reflect.TypeToken$2                                           : loaded 2 times (x 106B)
Class org.objectweb.asm.ByteVector                                                    : loaded 2 times (x 76B)
Class com.google.common.collect.ImmutableCollection                                   : loaded 2 times (x 123B)
Class com.google.common.base.PairwiseEquivalence                                      : loaded 2 times (x 81B)
Class com.google.common.base.Ticker                                                   : loaded 2 times (x 70B)
Class org.gradle.api.internal.ClassPathProvider                                       : loaded 2 times (x 68B)
Class com.google.common.base.Ascii                                                    : loaded 2 times (x 69B)
Class com.google.common.collect.RegularImmutableMap$Values                            : loaded 2 times (x 167B)
Class org.objectweb.asm.ModuleWriter                                                  : loaded 2 times (x 79B)
Class org.gradle.internal.classloader.ClasspathUtil$1                                 : loaded 2 times (x 74B)
Class com.google.common.io.ByteSource$AsCharSource                                    : loaded 2 times (x 84B)
Class com.google.common.collect.ImmutableEnumMap                                      : loaded 2 times (x 123B)
Class com.google.common.collect.ForwardingMap                                         : loaded 2 times (x 130B)
Class com.google.common.collect.ImmutableList$ReverseImmutableList                    : loaded 2 times (x 168B)
Class com.google.common.cache.AbstractCache$StatsCounter                              : loaded 2 times (x 68B)
Class com.google.common.collect.Maps$EntryFunction$1                                  : loaded 2 times (x 89B)
Class com.google.common.collect.Maps$EntryFunction$2                                  : loaded 2 times (x 89B)
Class org.objectweb.asm.FieldVisitor                                                  : loaded 2 times (x 74B)
Class org.objectweb.asm.Symbol                                                        : loaded 2 times (x 71B)
Class com.google.common.reflect.TypeToken                                             : loaded 2 times (x 71B)
Class com.google.common.cache.LocalCache$Strength$1                                   : loaded 2 times (x 79B)
Class com.google.common.cache.LocalCache$Strength$2                                   : loaded 2 times (x 79B)
Class com.google.common.cache.LocalCache$Strength$3                                   : loaded 2 times (x 79B)
Class org.gradle.internal.classloader.ClassLoaderFactory                              : loaded 2 times (x 68B)
Class com.google.common.collect.ObjectArrays                                          : loaded 2 times (x 69B)
Class com.google.common.base.Absent                                                   : loaded 2 times (x 78B)
Class com.google.common.util.concurrent.AbstractFuture$Waiter                         : loaded 2 times (x 70B)
Class com.google.common.util.concurrent.Uninterruptibles                              : loaded 2 times (x 69B)
Class com.google.common.collect.Iterators$10                                          : loaded 2 times (x 79B)
Class com.google.common.collect.ImmutableList                                         : loaded 2 times (x 166B)
Class org.gradle.api.internal.classpath.ManifestUtil                                  : loaded 2 times (x 69B)
Class org.gradle.api.specs.Spec                                                       : loaded 2 times (x 68B)
Class com.google.common.cache.CacheLoader$UnsupportedLoadingOperationException        : loaded 2 times (x 80B)
Class com.google.common.base.CharMatcher$Whitespace                                   : loaded 2 times (x 110B)
Class com.google.common.util.concurrent.ListenableFuture                              : loaded 2 times (x 68B)
Class com.google.common.collect.Iterators$1                                           : loaded 2 times (x 79B)
Class com.google.common.collect.Iterators$4                                           : loaded 2 times (x 80B)
Class com.google.common.collect.RegularImmutableMap$BucketOverflowException           : loaded 2 times (x 80B)
Class com.google.common.collect.Iterators$5                                           : loaded 2 times (x 80B)
Class com.google.common.collect.Iterators$6                                           : loaded 2 times (x 79B)
Class com.google.common.util.concurrent.AbstractFuture$UnsafeAtomicHelper             : loaded 2 times (x 76B)
Class com.google.common.base.Joiner                                                   : loaded 2 times (x 77B)
Class com.google.common.base.Equivalence$Equals                                       : loaded 2 times (x 80B)
Class com.google.common.base.Preconditions                                            : loaded 2 times (x 69B)
Class com.google.common.base.Function                                                 : loaded 2 times (x 68B)
Class com.google.common.collect.Iterators$9                                           : loaded 2 times (x 79B)
Class org.gradle.internal.IoActions                                                   : loaded 2 times (x 69B)
Class com.google.common.cache.ReferenceEntry                                          : loaded 2 times (x 68B)
Class com.google.common.collect.RegularImmutableMap$KeySet                            : loaded 2 times (x 148B)
Class com.google.common.collect.CollectPreconditions                                  : loaded 2 times (x 69B)
Class [Lcom.google.common.base.Function;                                              : loaded 2 times (x 67B)
Class com.google.common.primitives.IntsMethodsForWeb                                  : loaded 2 times (x 69B)
Class com.google.common.collect.Maps                                                  : loaded 2 times (x 69B)
Class com.google.common.collect.RegularImmutableMap                                   : loaded 2 times (x 119B)
Class com.google.common.collect.AbstractIndexedListIterator                           : loaded 2 times (x 94B)
Class com.google.common.base.CharMatcher$None                                         : loaded 2 times (x 110B)
Class org.gradle.api.internal.classpath.EffectiveClassPath                            : loaded 2 times (x 88B)
Class com.google.common.collect.UnmodifiableListIterator                              : loaded 2 times (x 93B)
Class com.google.common.io.Files                                                      : loaded 2 times (x 69B)
Class com.google.common.cache.CacheLoader$FunctionToCacheLoader                       : loaded 2 times (x 73B)
Class com.google.common.cache.CacheBuilder$1                                          : loaded 2 times (x 83B)
Class com.google.common.cache.CacheBuilder$2                                          : loaded 2 times (x 77B)
Class com.google.common.collect.ImmutableList$1                                       : loaded 2 times (x 95B)
Class com.google.common.base.Splitter$Strategy                                        : loaded 2 times (x 68B)
Class com.google.common.cache.CacheBuilder$3                                          : loaded 2 times (x 70B)
Class com.google.common.collect.ImmutableMapEntrySet$RegularEntrySet                  : loaded 2 times (x 149B)
Class com.google.common.base.Predicates$CompositionPredicate                          : loaded 2 times (x 86B)
Class [Lcom.google.common.cache.RemovalListener;                                      : loaded 2 times (x 67B)
Class [Lcom.google.common.collect.ImmutableMapEntry;                                  : loaded 2 times (x 67B)
Class org.gradle.internal.installation.CurrentGradleInstallation                      : loaded 2 times (x 71B)
Class org.gradle.internal.agents.InstrumentingClassLoader                             : loaded 2 times (x 68B)
Class org.gradle.internal.installation.CurrentGradleInstallationLocator               : loaded 2 times (x 69B)
Class [Lcom.google.common.cache.LocalCache$Segment;                                   : loaded 2 times (x 67B)
Class org.gradle.api.internal.classpath.Module                                        : loaded 2 times (x 68B)
Class com.google.common.io.ByteSource$ByteArrayByteSource                             : loaded 2 times (x 83B)
Class com.google.common.base.Splitter$1$1                                             : loaded 2 times (x 84B)
Class com.google.common.collect.ImmutableSet$JdkBackedSetBuilderImpl                  : loaded 2 times (x 74B)
Class com.google.common.reflect.Types$TypeVariableInvocationHandler                   : loaded 2 times (x 73B)
Class com.google.common.reflect.Types$ClassOwnership                                  : loaded 2 times (x 78B)
Class com.google.common.collect.ImmutableSet$RegularSetBuilderImpl                    : loaded 2 times (x 75B)
Class [Lorg.objectweb.asm.AnnotationWriter;                                           : loaded 2 times (x 67B)
Class org.gradle.internal.service.CachingServiceLocator                               : loaded 2 times (x 80B)
Class [Lcom.google.common.collect.ImmutableEntry;                                     : loaded 2 times (x 67B)
Class com.google.common.collect.Sets$ImprovedAbstractSet                              : loaded 2 times (x 133B)
Class org.gradle.internal.classpath.DefaultClassPath                                  : loaded 2 times (x 88B)
Class com.google.common.util.concurrent.AbstractFuture$SetFuture                      : loaded 2 times (x 73B)
Class com.google.common.collect.TransformedIterator                                   : loaded 2 times (x 78B)
Class com.google.common.base.Splitter$SplittingIterator                               : loaded 2 times (x 82B)
Class com.google.common.reflect.TypeParameter                                         : loaded 2 times (x 70B)
Class com.google.common.cache.LocalCache$LocalManualCache$1                           : loaded 2 times (x 73B)
Class Build_gradle$1                                                                  : loaded 2 times (x 72B)
Class Build_gradle$2                                                                  : loaded 2 times (x 76B)
Class com.google.common.reflect.Types$ClassOwnership$1LocalClass                      : loaded 2 times (x 69B)
Class com.google.common.collect.Lists$RandomAccessReverseList                         : loaded 2 times (x 160B)
Class [Lcom.google.common.collect.AbstractIterator$State;                             : loaded 2 times (x 67B)
Class org.objectweb.asm.SymbolTable$Entry                                             : loaded 2 times (x 72B)
Class [Lcom.google.common.cache.LocalCache$EntryFactory;                              : loaded 2 times (x 67B)
Class com.google.common.base.CharMatcher$Is                                           : loaded 2 times (x 109B)
Class com.google.common.collect.Maps$AbstractFilteredMap                              : loaded 2 times (x 125B)
Class com.google.common.base.Platform                                                 : loaded 2 times (x 69B)
Class com.google.common.collect.RegularImmutableAsList                                : loaded 2 times (x 176B)
Class com.google.common.collect.PeekingIterator                                       : loaded 2 times (x 68B)
Class com.google.common.reflect.TypeResolver$TypeTable$1                              : loaded 2 times (x 71B)
Class com.google.common.collect.ImmutableMapEntrySet                                  : loaded 2 times (x 149B)
Class com.google.common.cache.CacheLoader                                             : loaded 2 times (x 72B)
Class com.google.common.collect.ImmutableBiMapFauxverideShim                          : loaded 2 times (x 118B)
Class org.objectweb.asm.MethodTooLargeException                                       : loaded 2 times (x 81B)
Class com.google.common.cache.Cache                                                   : loaded 2 times (x 68B)
Class com.google.common.collect.Maps$EntrySet                                         : loaded 2 times (x 134B)
Class org.gradle.internal.classloader.SystemClassLoaderSpec                           : loaded 2 times (x 69B)
Class com.google.common.util.concurrent.internal.InternalFutureFailureAccess          : loaded 2 times (x 70B)
Class com.google.common.base.Charsets                                                 : loaded 2 times (x 69B)
Class com.google.common.primitives.Ints$IntConverter                                  : loaded 2 times (x 88B)
Class com.google.common.collect.SingletonImmutableSet                                 : loaded 2 times (x 144B)
Class com.google.common.reflect.Types$TypeVariableImpl                                : loaded 2 times (x 70B)
Class [Lcom.google.common.base.AbstractIterator$State;                                : loaded 2 times (x 67B)
Class com.google.common.collect.ImmutableMap$Builder                                  : loaded 2 times (x 80B)
Class com.google.common.base.AbstractIterator                                         : loaded 2 times (x 78B)
Class org.objectweb.asm.ClassWriter                                                   : loaded 2 times (x 102B)
Class com.google.common.base.AbstractIterator$1                                       : loaded 2 times (x 69B)
Class [Lcom.google.common.cache.CacheBuilder$OneWeigher;                              : loaded 2 times (x 67B)
Class com.google.common.collect.Iterators                                             : loaded 2 times (x 69B)
Class com.google.common.base.CharMatcher$1                                            : loaded 2 times (x 111B)
Class com.google.common.base.CharMatcher$Ascii                                        : loaded 2 times (x 110B)
Class com.google.common.cache.LocalCache$ComputingValueReference                      : loaded 2 times (x 94B)
Class com.google.common.collect.ImmutableList$SerializedForm                          : loaded 2 times (x 71B)
Class org.gradle.api.UncheckedIOException                                             : loaded 2 times (x 80B)
Class com.google.common.base.CharMatcher$And                                          : loaded 2 times (x 110B)
Class [Lcom.google.common.io.FileWriteMode;                                           : loaded 2 times (x 67B)
Class com.google.common.io.Files$FileByteSink                                         : loaded 2 times (x 75B)
Class com.google.common.collect.IndexedImmutableSet                                   : loaded 2 times (x 148B)
Class com.google.common.base.ExtraObjectsMethodsForWeb                                : loaded 2 times (x 69B)
Class com.google.common.collect.IndexedImmutableSet$1                                 : loaded 2 times (x 172B)
Class com.google.common.collect.AbstractListMultimap                                  : loaded 2 times (x 170B)
Class com.google.common.base.CharMatcher$Any                                          : loaded 2 times (x 110B)
Class com.google.common.reflect.TypeCapture                                           : loaded 2 times (x 69B)
Class com.google.common.cache.LocalCache$Strength                                     : loaded 2 times (x 79B)
Class com.google.common.collect.AbstractMapBasedMultimap$KeySet                       : loaded 2 times (x 135B)
Class com.google.common.collect.ArrayListMultimapGwtSerializationDependencies         : loaded 2 times (x 170B)
Class com.google.common.base.CharMatcher$RangesMatcher                                : loaded 2 times (x 110B)
Class org.objectweb.asm.Handler                                                       : loaded 2 times (x 70B)
Class com.google.common.collect.ImmutableList$SubList                                 : loaded 2 times (x 168B)
Class com.google.common.cache.LocalCache$ValueReference                               : loaded 2 times (x 68B)
Class com.google.common.collect.CollectSpliterators                                   : loaded 2 times (x 69B)
Class org.gradle.internal.classloader.ClasspathUtil                                   : loaded 2 times (x 69B)
Class org.objectweb.asm.CurrentFrame                                                  : loaded 2 times (x 71B)
Class com.google.common.util.concurrent.AbstractFuture                                : loaded 2 times (x 93B)
Class com.google.common.reflect.TypeResolver                                          : loaded 2 times (x 70B)
Class com.google.common.base.Splitter$1                                               : loaded 2 times (x 75B)
Class com.google.common.base.Ticker$1                                                 : loaded 2 times (x 70B)
Class com.google.common.collect.Maps$BiMapConverter                                   : loaded 2 times (x 88B)
Class org.gradle.api.internal.DefaultClassPathRegistry                                : loaded 2 times (x 74B)
Class com.google.common.collect.AbstractIterator$State                                : loaded 2 times (x 77B)
Class [Lorg.objectweb.asm.Symbol;                                                     : loaded 2 times (x 67B)
Class com.google.common.util.concurrent.AbstractFuture$Cancellation                   : loaded 2 times (x 70B)
Class com.google.common.base.Predicates                                               : loaded 2 times (x 69B)
Class com.google.common.collect.ImmutableSet$SetBuilderImpl                           : loaded 2 times (x 74B)
Class org.gradle.api.internal.classpath.DefaultModuleRegistry$DefaultModule           : loaded 2 times (x 84B)
Class com.google.common.base.CharMatcher$JavaIsoControl                               : loaded 2 times (x 110B)
Class com.google.common.collect.ImmutableMap$1                                        : loaded 2 times (x 79B)
Class com.google.common.base.CharMatcher$Or                                           : loaded 2 times (x 110B)
Class com.google.common.base.Suppliers$SupplierOfInstance                             : loaded 2 times (x 77B)
Class org.objectweb.asm.RecordComponentVisitor                                        : loaded 2 times (x 75B)
Class com.google.common.reflect.Types$ClassOwnership$1                                : loaded 2 times (x 78B)
Class com.google.common.reflect.Invokable                                             : loaded 2 times (x 99B)
Class com.google.common.reflect.Types$ClassOwnership$2                                : loaded 2 times (x 78B)
Class com.google.common.reflect.Types$ClassOwnership$3                                : loaded 2 times (x 69B)
Class com.google.common.cache.LocalCache$HashIterator                                 : loaded 2 times (x 84B)
Class com.google.common.collect.Iterables                                             : loaded 2 times (x 69B)
Class com.google.common.base.CharMatcher$JavaLowerCase                                : loaded 2 times (x 109B)
Class com.google.common.cache.LocalCache$WriteThroughEntry                            : loaded 2 times (x 77B)
Class org.objectweb.asm.ClassTooLargeException                                        : loaded 2 times (x 81B)
Class org.gradle.api.internal.classpath.UnknownModuleException                        : loaded 2 times (x 80B)
Class com.google.common.collect.FluentIterable                                        : loaded 2 times (x 79B)
Class com.google.common.util.concurrent.AbstractFuture$Listener                       : loaded 2 times (x 70B)
Class com.google.common.collect.Iterables$5                                           : loaded 2 times (x 79B)
Class org.objectweb.asm.Edge                                                          : loaded 2 times (x 70B)
Class com.google.common.collect.Maps$EntryTransformer                                 : loaded 2 times (x 68B)
Class com.google.common.collect.ImmutableCollection$Builder                           : loaded 2 times (x 74B)
Class com.google.common.io.ByteArrayDataInput                                         : loaded 2 times (x 68B)
Class [Lorg.objectweb.asm.SymbolTable$Entry;                                          : loaded 2 times (x 67B)
Class com.google.common.reflect.Types$JavaVersion                                     : loaded 2 times (x 81B)
Class com.google.common.collect.SingletonImmutableBiMap                               : loaded 2 times (x 141B)
Class com.google.common.base.CommonPattern                                            : loaded 2 times (x 72B)
Class com.google.common.base.Suppliers                                                : loaded 2 times (x 69B)
Class org.objectweb.asm.ClassVisitor                                                  : loaded 2 times (x 85B)
Class com.google.common.cache.LoadingCache                                            : loaded 2 times (x 68B)
Class org.gradle.internal.service.ServiceLookupException                              : loaded 2 times (x 80B)
Class org.gradle.cache.GlobalCache                                                    : loaded 2 times (x 68B)
Class com.google.common.base.Present                                                  : loaded 2 times (x 79B)
Class com.google.common.base.CharMatcher$NegatedFastMatcher                           : loaded 2 times (x 111B)
Class [Lorg.gradle.api.internal.ClassPathProvider;                                    : loaded 2 times (x 67B)
Class com.google.common.util.concurrent.AbstractFuture$SafeAtomicHelper               : loaded 2 times (x 77B)
Class org.gradle.util.internal.GUtil                                                  : loaded 2 times (x 69B)
Class com.google.common.math.IntMath                                                  : loaded 2 times (x 69B)
Class [Lcom.google.common.reflect.Types$JavaVersion;                                  : loaded 2 times (x 67B)
Class com.google.common.collect.AbstractIterator                                      : loaded 2 times (x 80B)
Class org.gradle.internal.classloader.ClassLoaderSpec                                 : loaded 2 times (x 69B)
Class com.google.common.io.LineProcessor                                              : loaded 2 times (x 68B)
Class com.google.common.base.NullnessCasts                                            : loaded 2 times (x 69B)
Class com.google.common.io.CharSink                                                   : loaded 2 times (x 77B)
Class org.objectweb.asm.Frame                                                         : loaded 2 times (x 71B)
Class com.google.common.cache.LocalCache$LocalManualCache                             : loaded 2 times (x 97B)
Class com.google.common.collect.AbstractMapEntry                                      : loaded 2 times (x 79B)
Class com.google.common.collect.ImmutableList$Builder                                 : loaded 2 times (x 75B)
Class com.google.common.base.CharMatcher$Negated                                      : loaded 2 times (x 111B)
Class com.google.common.cache.CacheLoader$1                                           : loaded 2 times (x 73B)
Class com.google.common.util.concurrent.AbstractFuture$TrustedFuture                  : loaded 2 times (x 95B)
Class com.google.common.collect.Maps$ViewCachingAbstractMap                           : loaded 2 times (x 123B)
Class com.google.common.collect.Sets                                                  : loaded 2 times (x 69B)
Class com.google.common.collect.ImmutableSet$Builder                                  : loaded 2 times (x 83B)
Class com.google.common.collect.Sets$FilteredSet                                      : loaded 2 times (x 135B)
Class com.google.common.base.CharMatcher$ForPredicate                                 : loaded 2 times (x 110B)
Class com.google.common.collect.ImmutableMap$MapViewOfValuesAsSingletonSets           : loaded 2 times (x 123B)
Class com.google.common.base.MoreObjects                                              : loaded 2 times (x 69B)
Class com.google.common.collect.SortedMapDifference                                   : loaded 2 times (x 68B)
Class org.objectweb.asm.SymbolTable                                                   : loaded 2 times (x 70B)
Class [Lorg.objectweb.asm.AnnotationVisitor;                                          : loaded 2 times (x 67B)
Class com.google.common.cache.CacheStats                                              : loaded 2 times (x 69B)
Class org.objectweb.asm.Attribute                                                     : loaded 2 times (x 75B)
Class org.gradle.internal.classloader.VisitableURLClassLoader                         : loaded 2 times (x 114B)
Class com.google.common.cache.LocalCache$LocalLoadingCache                            : loaded 2 times (x 132B)
Class com.google.common.base.Supplier                                                 : loaded 2 times (x 68B)
Class com.google.common.collect.HashBiMap$BiEntry                                     : loaded 2 times (x 81B)
Class com.google.common.base.Objects                                                  : loaded 2 times (x 69B)
Class com.google.common.util.concurrent.AbstractFuture$AtomicHelper                   : loaded 2 times (x 76B)
Class com.google.common.collect.ImmutableBiMap                                        : loaded 2 times (x 141B)
Class org.gradle.internal.Cast                                                        : loaded 2 times (x 69B)
Class com.google.common.hash.PrimitiveSink                                            : loaded 2 times (x 68B)
Class com.google.common.collect.NullnessCasts                                         : loaded 2 times (x 69B)
Class Build_gradle                                                                    : loaded 2 times (x 128B)
Class org.gradle.api.internal.ClassPathRegistry                                       : loaded 2 times (x 68B)
Class com.google.common.cache.LocalCache$EntryFactory                                 : loaded 2 times (x 81B)
Class com.google.common.util.concurrent.UncheckedExecutionException                   : loaded 2 times (x 80B)
Class com.google.common.collect.ImmutableSet                                          : loaded 2 times (x 143B)
Class org.gradle.internal.classloader.VisitableURLClassLoader$InstrumentingVisitableURLClassLoader: loaded 2 times (x 120B)
Class org.gradle.internal.classloader.ClassLoaderHierarchy                            : loaded 2 times (x 68B)
Class com.google.common.collect.Lists$ReverseList                                     : loaded 2 times (x 160B)
Class com.google.common.io.Closer$Suppressor                                          : loaded 2 times (x 68B)
Class [Lorg.objectweb.asm.Type;                                                       : loaded 2 times (x 67B)
Class com.google.common.collect.Lists$ReverseList$1                                   : loaded 2 times (x 97B)
Class com.google.common.base.AbstractIterator$State                                   : loaded 2 times (x 77B)
Class com.google.common.cache.Weigher                                                 : loaded 2 times (x 68B)
Class com.google.common.base.CharMatcher$NamedFastMatcher                             : loaded 2 times (x 110B)
Class org.gradle.internal.InternalTransformer                                         : loaded 2 times (x 68B)
Class org.gradle.internal.service.ServiceLocator                                      : loaded 2 times (x 68B)
Class Settings_gradle$1                                                               : loaded 2 times (x 72B)
Class com.google.common.util.concurrent.SettableFuture                                : loaded 2 times (x 95B)
Class com.google.common.io.Files$2                                                    : loaded 2 times (x 74B)
Class com.google.common.collect.ImmutableMapEntry                                     : loaded 2 times (x 83B)
Class com.google.common.reflect.Types$ParameterizedTypeImpl                           : loaded 2 times (x 79B)
Class com.google.common.collect.Maps$EntryFunction                                    : loaded 2 times (x 89B)
Class com.google.common.io.ByteStreams                                                : loaded 2 times (x 69B)
Class com.google.common.base.CharMatcher$Invisible                                    : loaded 2 times (x 110B)
Class com.google.common.base.Joiner$1                                                 : loaded 2 times (x 78B)
Class com.google.common.base.Joiner$2                                                 : loaded 2 times (x 77B)
Class com.google.common.collect.HashBiMap                                             : loaded 2 times (x 141B)
Class com.google.common.reflect.Types$JavaVersion$1                                   : loaded 2 times (x 81B)
Class com.google.common.base.CharMatcher$FastMatcher                                  : loaded 2 times (x 109B)
Class com.google.common.reflect.Types$JavaVersion$2                                   : loaded 2 times (x 81B)
Class com.google.common.reflect.Types$JavaVersion$3                                   : loaded 2 times (x 81B)
Class org.gradle.internal.classpath.DefaultClassPath$ImmutableUniqueList              : loaded 2 times (x 159B)
Class com.google.common.reflect.Types$JavaVersion$4                                   : loaded 2 times (x 81B)
Class com.google.common.reflect.Types$JavaVersion$5                                   : loaded 2 times (x 69B)
Class com.google.common.base.CharMatcher$JavaLetter                                   : loaded 2 times (x 109B)
Class org.gradle.internal.classpath.TransformedClassPath                              : loaded 2 times (x 94B)
Class com.google.common.collect.MapDifference                                         : loaded 2 times (x 68B)
Class com.google.common.reflect.TypeToken$SimpleTypeToken                             : loaded 2 times (x 71B)
Class com.google.common.io.ByteSource$EmptyByteSource                                 : loaded 2 times (x 83B)
Class com.google.common.collect.Sets$1                                                : loaded 2 times (x 137B)
Class com.google.common.collect.Sets$2                                                : loaded 2 times (x 137B)
Class com.google.common.util.concurrent.AbstractFuture$Trusted                        : loaded 2 times (x 68B)
Class com.google.common.collect.Sets$3                                                : loaded 2 times (x 137B)
Class com.google.common.graph.SuccessorsFunction                                      : loaded 2 times (x 68B)
Class com.google.common.collect.Sets$4                                                : loaded 2 times (x 137B)
Class com.google.common.reflect.Types$NativeTypeVariableEquals                        : loaded 2 times (x 69B)
Class Settings_gradle                                                                 : loaded 2 times (x 126B)
Class com.google.common.io.ByteSink                                                   : loaded 2 times (x 74B)
Class org.objectweb.asm.MethodWriter                                                  : loaded 2 times (x 103B)
Class com.google.common.collect.Platform                                              : loaded 2 times (x 69B)
Class com.google.common.collect.ImmutableAsList                                       : loaded 2 times (x 169B)
Class com.google.common.util.concurrent.ExecutionError                                : loaded 2 times (x 80B)
Class com.google.common.io.ByteSink$AsCharSink                                        : loaded 2 times (x 78B)
Class com.google.common.base.Equivalence$Identity                                     : loaded 2 times (x 80B)
Class com.google.common.base.CharMatcher$AnyOf                                        : loaded 2 times (x 110B)
Class com.google.common.base.CharMatcher$IsEither                                     : loaded 2 times (x 109B)
Class com.google.common.collect.AbstractIterator$1                                    : loaded 2 times (x 69B)
Class com.google.common.io.CharSource                                                 : loaded 2 times (x 83B)
Class com.google.common.cache.LocalCache                                              : loaded 2 times (x 185B)
Class com.google.common.collect.RegularImmutableList                                  : loaded 2 times (x 172B)
Class com.google.common.util.concurrent.AbstractFuture$UnsafeAtomicHelper$1           : loaded 2 times (x 74B)
Class com.google.common.base.CharMatcher$JavaUpperCase                                : loaded 2 times (x 109B)
Class com.google.common.collect.Multiset                                              : loaded 2 times (x 68B)
Class com.google.common.collect.ImmutableSet$CachingAsList                            : loaded 2 times (x 145B)
Class com.google.common.reflect.Invokable$ConstructorInvokable                        : loaded 2 times (x 103B)
Class org.objectweb.asm.MethodVisitor                                                 : loaded 2 times (x 102B)
Class com.google.common.collect.AbstractMapBasedMultimap$KeySet$1                     : loaded 2 times (x 80B)
Class com.google.common.collect.ImmutableMapEntry$NonTerminalImmutableMapEntry        : loaded 2 times (x 83B)
Class com.google.common.collect.AbstractMapBasedMultimap                              : loaded 2 times (x 137B)


---------------  S Y S T E M  ---------------

OS:
 Windows 11 , 64 bit Build 22621 (10.0.22621.3235)
OS uptime: 0 days 0:23 hours

CPU: total 8 (initial active 8) (4 cores per cpu, 2 threads per core) family 6 model 140 stepping 1 microcode 0xb4, cx8, cmov, fxsr, ht, mmx, 3dnowpref, sse, sse2, sse3, ssse3, sse4.1, sse4.2, popcnt, lzcnt, tsc, tscinvbit, avx, avx2, aes, erms, clmul, bmi1, bmi2, adx, avx512f, avx512dq, avx512cd, avx512bw, avx512vl, sha, fma, vzeroupper, avx512_vpopcntdq, avx512_vpclmulqdq, avx512_vaes, avx512_vnni, clflush, clflushopt, clwb, avx512_vbmi2, avx512_vbmi

Memory: 4k page, system-wide physical 16106M (2660M free)
TotalPageFile size 19106M (AvailPageFile size 319M)
current process WorkingSet (physical memory assigned to process): 664M, peak: 664M
current process commit charge ("private bytes"): 698M, peak: 1152M

vm_info: OpenJDK 64-Bit Server VM (17.0.7+0-b2043.56-10550314) for windows-amd64 JRE (17.0.7+0-b2043.56-10550314), built on Jul 24 2023 18:27:45 by "androidbuild" with MS VC++ 16.10 / 16.11 (VS2019)

END.
