#
# There is insufficient memory for the Java Runtime Environment to continue.
# Native memory allocation (mmap) failed to map 503316480 bytes for G1 virtual space
# Possible reasons:
#   The system is out of physical RAM or swap space
#   The process is running with CompressedOops enabled, and the Java Heap may be blocking the growth of the native heap
# Possible solutions:
#   Reduce memory load on the system
#   Increase physical memory or swap space
#   Check if swap backing store is full
#   Decrease Java heap size (-Xmx/-Xms)
#   Decrease number of Java threads
#   Decrease Java thread stack sizes (-Xss)
#   Set larger code cache with -XX:ReservedCodeCacheSize=
#   JVM is running with Unscaled Compressed Oops mode in which the Java heap is
#     placed in the first 4GB address space. The Java Heap base address is the
#     maximum limit for the native heap growth. Please use -XX:HeapBaseMinAddress
#     to set the Java Heap base and to place the Java Heap above 4GB virtual address.
# This output file may be truncated or incomplete.
#
#  Out of Memory Error (os_windows.cpp:3771), pid=13936, tid=23548
#
# JRE version: OpenJDK Runtime Environment (17.0.7) (build 17.0.7+0-b2043.56-10550314)
# Java VM: OpenJDK 64-Bit Server VM (17.0.7+0-b2043.56-10550314, mixed mode, tiered, compressed oops, compressed class ptrs, g1 gc, windows-amd64)
# No core dump will be written. Minidumps are not enabled by default on client versions of Windows
#

---------------  S U M M A R Y ------------

Command Line: --add-opens=java.base/java.util=ALL-UNNAMED --add-opens=java.base/java.lang=ALL-UNNAMED --add-opens=java.base/java.lang.invoke=ALL-UNNAMED --add-opens=java.prefs/java.util.prefs=ALL-UNNAMED --add-opens=java.base/java.nio.charset=ALL-UNNAMED --add-opens=java.base/java.net=ALL-UNNAMED --add-opens=java.base/java.util.concurrent.atomic=ALL-UNNAMED -Xmx2048m -Dfile.encoding=UTF-8 -Duser.country=US -Duser.language=en -Duser.variant -javaagent:C:\Users\minhm\.gradle\wrapper\dists\gradle-8.2-bin\bbg7u40eoinfdyxsxr3z4i7ta\gradle-8.2\lib\agents\gradle-instrumentation-agent-8.2.jar org.gradle.launcher.daemon.bootstrap.GradleDaemon 8.2

Host: 11th Gen Intel(R) Core(TM) i5-1135G7 @ 2.40GHz, 8 cores, 15G,  Windows 11 , 64 bit Build 22621 (10.0.22621.3235)
Time: Sun Apr  7 14:12:59 2024 SE Asia Standard Time elapsed time: 11.066432 seconds (0d 0h 0m 11s)

---------------  T H R E A D  ---------------

Current thread (0x0000027b3c125c50):  VMThread "VM Thread" [stack: 0x000000f247400000,0x000000f247500000] [id=23548]

Stack: [0x000000f247400000,0x000000f247500000]
Native frames: (J=compiled Java code, j=interpreted, Vv=VM code, C=native code)
V  [jvm.dll+0x683bfa]
V  [jvm.dll+0x8430a4]
V  [jvm.dll+0x8449be]
V  [jvm.dll+0x845023]
V  [jvm.dll+0x24ad2f]
V  [jvm.dll+0x680ac9]
V  [jvm.dll+0x67519a]
V  [jvm.dll+0x30b3cb]
V  [jvm.dll+0x312876]
V  [jvm.dll+0x36221e]
V  [jvm.dll+0x36244f]
V  [jvm.dll+0x2e14a8]
V  [jvm.dll+0x2df684]
V  [jvm.dll+0x2dec8c]
V  [jvm.dll+0x32382b]
V  [jvm.dll+0x8496eb]
V  [jvm.dll+0x84a424]
V  [jvm.dll+0x84a93d]
V  [jvm.dll+0x84ad14]
V  [jvm.dll+0x84ade0]
V  [jvm.dll+0x7f2aea]
V  [jvm.dll+0x682a35]
C  [ucrtbase.dll+0x29363]
C  [KERNEL32.DLL+0x1257d]
C  [ntdll.dll+0x5aa58]

VM_Operation (0x000000f2516fdf90): G1CollectForAllocation, mode: safepoint, requested by thread 0x0000027b479ffe40


---------------  P R O C E S S  ---------------

Threads class SMR info:
_java_thread_list=0x0000027b470bffb0, length=153, elements={
0x0000027b22280d20, 0x0000027b3c1287a0, 0x0000027b3c2a6410, 0x0000027b3c12e030,
0x0000027b3c12eaf0, 0x0000027b3c2d85f0, 0x0000027b3c2db1c0, 0x0000027b3c2e4370,
0x0000027b3c2e4e10, 0x0000027b3c2e8d00, 0x0000027b3c414960, 0x0000027b3c516080,
0x0000027b3c786400, 0x0000027b41233530, 0x0000027b41ec47b0, 0x0000027b426a74e0,
0x0000027b427974e0, 0x0000027b4267ec60, 0x0000027b4224fe50, 0x0000027b417d6d40,
0x0000027b417d6870, 0x0000027b417d5ed0, 0x0000027b417d5530, 0x0000027b417d5060,
0x0000027b417d7210, 0x0000027b417d8a20, 0x0000027b417d76e0, 0x0000027b417d63a0,
0x0000027b417d5a00, 0x0000027b417d8080, 0x0000027b417d7bb0, 0x0000027b417d8550,
0x0000027b42d4f150, 0x0000027b42d47dd0, 0x0000027b42d482a0, 0x0000027b42d4c600,
0x0000027b42d49f80, 0x0000027b42d4f620, 0x0000027b42d4b2c0, 0x0000027b42d4a450,
0x0000027b42d4cfa0, 0x0000027b42d4adf0, 0x0000027b42d4bc60, 0x0000027b42d4de10,
0x0000027b42d48770, 0x0000027b42d48c40, 0x0000027b42d4cad0, 0x0000027b42d4d940,
0x0000027b42d4ec80, 0x0000027b42d4e2e0, 0x0000027b42d4e7b0, 0x0000027b456e3230,
0x0000027b456dfd40, 0x0000027b456e0210, 0x0000027b456e1a20, 0x0000027b456e3bd0,
0x0000027b456e1080, 0x0000027b456e2890, 0x0000027b456e4a40, 0x0000027b456e4570,
0x0000027b456df870, 0x0000027b456dea00, 0x0000027b456e4f10, 0x0000027b456e58b0,
0x0000027b456de060, 0x0000027b456de530, 0x0000027b45eed720, 0x0000027b45eecd80,
0x0000027b45eeabd0, 0x0000027b45eea700, 0x0000027b45eef400, 0x0000027b45eed250,
0x0000027b45eedbf0, 0x0000027b42b878e0, 0x0000027b42b87db0, 0x0000027b42b88280,
0x0000027b42b88750, 0x0000027b480a1960, 0x0000027b480a27d0, 0x0000027b42b86f40,
0x0000027b42b87410, 0x0000027b480a2ca0, 0x0000027b480a1490, 0x0000027b43bde530,
0x0000027b43bddb90, 0x0000027b43bde060, 0x0000027b42de1840, 0x0000027b48444bd0,
0x0000027b484450a0, 0x0000027b48444230, 0x0000027b48443890, 0x0000027b48443d60,
0x0000027b48444700, 0x0000027b48445570, 0x0000027b480fdbc0, 0x0000027b480fe090,
0x0000027b480fd220, 0x0000027b480fd6f0, 0x0000027b480fe560, 0x0000027b480fcd50,
0x0000027b474c2d40, 0x0000027b42de3050, 0x0000027b42de26b0, 0x0000027b42de2b80,
0x0000027b42de1d10, 0x0000027b48445a40, 0x0000027b48442080, 0x0000027b48442550,
0x0000027b48442a20, 0x0000027b48442ef0, 0x0000027b45eee0c0, 0x0000027b45ee9890,
0x0000027b45eeef30, 0x0000027b45ee8a20, 0x0000027b45eee590, 0x0000027b478fbee0,
0x0000027b478fb540, 0x0000027b42de21e0, 0x0000027b47a01180, 0x0000027b47a00310,
0x0000027b479fe160, 0x0000027b479ff970, 0x0000027b479fe630, 0x0000027b47a01650,
0x0000027b480a1e30, 0x0000027b480a2300, 0x0000027b48405b20, 0x0000027b48409010,
0x0000027b48407cd0, 0x0000027b48406990, 0x0000027b484081a0, 0x0000027b48406e60,
0x0000027b47a01b20, 0x0000027b484433c0, 0x0000027b472426e0, 0x0000027b47243a20,
0x0000027b47240530, 0x0000027b47240060, 0x0000027b47242210, 0x0000027b478fba10,
0x0000027b479feb00, 0x0000027b43bdd1f0, 0x0000027b43bdea00, 0x0000027b474c2870,
0x0000027b43bdd6c0, 0x0000027b47f17d10, 0x0000027b43da2450, 0x0000027b478fc3b0,
0x0000027b479ffe40, 0x0000027b472413a0, 0x0000027b48407800, 0x0000027b43aada00,
0x0000027b45eef8d0
}

Java Threads: ( => current thread )
  0x0000027b22280d20 JavaThread "main" [_thread_blocked, id=15480, stack(0x000000f246e00000,0x000000f246f00000)]
  0x0000027b3c1287a0 JavaThread "Reference Handler" daemon [_thread_blocked, id=23504, stack(0x000000f247500000,0x000000f247600000)]
  0x0000027b3c2a6410 JavaThread "Finalizer" daemon [_thread_blocked, id=22100, stack(0x000000f247600000,0x000000f247700000)]
  0x0000027b3c12e030 JavaThread "Signal Dispatcher" daemon [_thread_blocked, id=13956, stack(0x000000f247700000,0x000000f247800000)]
  0x0000027b3c12eaf0 JavaThread "Attach Listener" daemon [_thread_blocked, id=8204, stack(0x000000f247800000,0x000000f247900000)]
  0x0000027b3c2d85f0 JavaThread "Service Thread" daemon [_thread_blocked, id=7248, stack(0x000000f247900000,0x000000f247a00000)]
  0x0000027b3c2db1c0 JavaThread "Monitor Deflation Thread" daemon [_thread_blocked, id=8904, stack(0x000000f247a00000,0x000000f247b00000)]
  0x0000027b3c2e4370 JavaThread "C2 CompilerThread0" daemon [_thread_blocked, id=24152, stack(0x000000f247b00000,0x000000f247c00000)]
  0x0000027b3c2e4e10 JavaThread "C1 CompilerThread0" daemon [_thread_blocked, id=22376, stack(0x000000f247c00000,0x000000f247d00000)]
  0x0000027b3c2e8d00 JavaThread "Sweeper thread" daemon [_thread_blocked, id=20228, stack(0x000000f247d00000,0x000000f247e00000)]
  0x0000027b3c414960 JavaThread "Common-Cleaner" daemon [_thread_blocked, id=20724, stack(0x000000f247e00000,0x000000f247f00000)]
  0x0000027b3c516080 JavaThread "Notification Thread" daemon [_thread_blocked, id=9556, stack(0x000000f247f00000,0x000000f248000000)]
  0x0000027b3c786400 JavaThread "C2 CompilerThread1" daemon [_thread_in_native, id=3488, stack(0x000000f248100000,0x000000f248200000)]
  0x0000027b41233530 JavaThread "C2 CompilerThread2" daemon [_thread_in_native, id=13520, stack(0x000000f248200000,0x000000f248300000)]
  0x0000027b41ec47b0 JavaThread "Daemon health stats" [_thread_blocked, id=8624, stack(0x000000f248800000,0x000000f248900000)]
  0x0000027b426a74e0 JavaThread "Incoming local TCP Connector on port 54280" [_thread_in_native, id=284, stack(0x000000f248900000,0x000000f248a00000)]
  0x0000027b427974e0 JavaThread "Daemon periodic checks" [_thread_blocked, id=1212, stack(0x000000f248a00000,0x000000f248b00000)]
  0x0000027b4267ec60 JavaThread "Daemon" [_thread_blocked, id=12904, stack(0x000000f248b00000,0x000000f248c00000)]
  0x0000027b4224fe50 JavaThread "Handler for socket connection from /127.0.0.1:54280 to /127.0.0.1:54281" [_thread_in_native, id=3984, stack(0x000000f248c00000,0x000000f248d00000)]
  0x0000027b417d6d40 JavaThread "Cancel handler" [_thread_blocked, id=24560, stack(0x000000f248d00000,0x000000f248e00000)]
  0x0000027b417d6870 JavaThread "Daemon worker" [_thread_blocked, id=6424, stack(0x000000f248e00000,0x000000f248f00000)]
  0x0000027b417d5ed0 JavaThread "Asynchronous log dispatcher for DefaultDaemonConnection: socket connection from /127.0.0.1:54280 to /127.0.0.1:54281" [_thread_blocked, id=22288, stack(0x000000f248f00000,0x000000f249000000)]
  0x0000027b417d5530 JavaThread "Stdin handler" [_thread_blocked, id=21612, stack(0x000000f249000000,0x000000f249100000)]
  0x0000027b417d5060 JavaThread "Daemon client event forwarder" [_thread_blocked, id=4884, stack(0x000000f249100000,0x000000f249200000)]
  0x0000027b417d7210 JavaThread "Cache worker for journal cache (C:\Users\minhm\.gradle\caches\journal-1)" [_thread_blocked, id=20536, stack(0x000000f249500000,0x000000f249600000)]
  0x0000027b417d8a20 JavaThread "File lock request listener" [_thread_in_native, id=7964, stack(0x000000f249600000,0x000000f249700000)]
  0x0000027b417d76e0 JavaThread "Cache worker for file hash cache (C:\Users\minhm\.gradle\caches\8.2\fileHashes)" [_thread_blocked, id=15148, stack(0x000000f249700000,0x000000f249800000)]
  0x0000027b417d63a0 JavaThread "File watcher server" daemon [_thread_blocked, id=19584, stack(0x000000f249800000,0x000000f249900000)]
  0x0000027b417d5a00 JavaThread "File watcher consumer" daemon [_thread_blocked, id=22480, stack(0x000000f249900000,0x000000f249a00000)]
  0x0000027b417d8080 JavaThread "Cache worker for checksums cache (D:\study\Android\appBaoHanh\.gradle\8.2\checksums)" [_thread_blocked, id=15636, stack(0x000000f249a00000,0x000000f249b00000)]
  0x0000027b417d7bb0 JavaThread "Cache worker for cache directory md-rule (C:\Users\minhm\.gradle\caches\8.2\md-rule)" [_thread_blocked, id=22900, stack(0x000000f249b00000,0x000000f249c00000)]
  0x0000027b417d8550 JavaThread "Cache worker for file content cache (C:\Users\minhm\.gradle\caches\8.2\fileContent)" [_thread_blocked, id=9752, stack(0x000000f249c00000,0x000000f249d00000)]
  0x0000027b42d4f150 JavaThread "Cache worker for file hash cache (D:\study\Android\appBaoHanh\.gradle\8.2\fileHashes)" [_thread_blocked, id=2424, stack(0x000000f249d00000,0x000000f249e00000)]
  0x0000027b42d47dd0 JavaThread "Cache worker for cache directory md-supplier (C:\Users\minhm\.gradle\caches\8.2\md-supplier)" [_thread_blocked, id=13740, stack(0x000000f249e00000,0x000000f249f00000)]
  0x0000027b42d482a0 JavaThread "Cache worker for execution history cache (C:\Users\minhm\.gradle\caches\8.2\executionHistory)" [_thread_blocked, id=21860, stack(0x000000f249f00000,0x000000f24a000000)]
  0x0000027b42d4c600 JavaThread "jar transforms" [_thread_blocked, id=24460, stack(0x000000f24a100000,0x000000f24a200000)]
  0x0000027b42d49f80 JavaThread "jar transforms Thread 2" [_thread_blocked, id=17812, stack(0x000000f24a200000,0x000000f24a300000)]
  0x0000027b42d4f620 JavaThread "Cache worker for kotlin-dsl (C:\Users\minhm\.gradle\caches\8.2\kotlin-dsl)" [_thread_blocked, id=10032, stack(0x000000f24a300000,0x000000f24a400000)]
  0x0000027b42d4b2c0 JavaThread "jar transforms Thread 3" [_thread_blocked, id=11964, stack(0x000000f24a400000,0x000000f24a500000)]
  0x0000027b42d4a450 JavaThread "jar transforms Thread 4" [_thread_blocked, id=20300, stack(0x000000f24a500000,0x000000f24a600000)]
  0x0000027b42d4cfa0 JavaThread "jar transforms Thread 5" [_thread_blocked, id=20560, stack(0x000000f24a600000,0x000000f24a700000)]
  0x0000027b42d4adf0 JavaThread "jar transforms Thread 6" [_thread_blocked, id=18280, stack(0x000000f24a700000,0x000000f24a800000)]
  0x0000027b42d4bc60 JavaThread "Cache worker for dependencies-accessors (D:\study\Android\appBaoHanh\.gradle\8.2\dependencies-accessors)" [_thread_blocked, id=5836, stack(0x000000f24a800000,0x000000f24a900000)]
  0x0000027b42d4de10 JavaThread "Cache worker for Build Output Cleanup Cache (D:\study\Android\appBaoHanh\.gradle\buildOutputCleanup)" [_thread_blocked, id=23984, stack(0x000000f24a900000,0x000000f24aa00000)]
  0x0000027b42d48770 JavaThread "jar transforms Thread 7" [_thread_blocked, id=19008, stack(0x000000f24aa00000,0x000000f24ab00000)]
  0x0000027b42d48c40 JavaThread "jar transforms Thread 8" [_thread_blocked, id=21196, stack(0x000000f24ab00000,0x000000f24ac00000)]
  0x0000027b42d4cad0 JavaThread "Unconstrained build operations" [_thread_blocked, id=2888, stack(0x000000f24ac00000,0x000000f24ad00000)]
  0x0000027b42d4d940 JavaThread "Unconstrained build operations Thread 2" [_thread_blocked, id=15572, stack(0x000000f24ad00000,0x000000f24ae00000)]
  0x0000027b42d4ec80 JavaThread "Unconstrained build operations Thread 3" [_thread_blocked, id=6404, stack(0x000000f24ae00000,0x000000f24af00000)]
  0x0000027b42d4e2e0 JavaThread "Unconstrained build operations Thread 4" [_thread_blocked, id=13216, stack(0x000000f24af00000,0x000000f24b000000)]
  0x0000027b42d4e7b0 JavaThread "Unconstrained build operations Thread 5" [_thread_blocked, id=3548, stack(0x000000f24b000000,0x000000f24b100000)]
  0x0000027b456e3230 JavaThread "Unconstrained build operations Thread 6" [_thread_blocked, id=13540, stack(0x000000f24b100000,0x000000f24b200000)]
  0x0000027b456dfd40 JavaThread "Unconstrained build operations Thread 7" [_thread_blocked, id=720, stack(0x000000f24b200000,0x000000f24b300000)]
  0x0000027b456e0210 JavaThread "build event listener" [_thread_blocked, id=8884, stack(0x000000f24b300000,0x000000f24b400000)]
  0x0000027b456e1a20 JavaThread "Memory manager" [_thread_blocked, id=7188, stack(0x000000f24b400000,0x000000f24b500000)]
  0x0000027b456e3bd0 JavaThread "pool-3-thread-1" [_thread_blocked, id=9256, stack(0x000000f24b500000,0x000000f24b600000)]
  0x0000027b456e1080 JavaThread "build event listener" [_thread_blocked, id=9392, stack(0x000000f24b600000,0x000000f24b700000)]
  0x0000027b456e2890 JavaThread "included builds" [_thread_blocked, id=18876, stack(0x000000f24b700000,0x000000f24b800000)]
  0x0000027b456e4a40 JavaThread "Execution worker" [_thread_blocked, id=22524, stack(0x000000f24b800000,0x000000f24b900000)]
  0x0000027b456e4570 JavaThread "Execution worker Thread 2" [_thread_blocked, id=10500, stack(0x000000f24b900000,0x000000f24ba00000)]
  0x0000027b456df870 JavaThread "Execution worker Thread 3" [_thread_blocked, id=21108, stack(0x000000f24ba00000,0x000000f24bb00000)]
  0x0000027b456dea00 JavaThread "Execution worker Thread 4" [_thread_blocked, id=23476, stack(0x000000f24bb00000,0x000000f24bc00000)]
  0x0000027b456e4f10 JavaThread "Execution worker Thread 5" [_thread_blocked, id=9612, stack(0x000000f24bc00000,0x000000f24bd00000)]
  0x0000027b456e58b0 JavaThread "Execution worker Thread 6" [_thread_blocked, id=10368, stack(0x000000f24bd00000,0x000000f24be00000)]
  0x0000027b456de060 JavaThread "Execution worker Thread 7" [_thread_blocked, id=23612, stack(0x000000f24be00000,0x000000f24bf00000)]
  0x0000027b456de530 JavaThread "Cache worker for execution history cache (D:\study\Android\appBaoHanh\.gradle\8.2\executionHistory)" [_thread_blocked, id=4172, stack(0x000000f24bf00000,0x000000f24c000000)]
  0x0000027b45eed720 JavaThread "Unconstrained build operations Thread 8" [_thread_blocked, id=6440, stack(0x000000f24c000000,0x000000f24c100000)]
  0x0000027b45eecd80 JavaThread "Unconstrained build operations Thread 9" [_thread_blocked, id=11912, stack(0x000000f24c100000,0x000000f24c200000)]
  0x0000027b45eeabd0 JavaThread "Unconstrained build operations Thread 10" [_thread_blocked, id=17828, stack(0x000000f24c200000,0x000000f24c300000)]
  0x0000027b45eea700 JavaThread "Unconstrained build operations Thread 11" [_thread_blocked, id=13556, stack(0x000000f24c300000,0x000000f24c400000)]
  0x0000027b45eef400 JavaThread "Unconstrained build operations Thread 12" [_thread_blocked, id=17912, stack(0x000000f24c400000,0x000000f24c500000)]
  0x0000027b45eed250 JavaThread "Unconstrained build operations Thread 13" [_thread_blocked, id=1016, stack(0x000000f24c500000,0x000000f24c600000)]
  0x0000027b45eedbf0 JavaThread "Unconstrained build operations Thread 14" [_thread_blocked, id=6436, stack(0x000000f24c600000,0x000000f24c700000)]
  0x0000027b42b878e0 JavaThread "Unconstrained build operations Thread 15" [_thread_blocked, id=13244, stack(0x000000f24c700000,0x000000f24c800000)]
  0x0000027b42b87db0 JavaThread "Unconstrained build operations Thread 16" [_thread_blocked, id=8228, stack(0x000000f24c800000,0x000000f24c900000)]
  0x0000027b42b88280 JavaThread "Unconstrained build operations Thread 17" [_thread_blocked, id=18296, stack(0x000000f24c900000,0x000000f24ca00000)]
  0x0000027b42b88750 JavaThread "Unconstrained build operations Thread 18" [_thread_blocked, id=9320, stack(0x000000f24ca00000,0x000000f24cb00000)]
  0x0000027b480a1960 JavaThread "Unconstrained build operations Thread 19" [_thread_blocked, id=2932, stack(0x000000f24cb00000,0x000000f24cc00000)]
  0x0000027b480a27d0 JavaThread "Unconstrained build operations Thread 20" [_thread_blocked, id=23148, stack(0x000000f24cc00000,0x000000f24cd00000)]
  0x0000027b42b86f40 JavaThread "Unconstrained build operations Thread 21" [_thread_blocked, id=17532, stack(0x000000f24cd00000,0x000000f24ce00000)]
  0x0000027b42b87410 JavaThread "Unconstrained build operations Thread 22" [_thread_blocked, id=8256, stack(0x000000f24ce00000,0x000000f24cf00000)]
  0x0000027b480a2ca0 JavaThread "Unconstrained build operations Thread 23" [_thread_blocked, id=16852, stack(0x000000f24cf00000,0x000000f24d000000)]
  0x0000027b480a1490 JavaThread "Unconstrained build operations Thread 24" [_thread_blocked, id=14920, stack(0x000000f24d000000,0x000000f24d100000)]
  0x0000027b43bde530 JavaThread "Unconstrained build operations Thread 25" [_thread_blocked, id=9108, stack(0x000000f24d100000,0x000000f24d200000)]
  0x0000027b43bddb90 JavaThread "Unconstrained build operations Thread 26" [_thread_blocked, id=15304, stack(0x000000f24d200000,0x000000f24d300000)]
  0x0000027b43bde060 JavaThread "Unconstrained build operations Thread 27" [_thread_blocked, id=24004, stack(0x000000f24d300000,0x000000f24d400000)]
  0x0000027b42de1840 JavaThread "Unconstrained build operations Thread 28" [_thread_blocked, id=16912, stack(0x000000f24d400000,0x000000f24d500000)]
  0x0000027b48444bd0 JavaThread "Unconstrained build operations Thread 29" [_thread_blocked, id=4828, stack(0x000000f24d500000,0x000000f24d600000)]
  0x0000027b484450a0 JavaThread "Unconstrained build operations Thread 30" [_thread_blocked, id=3776, stack(0x000000f24d600000,0x000000f24d700000)]
  0x0000027b48444230 JavaThread "Unconstrained build operations Thread 31" [_thread_blocked, id=13916, stack(0x000000f24d700000,0x000000f24d800000)]
  0x0000027b48443890 JavaThread "Unconstrained build operations Thread 32" [_thread_blocked, id=16372, stack(0x000000f24d800000,0x000000f24d900000)]
  0x0000027b48443d60 JavaThread "Unconstrained build operations Thread 33" [_thread_blocked, id=19664, stack(0x000000f24d900000,0x000000f24da00000)]
  0x0000027b48444700 JavaThread "Unconstrained build operations Thread 34" [_thread_blocked, id=20836, stack(0x000000f24da00000,0x000000f24db00000)]
  0x0000027b48445570 JavaThread "Unconstrained build operations Thread 35" [_thread_blocked, id=15580, stack(0x000000f24db00000,0x000000f24dc00000)]
  0x0000027b480fdbc0 JavaThread "Unconstrained build operations Thread 36" [_thread_blocked, id=8508, stack(0x000000f24dc00000,0x000000f24dd00000)]
  0x0000027b480fe090 JavaThread "Unconstrained build operations Thread 37" [_thread_blocked, id=4344, stack(0x000000f24dd00000,0x000000f24de00000)]
  0x0000027b480fd220 JavaThread "Unconstrained build operations Thread 38" [_thread_blocked, id=20304, stack(0x000000f24de00000,0x000000f24df00000)]
  0x0000027b480fd6f0 JavaThread "Unconstrained build operations Thread 39" [_thread_blocked, id=484, stack(0x000000f24df00000,0x000000f24e000000)]
  0x0000027b480fe560 JavaThread "Unconstrained build operations Thread 40" [_thread_blocked, id=9168, stack(0x000000f24e000000,0x000000f24e100000)]
  0x0000027b480fcd50 JavaThread "Unconstrained build operations Thread 41" [_thread_blocked, id=21684, stack(0x000000f24e100000,0x000000f24e200000)]
  0x0000027b474c2d40 JavaThread "Unconstrained build operations Thread 42" [_thread_blocked, id=12988, stack(0x000000f24e200000,0x000000f24e300000)]
  0x0000027b42de3050 JavaThread "Unconstrained build operations Thread 43" [_thread_blocked, id=18020, stack(0x000000f24e300000,0x000000f24e400000)]
  0x0000027b42de26b0 JavaThread "Unconstrained build operations Thread 44" [_thread_blocked, id=23536, stack(0x000000f24e400000,0x000000f24e500000)]
  0x0000027b42de2b80 JavaThread "Unconstrained build operations Thread 45" [_thread_blocked, id=10956, stack(0x000000f24e500000,0x000000f24e600000)]
  0x0000027b42de1d10 JavaThread "Unconstrained build operations Thread 46" [_thread_blocked, id=21352, stack(0x000000f24e600000,0x000000f24e700000)]
  0x0000027b48445a40 JavaThread "Unconstrained build operations Thread 47" [_thread_blocked, id=21232, stack(0x000000f24e700000,0x000000f24e800000)]
  0x0000027b48442080 JavaThread "Unconstrained build operations Thread 48" [_thread_blocked, id=23952, stack(0x000000f24e800000,0x000000f24e900000)]
  0x0000027b48442550 JavaThread "Unconstrained build operations Thread 49" [_thread_blocked, id=23864, stack(0x000000f24e900000,0x000000f24ea00000)]
  0x0000027b48442a20 JavaThread "Unconstrained build operations Thread 50" [_thread_blocked, id=17952, stack(0x000000f24ea00000,0x000000f24eb00000)]
  0x0000027b48442ef0 JavaThread "Unconstrained build operations Thread 51" [_thread_blocked, id=20708, stack(0x000000f24eb00000,0x000000f24ec00000)]
  0x0000027b45eee0c0 JavaThread "Unconstrained build operations Thread 52" [_thread_blocked, id=5972, stack(0x000000f24ec00000,0x000000f24ed00000)]
  0x0000027b45ee9890 JavaThread "Unconstrained build operations Thread 53" [_thread_blocked, id=2436, stack(0x000000f24ed00000,0x000000f24ee00000)]
  0x0000027b45eeef30 JavaThread "Unconstrained build operations Thread 54" [_thread_blocked, id=7412, stack(0x000000f24ee00000,0x000000f24ef00000)]
  0x0000027b45ee8a20 JavaThread "Unconstrained build operations Thread 55" [_thread_blocked, id=13976, stack(0x000000f24ef00000,0x000000f24f000000)]
  0x0000027b45eee590 JavaThread "Unconstrained build operations Thread 56" [_thread_blocked, id=3708, stack(0x000000f24f000000,0x000000f24f100000)]
  0x0000027b478fbee0 JavaThread "Unconstrained build operations Thread 57" [_thread_blocked, id=13452, stack(0x000000f24f100000,0x000000f24f200000)]
  0x0000027b478fb540 JavaThread "Unconstrained build operations Thread 58" [_thread_blocked, id=23940, stack(0x000000f24f200000,0x000000f24f300000)]
  0x0000027b42de21e0 JavaThread "Unconstrained build operations Thread 59" [_thread_blocked, id=1724, stack(0x000000f24f300000,0x000000f24f400000)]
  0x0000027b47a01180 JavaThread "Unconstrained build operations Thread 60" [_thread_blocked, id=9904, stack(0x000000f24f400000,0x000000f24f500000)]
  0x0000027b47a00310 JavaThread "Unconstrained build operations Thread 61" [_thread_blocked, id=13080, stack(0x000000f24f500000,0x000000f24f600000)]
  0x0000027b479fe160 JavaThread "Unconstrained build operations Thread 62" [_thread_blocked, id=20256, stack(0x000000f24f600000,0x000000f24f700000)]
  0x0000027b479ff970 JavaThread "Unconstrained build operations Thread 63" [_thread_blocked, id=22016, stack(0x000000f24f700000,0x000000f24f800000)]
  0x0000027b479fe630 JavaThread "Unconstrained build operations Thread 64" [_thread_blocked, id=21948, stack(0x000000f24f800000,0x000000f24f900000)]
  0x0000027b47a01650 JavaThread "Unconstrained build operations Thread 65" [_thread_blocked, id=22240, stack(0x000000f24f900000,0x000000f24fa00000)]
  0x0000027b480a1e30 JavaThread "Unconstrained build operations Thread 66" [_thread_blocked, id=11424, stack(0x000000f24fa00000,0x000000f24fb00000)]
  0x0000027b480a2300 JavaThread "Unconstrained build operations Thread 67" [_thread_blocked, id=13464, stack(0x000000f24fb00000,0x000000f24fc00000)]
  0x0000027b48405b20 JavaThread "Unconstrained build operations Thread 68" [_thread_blocked, id=4684, stack(0x000000f24fc00000,0x000000f24fd00000)]
  0x0000027b48409010 JavaThread "Unconstrained build operations Thread 69" [_thread_blocked, id=13636, stack(0x000000f24fd00000,0x000000f24fe00000)]
  0x0000027b48407cd0 JavaThread "Unconstrained build operations Thread 70" [_thread_blocked, id=18628, stack(0x000000f24fe00000,0x000000f24ff00000)]
  0x0000027b48406990 JavaThread "Unconstrained build operations Thread 71" [_thread_blocked, id=18148, stack(0x000000f24ff00000,0x000000f250000000)]
  0x0000027b484081a0 JavaThread "Unconstrained build operations Thread 72" [_thread_blocked, id=16968, stack(0x000000f250000000,0x000000f250100000)]
  0x0000027b48406e60 JavaThread "Unconstrained build operations Thread 73" [_thread_blocked, id=3112, stack(0x000000f250100000,0x000000f250200000)]
  0x0000027b47a01b20 JavaThread "WorkerExecutor Queue" [_thread_blocked, id=19516, stack(0x000000f250200000,0x000000f250300000)]
  0x0000027b484433c0 JavaThread "Unconstrained build operations Thread 74" [_thread_blocked, id=15300, stack(0x000000f250300000,0x000000f250400000)]
  0x0000027b472426e0 JavaThread "Unconstrained build operations Thread 75" [_thread_blocked, id=12032, stack(0x000000f250400000,0x000000f250500000)]
  0x0000027b47243a20 JavaThread "Unconstrained build operations Thread 76" [_thread_blocked, id=11468, stack(0x000000f250500000,0x000000f250600000)]
  0x0000027b47240530 JavaThread "Unconstrained build operations Thread 77" [_thread_blocked, id=440, stack(0x000000f250600000,0x000000f250700000)]
  0x0000027b47240060 JavaThread "Unconstrained build operations Thread 78" [_thread_blocked, id=11984, stack(0x000000f250700000,0x000000f250800000)]
  0x0000027b47242210 JavaThread "Unconstrained build operations Thread 79" [_thread_blocked, id=13640, stack(0x000000f250800000,0x000000f250900000)]
  0x0000027b478fba10 JavaThread "Unconstrained build operations Thread 80" [_thread_blocked, id=23216, stack(0x000000f250900000,0x000000f250a00000)]
  0x0000027b479feb00 JavaThread "pool-4-thread-1" [_thread_blocked, id=23588, stack(0x000000f250a00000,0x000000f250b00000)]
  0x0000027b43bdd1f0 JavaThread "stderr" [_thread_in_native, id=20760, stack(0x000000f250b00000,0x000000f250c00000)]
  0x0000027b43bdea00 JavaThread "stdout" [_thread_in_native, id=12888, stack(0x000000f250c00000,0x000000f250d00000)]
  0x0000027b474c2870 JavaThread "WorkerExecutor Queue Thread 2" [_thread_blocked, id=19676, stack(0x000000f250d00000,0x000000f250e00000)]
  0x0000027b43bdd6c0 JavaThread "WorkerExecutor Queue Thread 3" [_thread_blocked, id=17996, stack(0x000000f250e00000,0x000000f250f00000)]
  0x0000027b47f17d10 JavaThread "ForkJoinPool-1-worker-1" daemon [_thread_blocked, id=19220, stack(0x000000f251300000,0x000000f251400000)]
  0x0000027b43da2450 JavaThread "ForkJoinPool-1-worker-2" daemon [_thread_blocked, id=1752, stack(0x000000f251400000,0x000000f251500000)]
  0x0000027b478fc3b0 JavaThread "ForkJoinPool-1-worker-3" daemon [_thread_blocked, id=19540, stack(0x000000f251500000,0x000000f251600000)]
  0x0000027b479ffe40 JavaThread "ForkJoinPool-1-worker-4" daemon [_thread_blocked, id=13220, stack(0x000000f251600000,0x000000f251700000)]
  0x0000027b472413a0 JavaThread "ForkJoinPool-1-worker-5" daemon [_thread_blocked, id=3636, stack(0x000000f251700000,0x000000f251800000)]
  0x0000027b48407800 JavaThread "ForkJoinPool-1-worker-6" daemon [_thread_blocked, id=24096, stack(0x000000f251800000,0x000000f251900000)]
  0x0000027b43aada00 JavaThread "ForkJoinPool-1-worker-7" daemon [_thread_blocked, id=6672, stack(0x000000f251900000,0x000000f251a00000)]
  0x0000027b45eef8d0 JavaThread "ForkJoinPool-1-worker-8" daemon [_thread_blocked, id=23248, stack(0x000000f251a00000,0x000000f251b00000)]

Other Threads:
=>0x0000027b3c125c50 VMThread "VM Thread" [stack: 0x000000f247400000,0x000000f247500000] [id=23548]
  0x0000027b222f45c0 WatcherThread [stack: 0x000000f248000000,0x000000f248100000] [id=8832]
  0x0000027b222dca10 GCTaskThread "GC Thread#0" [stack: 0x000000f246f00000,0x000000f247000000] [id=14264]
  0x0000027b4121c800 GCTaskThread "GC Thread#1" [stack: 0x000000f248300000,0x000000f248400000] [id=7776]
  0x0000027b4121cab0 GCTaskThread "GC Thread#2" [stack: 0x000000f248400000,0x000000f248500000] [id=7728]
  0x0000027b4121cd60 GCTaskThread "GC Thread#3" [stack: 0x000000f248500000,0x000000f248600000] [id=612]
  0x0000027b411b00d0 GCTaskThread "GC Thread#4" [stack: 0x000000f248600000,0x000000f248700000] [id=21628]
  0x0000027b41330b80 GCTaskThread "GC Thread#5" [stack: 0x000000f248700000,0x000000f248800000] [id=19020]
  0x0000027b429619b0 GCTaskThread "GC Thread#6" [stack: 0x000000f249200000,0x000000f249300000] [id=8472]
  0x0000027b42a90d60 GCTaskThread "GC Thread#7" [stack: 0x000000f249300000,0x000000f249400000] [id=23384]
  0x0000027b222ed950 ConcurrentGCThread "G1 Main Marker" [stack: 0x000000f247000000,0x000000f247100000] [id=5188]
  0x0000027b222ee360 ConcurrentGCThread "G1 Conc#0" [stack: 0x000000f247100000,0x000000f247200000] [id=19796]
  0x0000027b42962060 ConcurrentGCThread "G1 Conc#1" [stack: 0x000000f249400000,0x000000f249500000] [id=3736]
  0x0000027b3bfbee20 ConcurrentGCThread "G1 Refine#0" [stack: 0x000000f247200000,0x000000f247300000] [id=7344]
  0x0000027b434e5330 ConcurrentGCThread "G1 Refine#1" [stack: 0x000000f24a000000,0x000000f24a100000] [id=23844]
  0x0000027b478b14a0 ConcurrentGCThread "G1 Refine#2" [stack: 0x000000f250f00000,0x000000f251000000] [id=20120]
  0x0000027b478b1780 ConcurrentGCThread "G1 Refine#3" [stack: 0x000000f251000000,0x000000f251100000] [id=8260]
  0x0000027b478b1d40 ConcurrentGCThread "G1 Refine#4" [stack: 0x000000f251100000,0x000000f251200000] [id=24368]
  0x0000027b478b2ba0 ConcurrentGCThread "G1 Refine#5" [stack: 0x000000f251200000,0x000000f251300000] [id=13840]
  0x0000027b478b25e0 ConcurrentGCThread "G1 Refine#6" [stack: 0x000000f251b00000,0x000000f251c00000] [id=5232]
  0x0000027b478b2300 ConcurrentGCThread "G1 Refine#7" [stack: 0x000000f251c00000,0x000000f251d00000] [id=17704]
  0x0000027b3bfbf960 ConcurrentGCThread "G1 Service" [stack: 0x000000f247300000,0x000000f247400000] [id=23104]

Threads with active compile tasks:
C2 CompilerThread0    11080 12532       4       com.android.tools.r8.dex.code.O::a (3284 bytes)
C2 CompilerThread1    11080 12790 %     4       com.android.tools.r8.dex.C::a @ 292 (992 bytes)
C2 CompilerThread2    11080 12418   !   4       com.android.tools.r8.dex.a::b (3881 bytes)

VM state: at safepoint (normal execution)

VM Mutex/Monitor currently owned by a thread:  ([mutex/lock_event])
[0x0000027b2227c030] Threads_lock - owner thread: 0x0000027b3c125c50
[0x0000027b2227b7c0] Heap_lock - owner thread: 0x0000027b479ffe40

Heap address: 0x0000000080000000, size: 2048 MB, Compressed Oops mode: 32-bit

CDS archive(s) not mapped
Compressed class space mapped at: 0x0000000100000000-0x0000000140000000, reserved size: 1073741824
Narrow klass base: 0x0000000000000000, Narrow klass shift: 3, Narrow klass range: 0x140000000

GC Precious Log:
 CPUs: 8 total, 8 available
 Memory: 16106M
 Large Page Support: Disabled
 NUMA Support: Disabled
 Compressed Oops: Enabled (32-bit)
 Heap Region Size: 1M
 Heap Min Capacity: 8M
 Heap Initial Capacity: 252M
 Heap Max Capacity: 2G
 Pre-touch: Disabled
 Parallel Workers: 8
 Concurrent Workers: 2
 Concurrent Refinement Workers: 8
 Periodic GC: Disabled

Heap:
 garbage-first heap   total 309248K, used 238592K [0x0000000080000000, 0x0000000100000000)
  region size 1024K, 5 young (5120K), 5 survivors (5120K)
 Metaspace       used 105407K, committed 106112K, reserved 1179648K
  class space    used 14576K, committed 14976K, reserved 1048576K

Heap Regions: E=young(eden), S=young(survivor), O=old, HS=humongous(starts), HC=humongous(continues), CS=collection set, F=free, OA=open archive, CA=closed archive, TAMS=top-at-mark-start (previous, next)
|   0|0x0000000080000000, 0x0000000080100000, 0x0000000080100000|100%|HS|  |TAMS 0x0000000080100000, 0x0000000080000000| Complete 
|   1|0x0000000080100000, 0x0000000080200000, 0x0000000080200000|100%|HC|  |TAMS 0x0000000080200000, 0x0000000080100000| Complete 
|   2|0x0000000080200000, 0x0000000080300000, 0x0000000080300000|100%|HC|  |TAMS 0x0000000080300000, 0x0000000080200000| Complete 
|   3|0x0000000080300000, 0x0000000080400000, 0x0000000080400000|100%|HC|  |TAMS 0x0000000080400000, 0x0000000080300000| Complete 
|   4|0x0000000080400000, 0x0000000080500000, 0x0000000080500000|100%| O|  |TAMS 0x0000000080500000, 0x0000000080400000| Untracked 
|   5|0x0000000080500000, 0x0000000080600000, 0x0000000080600000|100%| O|  |TAMS 0x0000000080600000, 0x0000000080500000| Untracked 
|   6|0x0000000080600000, 0x0000000080700000, 0x0000000080700000|100%| O|  |TAMS 0x0000000080700000, 0x0000000080600000| Untracked 
|   7|0x0000000080700000, 0x0000000080800000, 0x0000000080800000|100%| O|  |TAMS 0x0000000080800000, 0x0000000080700000| Untracked 
|   8|0x0000000080800000, 0x0000000080900000, 0x0000000080900000|100%| O|  |TAMS 0x0000000080900000, 0x0000000080800000| Untracked 
|   9|0x0000000080900000, 0x0000000080a00000, 0x0000000080a00000|100%| O|  |TAMS 0x0000000080a00000, 0x0000000080900000| Untracked 
|  10|0x0000000080a00000, 0x0000000080b00000, 0x0000000080b00000|100%| O|  |TAMS 0x0000000080b00000, 0x0000000080a00000| Untracked 
|  11|0x0000000080b00000, 0x0000000080c00000, 0x0000000080c00000|100%| O|  |TAMS 0x0000000080c00000, 0x0000000080b00000| Untracked 
|  12|0x0000000080c00000, 0x0000000080d00000, 0x0000000080d00000|100%| O|  |TAMS 0x0000000080d00000, 0x0000000080c00000| Untracked 
|  13|0x0000000080d00000, 0x0000000080e00000, 0x0000000080e00000|100%| O|  |TAMS 0x0000000080e00000, 0x0000000080d00000| Untracked 
|  14|0x0000000080e00000, 0x0000000080f00000, 0x0000000080f00000|100%| O|  |TAMS 0x0000000080f00000, 0x0000000080e00000| Untracked 
|  15|0x0000000080f00000, 0x0000000081000000, 0x0000000081000000|100%| O|  |TAMS 0x0000000081000000, 0x0000000080f00000| Untracked 
|  16|0x0000000081000000, 0x0000000081100000, 0x0000000081100000|100%| O|  |TAMS 0x0000000081100000, 0x0000000081000000| Untracked 
|  17|0x0000000081100000, 0x0000000081200000, 0x0000000081200000|100%| O|  |TAMS 0x0000000081200000, 0x0000000081100000| Untracked 
|  18|0x0000000081200000, 0x0000000081300000, 0x0000000081300000|100%| O|  |TAMS 0x0000000081300000, 0x0000000081200000| Untracked 
|  19|0x0000000081300000, 0x0000000081400000, 0x0000000081400000|100%| O|  |TAMS 0x0000000081400000, 0x0000000081300000| Untracked 
|  20|0x0000000081400000, 0x0000000081500000, 0x0000000081500000|100%| O|  |TAMS 0x0000000081500000, 0x0000000081400000| Untracked 
|  21|0x0000000081500000, 0x0000000081600000, 0x0000000081600000|100%| O|  |TAMS 0x0000000081600000, 0x0000000081500000| Untracked 
|  22|0x0000000081600000, 0x0000000081700000, 0x0000000081700000|100%| O|  |TAMS 0x0000000081700000, 0x0000000081600000| Untracked 
|  23|0x0000000081700000, 0x0000000081800000, 0x0000000081800000|100%| O|  |TAMS 0x0000000081800000, 0x0000000081700000| Untracked 
|  24|0x0000000081800000, 0x0000000081900000, 0x0000000081900000|100%| O|  |TAMS 0x0000000081900000, 0x0000000081800000| Untracked 
|  25|0x0000000081900000, 0x0000000081a00000, 0x0000000081a00000|100%| O|  |TAMS 0x0000000081a00000, 0x0000000081900000| Untracked 
|  26|0x0000000081a00000, 0x0000000081b00000, 0x0000000081b00000|100%| O|  |TAMS 0x0000000081b00000, 0x0000000081a00000| Untracked 
|  27|0x0000000081b00000, 0x0000000081c00000, 0x0000000081c00000|100%|HS|  |TAMS 0x0000000081b00000, 0x0000000081b00000| Complete 
|  28|0x0000000081c00000, 0x0000000081d00000, 0x0000000081d00000|100%| O|  |TAMS 0x0000000081d00000, 0x0000000081c00000| Untracked 
|  29|0x0000000081d00000, 0x0000000081e00000, 0x0000000081e00000|100%| O|  |TAMS 0x0000000081e00000, 0x0000000081d00000| Untracked 
|  30|0x0000000081e00000, 0x0000000081f00000, 0x0000000081f00000|100%| O|  |TAMS 0x0000000081f00000, 0x0000000081e00000| Untracked 
|  31|0x0000000081f00000, 0x0000000082000000, 0x0000000082000000|100%| O|  |TAMS 0x0000000082000000, 0x0000000081f00000| Untracked 
|  32|0x0000000082000000, 0x0000000082100000, 0x0000000082100000|100%| O|  |TAMS 0x0000000082100000, 0x0000000082000000| Untracked 
|  33|0x0000000082100000, 0x0000000082200000, 0x0000000082200000|100%|HS|  |TAMS 0x0000000082200000, 0x0000000082100000| Complete 
|  34|0x0000000082200000, 0x0000000082300000, 0x0000000082300000|100%|HS|  |TAMS 0x0000000082300000, 0x0000000082200000| Complete 
|  35|0x0000000082300000, 0x0000000082400000, 0x0000000082400000|100%|HS|  |TAMS 0x0000000082400000, 0x0000000082300000| Complete 
|  36|0x0000000082400000, 0x0000000082500000, 0x0000000082500000|100%| O|  |TAMS 0x0000000082500000, 0x0000000082400000| Untracked 
|  37|0x0000000082500000, 0x0000000082600000, 0x0000000082600000|100%|HS|  |TAMS 0x0000000082600000, 0x0000000082500000| Complete 
|  38|0x0000000082600000, 0x0000000082700000, 0x0000000082700000|100%|HS|  |TAMS 0x0000000082700000, 0x0000000082600000| Complete 
|  39|0x0000000082700000, 0x0000000082800000, 0x0000000082800000|100%| O|  |TAMS 0x0000000082800000, 0x0000000082700000| Untracked 
|  40|0x0000000082800000, 0x0000000082900000, 0x0000000082900000|100%| O|  |TAMS 0x0000000082900000, 0x0000000082800000| Untracked 
|  41|0x0000000082900000, 0x0000000082a00000, 0x0000000082a00000|100%| O|  |TAMS 0x0000000082a00000, 0x0000000082900000| Untracked 
|  42|0x0000000082a00000, 0x0000000082b00000, 0x0000000082b00000|100%| O|  |TAMS 0x0000000082b00000, 0x0000000082a00000| Untracked 
|  43|0x0000000082b00000, 0x0000000082c00000, 0x0000000082c00000|100%| O|  |TAMS 0x0000000082b00000, 0x0000000082b00000| Untracked 
|  44|0x0000000082c00000, 0x0000000082d00000, 0x0000000082d00000|100%| O|  |TAMS 0x0000000082d00000, 0x0000000082c00000| Untracked 
|  45|0x0000000082d00000, 0x0000000082e00000, 0x0000000082e00000|100%| O|  |TAMS 0x0000000082e00000, 0x0000000082d00000| Untracked 
|  46|0x0000000082e00000, 0x0000000082f00000, 0x0000000082f00000|100%| O|  |TAMS 0x0000000082f00000, 0x0000000082e00000| Untracked 
|  47|0x0000000082f00000, 0x0000000083000000, 0x0000000083000000|100%| O|  |TAMS 0x0000000083000000, 0x0000000082f00000| Untracked 
|  48|0x0000000083000000, 0x0000000083100000, 0x0000000083100000|100%| O|  |TAMS 0x0000000083100000, 0x0000000083000000| Untracked 
|  49|0x0000000083100000, 0x0000000083200000, 0x0000000083200000|100%| O|  |TAMS 0x0000000083200000, 0x0000000083100000| Untracked 
|  50|0x0000000083200000, 0x0000000083300000, 0x0000000083300000|100%| O|  |TAMS 0x0000000083300000, 0x0000000083200000| Untracked 
|  51|0x0000000083300000, 0x0000000083400000, 0x0000000083400000|100%| O|  |TAMS 0x0000000083400000, 0x0000000083300000| Untracked 
|  52|0x0000000083400000, 0x0000000083500000, 0x0000000083500000|100%| O|  |TAMS 0x0000000083500000, 0x0000000083400000| Untracked 
|  53|0x0000000083500000, 0x0000000083600000, 0x0000000083600000|100%| O|  |TAMS 0x0000000083600000, 0x0000000083500000| Untracked 
|  54|0x0000000083600000, 0x0000000083700000, 0x0000000083700000|100%| O|  |TAMS 0x0000000083700000, 0x0000000083600000| Untracked 
|  55|0x0000000083700000, 0x0000000083800000, 0x0000000083800000|100%|HS|  |TAMS 0x0000000083700000, 0x0000000083700000| Complete 
|  56|0x0000000083800000, 0x0000000083900000, 0x0000000083900000|100%| O|  |TAMS 0x0000000083900000, 0x0000000083800000| Untracked 
|  57|0x0000000083900000, 0x0000000083a00000, 0x0000000083a00000|100%| O|  |TAMS 0x0000000083a00000, 0x0000000083900000| Untracked 
|  58|0x0000000083a00000, 0x0000000083b00000, 0x0000000083b00000|100%| O|  |TAMS 0x0000000083b00000, 0x0000000083a00000| Untracked 
|  59|0x0000000083b00000, 0x0000000083c00000, 0x0000000083c00000|100%| O|  |TAMS 0x0000000083c00000, 0x0000000083b00000| Untracked 
|  60|0x0000000083c00000, 0x0000000083d00000, 0x0000000083d00000|100%| O|  |TAMS 0x0000000083d00000, 0x0000000083c00000| Untracked 
|  61|0x0000000083d00000, 0x0000000083e00000, 0x0000000083e00000|100%| O|  |TAMS 0x0000000083e00000, 0x0000000083d00000| Untracked 
|  62|0x0000000083e00000, 0x0000000083f00000, 0x0000000083f00000|100%| O|  |TAMS 0x0000000083f00000, 0x0000000083e00000| Untracked 
|  63|0x0000000083f00000, 0x0000000084000000, 0x0000000084000000|100%| O|  |TAMS 0x0000000084000000, 0x0000000083f00000| Untracked 
|  64|0x0000000084000000, 0x0000000084100000, 0x0000000084100000|100%| O|  |TAMS 0x0000000084100000, 0x0000000084000000| Untracked 
|  65|0x0000000084100000, 0x0000000084200000, 0x0000000084200000|100%| O|  |TAMS 0x0000000084200000, 0x0000000084100000| Untracked 
|  66|0x0000000084200000, 0x0000000084300000, 0x0000000084300000|100%| O|  |TAMS 0x0000000084300000, 0x0000000084200000| Untracked 
|  67|0x0000000084300000, 0x0000000084400000, 0x0000000084400000|100%| O|  |TAMS 0x0000000084400000, 0x0000000084300000| Untracked 
|  68|0x0000000084400000, 0x0000000084500000, 0x0000000084500000|100%| O|  |TAMS 0x0000000084500000, 0x0000000084400000| Untracked 
|  69|0x0000000084500000, 0x0000000084600000, 0x0000000084600000|100%| O|  |TAMS 0x0000000084600000, 0x0000000084500000| Untracked 
|  70|0x0000000084600000, 0x0000000084700000, 0x0000000084700000|100%| O|  |TAMS 0x0000000084700000, 0x0000000084600000| Untracked 
|  71|0x0000000084700000, 0x0000000084800000, 0x0000000084800000|100%| O|  |TAMS 0x0000000084800000, 0x0000000084700000| Untracked 
|  72|0x0000000084800000, 0x0000000084900000, 0x0000000084900000|100%| O|  |TAMS 0x0000000084900000, 0x0000000084800000| Untracked 
|  73|0x0000000084900000, 0x0000000084a00000, 0x0000000084a00000|100%| O|  |TAMS 0x0000000084a00000, 0x0000000084900000| Untracked 
|  74|0x0000000084a00000, 0x0000000084b00000, 0x0000000084b00000|100%| O|  |TAMS 0x0000000084b00000, 0x0000000084a00000| Untracked 
|  75|0x0000000084b00000, 0x0000000084c00000, 0x0000000084c00000|100%| O|  |TAMS 0x0000000084c00000, 0x0000000084b00000| Untracked 
|  76|0x0000000084c00000, 0x0000000084d00000, 0x0000000084d00000|100%| O|  |TAMS 0x0000000084d00000, 0x0000000084c00000| Untracked 
|  77|0x0000000084d00000, 0x0000000084e00000, 0x0000000084e00000|100%| O|  |TAMS 0x0000000084e00000, 0x0000000084d00000| Untracked 
|  78|0x0000000084e00000, 0x0000000084f00000, 0x0000000084f00000|100%| O|  |TAMS 0x0000000084f00000, 0x0000000084e00000| Untracked 
|  79|0x0000000084f00000, 0x0000000085000000, 0x0000000085000000|100%| O|  |TAMS 0x0000000085000000, 0x0000000084f00000| Untracked 
|  80|0x0000000085000000, 0x0000000085100000, 0x0000000085100000|100%| O|  |TAMS 0x0000000085100000, 0x0000000085000000| Untracked 
|  81|0x0000000085100000, 0x0000000085200000, 0x0000000085200000|100%| O|  |TAMS 0x0000000085200000, 0x0000000085100000| Untracked 
|  82|0x0000000085200000, 0x0000000085300000, 0x0000000085300000|100%| O|  |TAMS 0x0000000085300000, 0x0000000085200000| Untracked 
|  83|0x0000000085300000, 0x0000000085400000, 0x0000000085400000|100%| O|  |TAMS 0x0000000085400000, 0x0000000085300000| Untracked 
|  84|0x0000000085400000, 0x0000000085500000, 0x0000000085500000|100%| O|  |TAMS 0x0000000085500000, 0x0000000085400000| Untracked 
|  85|0x0000000085500000, 0x0000000085600000, 0x0000000085600000|100%| O|  |TAMS 0x0000000085600000, 0x0000000085500000| Untracked 
|  86|0x0000000085600000, 0x0000000085700000, 0x0000000085700000|100%| O|  |TAMS 0x0000000085700000, 0x0000000085600000| Untracked 
|  87|0x0000000085700000, 0x0000000085800000, 0x0000000085800000|100%| O|  |TAMS 0x0000000085800000, 0x0000000085700000| Untracked 
|  88|0x0000000085800000, 0x0000000085900000, 0x0000000085900000|100%| O|  |TAMS 0x0000000085900000, 0x0000000085800000| Untracked 
|  89|0x0000000085900000, 0x0000000085a00000, 0x0000000085a00000|100%| O|  |TAMS 0x0000000085a00000, 0x0000000085900000| Untracked 
|  90|0x0000000085a00000, 0x0000000085b00000, 0x0000000085b00000|100%| O|  |TAMS 0x0000000085b00000, 0x0000000085a00000| Untracked 
|  91|0x0000000085b00000, 0x0000000085c00000, 0x0000000085c00000|100%| O|  |TAMS 0x0000000085c00000, 0x0000000085b00000| Untracked 
|  92|0x0000000085c00000, 0x0000000085d00000, 0x0000000085d00000|100%| O|  |TAMS 0x0000000085ca5200, 0x0000000085c00000| Untracked 
|  93|0x0000000085d00000, 0x0000000085e00000, 0x0000000085e00000|100%| O|  |TAMS 0x0000000085d00000, 0x0000000085d00000| Untracked 
|  94|0x0000000085e00000, 0x0000000085f00000, 0x0000000085f00000|100%| O|  |TAMS 0x0000000085e00000, 0x0000000085e00000| Untracked 
|  95|0x0000000085f00000, 0x0000000086000000, 0x0000000086000000|100%| O|  |TAMS 0x0000000085f00000, 0x0000000085f00000| Untracked 
|  96|0x0000000086000000, 0x0000000086100000, 0x0000000086100000|100%| O|  |TAMS 0x0000000086000000, 0x0000000086000000| Untracked 
|  97|0x0000000086100000, 0x0000000086200000, 0x0000000086200000|100%| O|  |TAMS 0x0000000086100000, 0x0000000086100000| Untracked 
|  98|0x0000000086200000, 0x0000000086300000, 0x0000000086300000|100%| O|  |TAMS 0x0000000086200000, 0x0000000086200000| Untracked 
|  99|0x0000000086300000, 0x0000000086400000, 0x0000000086400000|100%| O|  |TAMS 0x0000000086300000, 0x0000000086300000| Untracked 
| 100|0x0000000086400000, 0x0000000086500000, 0x0000000086500000|100%| O|  |TAMS 0x0000000086400000, 0x0000000086400000| Untracked 
| 101|0x0000000086500000, 0x0000000086600000, 0x0000000086600000|100%| O|  |TAMS 0x0000000086500000, 0x0000000086500000| Untracked 
| 102|0x0000000086600000, 0x0000000086700000, 0x0000000086700000|100%| O|  |TAMS 0x0000000086600000, 0x0000000086600000| Untracked 
| 103|0x0000000086700000, 0x0000000086800000, 0x0000000086800000|100%| O|  |TAMS 0x0000000086700000, 0x0000000086700000| Untracked 
| 104|0x0000000086800000, 0x0000000086900000, 0x0000000086900000|100%| O|  |TAMS 0x0000000086800000, 0x0000000086800000| Untracked 
| 105|0x0000000086900000, 0x0000000086a00000, 0x0000000086a00000|100%| O|  |TAMS 0x0000000086900000, 0x0000000086900000| Untracked 
| 106|0x0000000086a00000, 0x0000000086b00000, 0x0000000086b00000|100%|HS|  |TAMS 0x0000000086a00000, 0x0000000086a00000| Complete 
| 107|0x0000000086b00000, 0x0000000086c00000, 0x0000000086c00000|100%|HC|  |TAMS 0x0000000086b00000, 0x0000000086b00000| Complete 
| 108|0x0000000086c00000, 0x0000000086d00000, 0x0000000086d00000|100%|HS|  |TAMS 0x0000000086c00000, 0x0000000086c00000| Complete 
| 109|0x0000000086d00000, 0x0000000086e00000, 0x0000000086e00000|100%|HS|  |TAMS 0x0000000086d00000, 0x0000000086d00000| Complete 
| 110|0x0000000086e00000, 0x0000000086f00000, 0x0000000086f00000|100%|HC|  |TAMS 0x0000000086e00000, 0x0000000086e00000| Complete 
| 111|0x0000000086f00000, 0x0000000087000000, 0x0000000087000000|100%|HS|  |TAMS 0x0000000086f00000, 0x0000000086f00000| Complete 
| 112|0x0000000087000000, 0x0000000087100000, 0x0000000087100000|100%|HC|  |TAMS 0x0000000087000000, 0x0000000087000000| Complete 
| 113|0x0000000087100000, 0x0000000087200000, 0x0000000087200000|100%|HS|  |TAMS 0x0000000087100000, 0x0000000087100000| Complete 
| 114|0x0000000087200000, 0x0000000087300000, 0x0000000087300000|100%|HC|  |TAMS 0x0000000087200000, 0x0000000087200000| Complete 
| 115|0x0000000087300000, 0x0000000087400000, 0x0000000087400000|100%|HC|  |TAMS 0x0000000087300000, 0x0000000087300000| Complete 
| 116|0x0000000087400000, 0x0000000087500000, 0x0000000087500000|100%|HS|  |TAMS 0x0000000087400000, 0x0000000087400000| Complete 
| 117|0x0000000087500000, 0x0000000087600000, 0x0000000087600000|100%|HC|  |TAMS 0x0000000087500000, 0x0000000087500000| Complete 
| 118|0x0000000087600000, 0x0000000087700000, 0x0000000087700000|100%|HC|  |TAMS 0x0000000087600000, 0x0000000087600000| Complete 
| 119|0x0000000087700000, 0x0000000087800000, 0x0000000087800000|100%|HS|  |TAMS 0x0000000087700000, 0x0000000087700000| Complete 
| 120|0x0000000087800000, 0x0000000087900000, 0x0000000087900000|100%|HS|  |TAMS 0x0000000087800000, 0x0000000087800000| Complete 
| 121|0x0000000087900000, 0x0000000087a00000, 0x0000000087a00000|100%| O|  |TAMS 0x0000000087900000, 0x0000000087900000| Untracked 
| 122|0x0000000087a00000, 0x0000000087b00000, 0x0000000087b00000|100%|HS|  |TAMS 0x0000000087a00000, 0x0000000087a00000| Complete 
| 123|0x0000000087b00000, 0x0000000087c00000, 0x0000000087c00000|100%|HC|  |TAMS 0x0000000087b00000, 0x0000000087b00000| Complete 
| 124|0x0000000087c00000, 0x0000000087d00000, 0x0000000087d00000|100%| O|  |TAMS 0x0000000087c00000, 0x0000000087c00000| Untracked 
| 125|0x0000000087d00000, 0x0000000087e00000, 0x0000000087e00000|100%|HS|  |TAMS 0x0000000087d00000, 0x0000000087d00000| Complete 
| 126|0x0000000087e00000, 0x0000000087f00000, 0x0000000087f00000|100%| O|  |TAMS 0x0000000087e00000, 0x0000000087e00000| Untracked 
| 127|0x0000000087f00000, 0x0000000088000000, 0x0000000088000000|100%|HS|  |TAMS 0x0000000087f00000, 0x0000000087f00000| Complete 
| 128|0x0000000088000000, 0x0000000088100000, 0x0000000088100000|100%| O|  |TAMS 0x0000000088000000, 0x0000000088000000| Untracked 
| 129|0x0000000088100000, 0x0000000088200000, 0x0000000088200000|100%|HS|  |TAMS 0x0000000088100000, 0x0000000088100000| Complete 
| 130|0x0000000088200000, 0x0000000088300000, 0x0000000088300000|100%|HS|  |TAMS 0x0000000088200000, 0x0000000088200000| Complete 
| 131|0x0000000088300000, 0x0000000088400000, 0x0000000088400000|100%|HC|  |TAMS 0x0000000088300000, 0x0000000088300000| Complete 
| 132|0x0000000088400000, 0x0000000088500000, 0x0000000088500000|100%|HS|  |TAMS 0x0000000088400000, 0x0000000088400000| Complete 
| 133|0x0000000088500000, 0x0000000088600000, 0x0000000088600000|100%|HC|  |TAMS 0x0000000088500000, 0x0000000088500000| Complete 
| 134|0x0000000088600000, 0x0000000088700000, 0x0000000088700000|100%|HS|  |TAMS 0x0000000088600000, 0x0000000088600000| Complete 
| 135|0x0000000088700000, 0x0000000088800000, 0x0000000088800000|100%|HC|  |TAMS 0x0000000088700000, 0x0000000088700000| Complete 
| 136|0x0000000088800000, 0x0000000088900000, 0x0000000088900000|100%| O|  |TAMS 0x0000000088800000, 0x0000000088800000| Untracked 
| 137|0x0000000088900000, 0x0000000088a00000, 0x0000000088a00000|100%| O|  |TAMS 0x0000000088900000, 0x0000000088900000| Untracked 
| 138|0x0000000088a00000, 0x0000000088b00000, 0x0000000088b00000|100%| O|  |TAMS 0x0000000088a00000, 0x0000000088a00000| Untracked 
| 139|0x0000000088b00000, 0x0000000088c00000, 0x0000000088c00000|100%|HS|  |TAMS 0x0000000088b00000, 0x0000000088b00000| Complete 
| 140|0x0000000088c00000, 0x0000000088d00000, 0x0000000088d00000|100%|HC|  |TAMS 0x0000000088c00000, 0x0000000088c00000| Complete 
| 141|0x0000000088d00000, 0x0000000088e00000, 0x0000000088e00000|100%| O|  |TAMS 0x0000000088d00000, 0x0000000088d00000| Untracked 
| 142|0x0000000088e00000, 0x0000000088f00000, 0x0000000088f00000|100%| O|  |TAMS 0x0000000088e00000, 0x0000000088e00000| Untracked 
| 143|0x0000000088f00000, 0x0000000089000000, 0x0000000089000000|100%| O|  |TAMS 0x0000000088f00000, 0x0000000088f00000| Untracked 
| 144|0x0000000089000000, 0x0000000089100000, 0x0000000089100000|100%| O|  |TAMS 0x0000000089000000, 0x0000000089000000| Untracked 
| 145|0x0000000089100000, 0x0000000089200000, 0x0000000089200000|100%| O|  |TAMS 0x0000000089100000, 0x0000000089100000| Untracked 
| 146|0x0000000089200000, 0x0000000089300000, 0x0000000089300000|100%| O|  |TAMS 0x0000000089200000, 0x0000000089200000| Untracked 
| 147|0x0000000089300000, 0x0000000089400000, 0x0000000089400000|100%|HS|  |TAMS 0x0000000089300000, 0x0000000089300000| Complete 
| 148|0x0000000089400000, 0x0000000089500000, 0x0000000089500000|100%|HC|  |TAMS 0x0000000089400000, 0x0000000089400000| Complete 
| 149|0x0000000089500000, 0x0000000089600000, 0x0000000089600000|100%|HC|  |TAMS 0x0000000089500000, 0x0000000089500000| Complete 
| 150|0x0000000089600000, 0x0000000089700000, 0x0000000089700000|100%| O|  |TAMS 0x0000000089600000, 0x0000000089600000| Untracked 
| 151|0x0000000089700000, 0x0000000089800000, 0x0000000089800000|100%| O|  |TAMS 0x0000000089700000, 0x0000000089700000| Untracked 
| 152|0x0000000089800000, 0x0000000089900000, 0x0000000089900000|100%| O|  |TAMS 0x0000000089800000, 0x0000000089800000| Untracked 
| 153|0x0000000089900000, 0x0000000089a00000, 0x0000000089a00000|100%| O|  |TAMS 0x0000000089900000, 0x0000000089900000| Untracked 
| 154|0x0000000089a00000, 0x0000000089b00000, 0x0000000089b00000|100%| O|  |TAMS 0x0000000089a00000, 0x0000000089a00000| Untracked 
| 155|0x0000000089b00000, 0x0000000089c00000, 0x0000000089c00000|100%| O|  |TAMS 0x0000000089b00000, 0x0000000089b00000| Untracked 
| 156|0x0000000089c00000, 0x0000000089d00000, 0x0000000089d00000|100%|HS|  |TAMS 0x0000000089c00000, 0x0000000089c00000| Complete 
| 157|0x0000000089d00000, 0x0000000089e00000, 0x0000000089e00000|100%|HC|  |TAMS 0x0000000089d00000, 0x0000000089d00000| Complete 
| 158|0x0000000089e00000, 0x0000000089f00000, 0x0000000089f00000|100%|HC|  |TAMS 0x0000000089e00000, 0x0000000089e00000| Complete 
| 159|0x0000000089f00000, 0x000000008a000000, 0x000000008a000000|100%| O|  |TAMS 0x0000000089f00000, 0x0000000089f00000| Untracked 
| 160|0x000000008a000000, 0x000000008a100000, 0x000000008a100000|100%| O|  |TAMS 0x000000008a000000, 0x000000008a000000| Untracked 
| 161|0x000000008a100000, 0x000000008a200000, 0x000000008a200000|100%| O|  |TAMS 0x000000008a100000, 0x000000008a100000| Untracked 
| 162|0x000000008a200000, 0x000000008a300000, 0x000000008a300000|100%| O|  |TAMS 0x000000008a200000, 0x000000008a200000| Untracked 
| 163|0x000000008a300000, 0x000000008a400000, 0x000000008a400000|100%| O|  |TAMS 0x000000008a300000, 0x000000008a300000| Untracked 
| 164|0x000000008a400000, 0x000000008a500000, 0x000000008a500000|100%| O|  |TAMS 0x000000008a400000, 0x000000008a400000| Untracked 
| 165|0x000000008a500000, 0x000000008a600000, 0x000000008a600000|100%| O|  |TAMS 0x000000008a500000, 0x000000008a500000| Untracked 
| 166|0x000000008a600000, 0x000000008a700000, 0x000000008a700000|100%| O|  |TAMS 0x000000008a600000, 0x000000008a600000| Untracked 
| 167|0x000000008a700000, 0x000000008a800000, 0x000000008a800000|100%| O|  |TAMS 0x000000008a700000, 0x000000008a700000| Untracked 
| 168|0x000000008a800000, 0x000000008a900000, 0x000000008a900000|100%| O|  |TAMS 0x000000008a800000, 0x000000008a800000| Untracked 
| 169|0x000000008a900000, 0x000000008aa00000, 0x000000008aa00000|100%| O|  |TAMS 0x000000008a900000, 0x000000008a900000| Untracked 
| 170|0x000000008aa00000, 0x000000008ab00000, 0x000000008ab00000|100%| O|  |TAMS 0x000000008aa00000, 0x000000008aa00000| Untracked 
| 171|0x000000008ab00000, 0x000000008ac00000, 0x000000008ac00000|100%| O|  |TAMS 0x000000008ab00000, 0x000000008ab00000| Untracked 
| 172|0x000000008ac00000, 0x000000008ad00000, 0x000000008ad00000|100%| O|  |TAMS 0x000000008ac00000, 0x000000008ac00000| Untracked 
| 173|0x000000008ad00000, 0x000000008ae00000, 0x000000008ae00000|100%| O|  |TAMS 0x000000008ad00000, 0x000000008ad00000| Untracked 
| 174|0x000000008ae00000, 0x000000008af00000, 0x000000008af00000|100%| O|  |TAMS 0x000000008ae00000, 0x000000008ae00000| Untracked 
| 175|0x000000008af00000, 0x000000008b000000, 0x000000008b000000|100%| O|  |TAMS 0x000000008af00000, 0x000000008af00000| Untracked 
| 176|0x000000008b000000, 0x000000008b100000, 0x000000008b100000|100%| O|  |TAMS 0x000000008b000000, 0x000000008b000000| Untracked 
| 177|0x000000008b100000, 0x000000008b200000, 0x000000008b200000|100%| O|  |TAMS 0x000000008b100000, 0x000000008b100000| Untracked 
| 178|0x000000008b200000, 0x000000008b300000, 0x000000008b300000|100%| O|  |TAMS 0x000000008b200000, 0x000000008b200000| Untracked 
| 179|0x000000008b300000, 0x000000008b400000, 0x000000008b400000|100%| O|  |TAMS 0x000000008b300000, 0x000000008b300000| Untracked 
| 180|0x000000008b400000, 0x000000008b500000, 0x000000008b500000|100%| O|  |TAMS 0x000000008b400000, 0x000000008b400000| Untracked 
| 181|0x000000008b500000, 0x000000008b600000, 0x000000008b600000|100%| O|  |TAMS 0x000000008b500000, 0x000000008b500000| Untracked 
| 182|0x000000008b600000, 0x000000008b700000, 0x000000008b700000|100%| O|  |TAMS 0x000000008b600000, 0x000000008b600000| Untracked 
| 183|0x000000008b700000, 0x000000008b800000, 0x000000008b800000|100%| O|  |TAMS 0x000000008b700000, 0x000000008b700000| Untracked 
| 184|0x000000008b800000, 0x000000008b900000, 0x000000008b900000|100%| O|  |TAMS 0x000000008b800000, 0x000000008b800000| Untracked 
| 185|0x000000008b900000, 0x000000008ba00000, 0x000000008ba00000|100%| O|  |TAMS 0x000000008b900000, 0x000000008b900000| Untracked 
| 186|0x000000008ba00000, 0x000000008bb00000, 0x000000008bb00000|100%| O|  |TAMS 0x000000008ba00000, 0x000000008ba00000| Untracked 
| 187|0x000000008bb00000, 0x000000008bc00000, 0x000000008bc00000|100%| O|  |TAMS 0x000000008bb00000, 0x000000008bb00000| Untracked 
| 188|0x000000008bc00000, 0x000000008bd00000, 0x000000008bd00000|100%| O|  |TAMS 0x000000008bc00000, 0x000000008bc00000| Untracked 
| 189|0x000000008bd00000, 0x000000008be00000, 0x000000008be00000|100%| O|  |TAMS 0x000000008bd00000, 0x000000008bd00000| Untracked 
| 190|0x000000008be00000, 0x000000008bf00000, 0x000000008bf00000|100%| O|  |TAMS 0x000000008be00000, 0x000000008be00000| Untracked 
| 191|0x000000008bf00000, 0x000000008c000000, 0x000000008c000000|100%| O|  |TAMS 0x000000008bf00000, 0x000000008bf00000| Untracked 
| 192|0x000000008c000000, 0x000000008c100000, 0x000000008c100000|100%| O|  |TAMS 0x000000008c000000, 0x000000008c000000| Untracked 
| 193|0x000000008c100000, 0x000000008c200000, 0x000000008c200000|100%| O|  |TAMS 0x000000008c100000, 0x000000008c100000| Untracked 
| 194|0x000000008c200000, 0x000000008c300000, 0x000000008c300000|100%| O|  |TAMS 0x000000008c200000, 0x000000008c200000| Untracked 
| 195|0x000000008c300000, 0x000000008c400000, 0x000000008c400000|100%| O|  |TAMS 0x000000008c300000, 0x000000008c300000| Untracked 
| 196|0x000000008c400000, 0x000000008c500000, 0x000000008c500000|100%| O|  |TAMS 0x000000008c400000, 0x000000008c400000| Untracked 
| 197|0x000000008c500000, 0x000000008c600000, 0x000000008c600000|100%| O|  |TAMS 0x000000008c500000, 0x000000008c500000| Untracked 
| 198|0x000000008c600000, 0x000000008c700000, 0x000000008c700000|100%| O|  |TAMS 0x000000008c600000, 0x000000008c600000| Untracked 
| 199|0x000000008c700000, 0x000000008c800000, 0x000000008c800000|100%| O|  |TAMS 0x000000008c700000, 0x000000008c700000| Untracked 
| 200|0x000000008c800000, 0x000000008c900000, 0x000000008c900000|100%| O|  |TAMS 0x000000008c800000, 0x000000008c800000| Untracked 
| 201|0x000000008c900000, 0x000000008ca00000, 0x000000008ca00000|100%| O|  |TAMS 0x000000008c900000, 0x000000008c900000| Untracked 
| 202|0x000000008ca00000, 0x000000008cb00000, 0x000000008cb00000|100%| O|  |TAMS 0x000000008ca00000, 0x000000008ca00000| Untracked 
| 203|0x000000008cb00000, 0x000000008cc00000, 0x000000008cc00000|100%| O|  |TAMS 0x000000008cb00000, 0x000000008cb00000| Untracked 
| 204|0x000000008cc00000, 0x000000008cd00000, 0x000000008cd00000|100%| O|  |TAMS 0x000000008cc00000, 0x000000008cc00000| Untracked 
| 205|0x000000008cd00000, 0x000000008ce00000, 0x000000008ce00000|100%| O|  |TAMS 0x000000008cd00000, 0x000000008cd00000| Untracked 
| 206|0x000000008ce00000, 0x000000008cf00000, 0x000000008cf00000|100%| O|  |TAMS 0x000000008ce00000, 0x000000008ce00000| Untracked 
| 207|0x000000008cf00000, 0x000000008d000000, 0x000000008d000000|100%| O|  |TAMS 0x000000008cf00000, 0x000000008cf00000| Untracked 
| 208|0x000000008d000000, 0x000000008d100000, 0x000000008d100000|100%| O|  |TAMS 0x000000008d000000, 0x000000008d000000| Untracked 
| 209|0x000000008d100000, 0x000000008d200000, 0x000000008d200000|100%| O|  |TAMS 0x000000008d100000, 0x000000008d100000| Untracked 
| 210|0x000000008d200000, 0x000000008d300000, 0x000000008d300000|100%| O|  |TAMS 0x000000008d200000, 0x000000008d200000| Untracked 
| 211|0x000000008d300000, 0x000000008d400000, 0x000000008d400000|100%| O|  |TAMS 0x000000008d300000, 0x000000008d300000| Untracked 
| 212|0x000000008d400000, 0x000000008d500000, 0x000000008d500000|100%| O|  |TAMS 0x000000008d400000, 0x000000008d400000| Untracked 
| 213|0x000000008d500000, 0x000000008d500000, 0x000000008d600000|  0%| F|  |TAMS 0x000000008d500000, 0x000000008d500000| Untracked 
| 214|0x000000008d600000, 0x000000008d600000, 0x000000008d700000|  0%| F|  |TAMS 0x000000008d600000, 0x000000008d600000| Untracked 
| 215|0x000000008d700000, 0x000000008d700000, 0x000000008d800000|  0%| F|  |TAMS 0x000000008d700000, 0x000000008d700000| Untracked 
| 216|0x000000008d800000, 0x000000008d800000, 0x000000008d900000|  0%| F|  |TAMS 0x000000008d800000, 0x000000008d800000| Untracked 
| 217|0x000000008d900000, 0x000000008d900000, 0x000000008da00000|  0%| F|  |TAMS 0x000000008d900000, 0x000000008d900000| Untracked 
| 218|0x000000008da00000, 0x000000008da00000, 0x000000008db00000|  0%| F|  |TAMS 0x000000008da00000, 0x000000008da00000| Untracked 
| 219|0x000000008db00000, 0x000000008db00000, 0x000000008dc00000|  0%| F|  |TAMS 0x000000008db00000, 0x000000008db00000| Untracked 
| 220|0x000000008dc00000, 0x000000008dc00000, 0x000000008dd00000|  0%| F|  |TAMS 0x000000008dc00000, 0x000000008dc00000| Untracked 
| 221|0x000000008dd00000, 0x000000008dd00000, 0x000000008de00000|  0%| F|  |TAMS 0x000000008dd00000, 0x000000008dd00000| Untracked 
| 222|0x000000008de00000, 0x000000008de00000, 0x000000008df00000|  0%| F|  |TAMS 0x000000008de00000, 0x000000008de00000| Untracked 
| 223|0x000000008df00000, 0x000000008df00000, 0x000000008e000000|  0%| F|  |TAMS 0x000000008df00000, 0x000000008df00000| Untracked 
| 224|0x000000008e000000, 0x000000008e000000, 0x000000008e100000|  0%| F|  |TAMS 0x000000008e000000, 0x000000008e000000| Untracked 
| 225|0x000000008e100000, 0x000000008e100000, 0x000000008e200000|  0%| F|  |TAMS 0x000000008e100000, 0x000000008e100000| Untracked 
| 226|0x000000008e200000, 0x000000008e200000, 0x000000008e300000|  0%| F|  |TAMS 0x000000008e200000, 0x000000008e200000| Untracked 
| 227|0x000000008e300000, 0x000000008e300000, 0x000000008e400000|  0%| F|  |TAMS 0x000000008e300000, 0x000000008e300000| Untracked 
| 228|0x000000008e400000, 0x000000008e400000, 0x000000008e500000|  0%| F|  |TAMS 0x000000008e400000, 0x000000008e400000| Untracked 
| 229|0x000000008e500000, 0x000000008e500000, 0x000000008e600000|  0%| F|  |TAMS 0x000000008e500000, 0x000000008e500000| Untracked 
| 230|0x000000008e600000, 0x000000008e600000, 0x000000008e700000|  0%| F|  |TAMS 0x000000008e600000, 0x000000008e600000| Untracked 
| 231|0x000000008e700000, 0x000000008e700000, 0x000000008e800000|  0%| F|  |TAMS 0x000000008e700000, 0x000000008e700000| Untracked 
| 232|0x000000008e800000, 0x000000008e800000, 0x000000008e900000|  0%| F|  |TAMS 0x000000008e800000, 0x000000008e800000| Untracked 
| 233|0x000000008e900000, 0x000000008e900000, 0x000000008ea00000|  0%| F|  |TAMS 0x000000008e900000, 0x000000008e900000| Untracked 
| 234|0x000000008ea00000, 0x000000008ea00000, 0x000000008eb00000|  0%| F|  |TAMS 0x000000008ea00000, 0x000000008ea00000| Untracked 
| 235|0x000000008eb00000, 0x000000008eb00000, 0x000000008ec00000|  0%| F|  |TAMS 0x000000008eb00000, 0x000000008eb00000| Untracked 
| 236|0x000000008ec00000, 0x000000008ec00000, 0x000000008ed00000|  0%| F|  |TAMS 0x000000008ec00000, 0x000000008ec00000| Untracked 
| 237|0x000000008ed00000, 0x000000008ed00000, 0x000000008ee00000|  0%| F|  |TAMS 0x000000008ed00000, 0x000000008ed00000| Untracked 
| 238|0x000000008ee00000, 0x000000008ee00000, 0x000000008ef00000|  0%| F|  |TAMS 0x000000008ee00000, 0x000000008ee00000| Untracked 
| 239|0x000000008ef00000, 0x000000008ef00000, 0x000000008f000000|  0%| F|  |TAMS 0x000000008ef00000, 0x000000008ef00000| Untracked 
| 240|0x000000008f000000, 0x000000008f000000, 0x000000008f100000|  0%| F|  |TAMS 0x000000008f000000, 0x000000008f000000| Untracked 
| 241|0x000000008f100000, 0x000000008f100000, 0x000000008f200000|  0%| F|  |TAMS 0x000000008f100000, 0x000000008f100000| Untracked 
| 242|0x000000008f200000, 0x000000008f200000, 0x000000008f300000|  0%| F|  |TAMS 0x000000008f200000, 0x000000008f200000| Untracked 
| 243|0x000000008f300000, 0x000000008f300000, 0x000000008f400000|  0%| F|  |TAMS 0x000000008f300000, 0x000000008f300000| Untracked 
| 244|0x000000008f400000, 0x000000008f400000, 0x000000008f500000|  0%| F|  |TAMS 0x000000008f400000, 0x000000008f400000| Untracked 
| 245|0x000000008f500000, 0x000000008f500000, 0x000000008f600000|  0%| F|  |TAMS 0x000000008f500000, 0x000000008f500000| Untracked 
| 246|0x000000008f600000, 0x000000008f600000, 0x000000008f700000|  0%| F|  |TAMS 0x000000008f600000, 0x000000008f600000| Untracked 
| 247|0x000000008f700000, 0x000000008f700000, 0x000000008f800000|  0%| F|  |TAMS 0x000000008f700000, 0x000000008f700000| Untracked 
| 248|0x000000008f800000, 0x000000008f800000, 0x000000008f900000|  0%| F|  |TAMS 0x000000008f800000, 0x000000008f800000| Untracked 
| 249|0x000000008f900000, 0x000000008f900000, 0x000000008fa00000|  0%| F|  |TAMS 0x000000008f900000, 0x000000008f900000| Untracked 
| 250|0x000000008fa00000, 0x000000008fa00000, 0x000000008fb00000|  0%| F|  |TAMS 0x000000008fa00000, 0x000000008fa00000| Untracked 
| 251|0x000000008fb00000, 0x000000008fb00000, 0x000000008fc00000|  0%| F|  |TAMS 0x000000008fb00000, 0x000000008fb00000| Untracked 
| 252|0x000000008fc00000, 0x000000008fc00000, 0x000000008fd00000|  0%| F|  |TAMS 0x000000008fc00000, 0x000000008fc00000| Untracked 
| 253|0x000000008fd00000, 0x000000008fd00000, 0x000000008fe00000|  0%| F|  |TAMS 0x000000008fd00000, 0x000000008fd00000| Untracked 
| 254|0x000000008fe00000, 0x000000008ff00000, 0x000000008ff00000|100%| S|CS|TAMS 0x000000008fe00000, 0x000000008fe00000| Complete 
| 255|0x000000008ff00000, 0x0000000090000000, 0x0000000090000000|100%| S|CS|TAMS 0x000000008ff00000, 0x000000008ff00000| Complete 
| 256|0x0000000090000000, 0x0000000090100000, 0x0000000090100000|100%| S|CS|TAMS 0x0000000090000000, 0x0000000090000000| Complete 
| 257|0x0000000090100000, 0x0000000090200000, 0x0000000090200000|100%| S|CS|TAMS 0x0000000090100000, 0x0000000090100000| Complete 
| 258|0x0000000090200000, 0x0000000090300000, 0x0000000090300000|100%| S|CS|TAMS 0x0000000090200000, 0x0000000090200000| Complete 
| 259|0x0000000090300000, 0x0000000090300000, 0x0000000090400000|  0%| F|  |TAMS 0x0000000090300000, 0x0000000090300000| Untracked 
| 260|0x0000000090400000, 0x0000000090400000, 0x0000000090500000|  0%| F|  |TAMS 0x0000000090400000, 0x0000000090400000| Untracked 
| 261|0x0000000090500000, 0x0000000090500000, 0x0000000090600000|  0%| F|  |TAMS 0x0000000090500000, 0x0000000090500000| Untracked 
| 262|0x0000000090600000, 0x0000000090600000, 0x0000000090700000|  0%| F|  |TAMS 0x0000000090600000, 0x0000000090600000| Untracked 
| 263|0x0000000090700000, 0x0000000090700000, 0x0000000090800000|  0%| F|  |TAMS 0x0000000090700000, 0x0000000090700000| Untracked 
| 264|0x0000000090800000, 0x0000000090800000, 0x0000000090900000|  0%| F|  |TAMS 0x0000000090800000, 0x0000000090800000| Untracked 
| 265|0x0000000090900000, 0x0000000090900000, 0x0000000090a00000|  0%| F|  |TAMS 0x0000000090900000, 0x0000000090900000| Untracked 
| 266|0x0000000090a00000, 0x0000000090a00000, 0x0000000090b00000|  0%| F|  |TAMS 0x0000000090a00000, 0x0000000090a00000| Untracked 
| 267|0x0000000090b00000, 0x0000000090b00000, 0x0000000090c00000|  0%| F|  |TAMS 0x0000000090b00000, 0x0000000090b00000| Untracked 
| 268|0x0000000090c00000, 0x0000000090c00000, 0x0000000090d00000|  0%| F|  |TAMS 0x0000000090c00000, 0x0000000090c00000| Untracked 
| 269|0x0000000090d00000, 0x0000000090d00000, 0x0000000090e00000|  0%| F|  |TAMS 0x0000000090d00000, 0x0000000090d00000| Untracked 
| 270|0x0000000090e00000, 0x0000000090e00000, 0x0000000090f00000|  0%| F|  |TAMS 0x0000000090e00000, 0x0000000090e00000| Untracked 
| 271|0x0000000090f00000, 0x0000000090f00000, 0x0000000091000000|  0%| F|  |TAMS 0x0000000090f00000, 0x0000000090f00000| Untracked 
| 272|0x0000000091000000, 0x0000000091000000, 0x0000000091100000|  0%| F|  |TAMS 0x0000000091000000, 0x0000000091000000| Untracked 
| 273|0x0000000091100000, 0x0000000091100000, 0x0000000091200000|  0%| F|  |TAMS 0x0000000091100000, 0x0000000091100000| Untracked 
| 274|0x0000000091200000, 0x0000000091200000, 0x0000000091300000|  0%| F|  |TAMS 0x0000000091200000, 0x0000000091200000| Untracked 
| 275|0x0000000091300000, 0x0000000091300000, 0x0000000091400000|  0%| F|  |TAMS 0x0000000091300000, 0x0000000091300000| Untracked 
| 276|0x0000000091400000, 0x0000000091400000, 0x0000000091500000|  0%| F|  |TAMS 0x0000000091400000, 0x0000000091400000| Untracked 
| 277|0x0000000091500000, 0x0000000091500000, 0x0000000091600000|  0%| F|  |TAMS 0x0000000091500000, 0x0000000091500000| Untracked 
| 278|0x0000000091600000, 0x0000000091600000, 0x0000000091700000|  0%| F|  |TAMS 0x0000000091600000, 0x0000000091600000| Untracked 
| 279|0x0000000091700000, 0x0000000091700000, 0x0000000091800000|  0%| F|  |TAMS 0x0000000091700000, 0x0000000091700000| Untracked 
| 280|0x0000000091800000, 0x0000000091800000, 0x0000000091900000|  0%| F|  |TAMS 0x0000000091800000, 0x0000000091800000| Untracked 
| 281|0x0000000091900000, 0x0000000091900000, 0x0000000091a00000|  0%| F|  |TAMS 0x0000000091900000, 0x0000000091900000| Untracked 
| 282|0x0000000091a00000, 0x0000000091a00000, 0x0000000091b00000|  0%| F|  |TAMS 0x0000000091a00000, 0x0000000091a00000| Untracked 
| 283|0x0000000091b00000, 0x0000000091b00000, 0x0000000091c00000|  0%| F|  |TAMS 0x0000000091b00000, 0x0000000091b00000| Untracked 
| 284|0x0000000091c00000, 0x0000000091c00000, 0x0000000091d00000|  0%| F|  |TAMS 0x0000000091c00000, 0x0000000091c00000| Untracked 
| 285|0x0000000091d00000, 0x0000000091d00000, 0x0000000091e00000|  0%| F|  |TAMS 0x0000000091d00000, 0x0000000091d00000| Untracked 
| 286|0x0000000091e00000, 0x0000000091e00000, 0x0000000091f00000|  0%| F|  |TAMS 0x0000000091e00000, 0x0000000091e00000| Untracked 
|2033|0x00000000ff100000, 0x00000000ff200000, 0x00000000ff200000|100%| O|  |TAMS 0x00000000ff100000, 0x00000000ff100000| Untracked 
|2034|0x00000000ff200000, 0x00000000ff300000, 0x00000000ff300000|100%| O|  |TAMS 0x00000000ff200000, 0x00000000ff200000| Untracked 
|2035|0x00000000ff300000, 0x00000000ff400000, 0x00000000ff400000|100%| O|  |TAMS 0x00000000ff300000, 0x00000000ff300000| Untracked 
|2036|0x00000000ff400000, 0x00000000ff500000, 0x00000000ff500000|100%| O|  |TAMS 0x00000000ff400000, 0x00000000ff400000| Untracked 
|2037|0x00000000ff500000, 0x00000000ff600000, 0x00000000ff600000|100%| O|  |TAMS 0x00000000ff500000, 0x00000000ff500000| Untracked 
|2038|0x00000000ff600000, 0x00000000ff700000, 0x00000000ff700000|100%| O|  |TAMS 0x00000000ff600000, 0x00000000ff600000| Untracked 
|2039|0x00000000ff700000, 0x00000000ff800000, 0x00000000ff800000|100%| O|  |TAMS 0x00000000ff700000, 0x00000000ff700000| Untracked 
|2040|0x00000000ff800000, 0x00000000ff900000, 0x00000000ff900000|100%| O|  |TAMS 0x00000000ff800000, 0x00000000ff800000| Untracked 
|2041|0x00000000ff900000, 0x00000000ffa00000, 0x00000000ffa00000|100%| O|  |TAMS 0x00000000ff900000, 0x00000000ff900000| Untracked 
|2042|0x00000000ffa00000, 0x00000000ffb00000, 0x00000000ffb00000|100%| O|  |TAMS 0x00000000ffa00000, 0x00000000ffa00000| Untracked 
|2043|0x00000000ffb00000, 0x00000000ffc00000, 0x00000000ffc00000|100%| O|  |TAMS 0x00000000ffb00000, 0x00000000ffb00000| Untracked 
|2044|0x00000000ffc00000, 0x00000000ffd00000, 0x00000000ffd00000|100%| O|  |TAMS 0x00000000ffc00000, 0x00000000ffc00000| Untracked 
|2045|0x00000000ffd00000, 0x00000000ffe00000, 0x00000000ffe00000|100%| O|  |TAMS 0x00000000ffd00000, 0x00000000ffd00000| Untracked 
|2046|0x00000000ffe00000, 0x00000000fff00000, 0x00000000fff00000|100%| O|  |TAMS 0x00000000ffe00000, 0x00000000ffe00000| Untracked 
|2047|0x00000000fff00000, 0x0000000100000000, 0x0000000100000000|100%| O|  |TAMS 0x00000000fff00000, 0x00000000fff00000| Untracked 

Card table byte_map: [0x0000027b34e80000,0x0000027b35280000] _byte_map_base: 0x0000027b34a80000

Marking Bits (Prev, Next): (CMBitMap*) 0x0000027b222dd060, (CMBitMap*) 0x0000027b222dd020
 Prev Bits: [0x0000027b37680000, 0x0000027b39680000)
 Next Bits: [0x0000027b35680000, 0x0000027b37680000)

Polling page: 0x0000027b201c0000

Metaspace:

Usage:
  Non-class:     88.70 MB used.
      Class:     14.23 MB used.
       Both:    102.94 MB used.

Virtual space:
  Non-class space:      128.00 MB reserved,      89.00 MB ( 70%) committed,  2 nodes.
      Class space:        1.00 GB reserved,      14.62 MB (  1%) committed,  1 nodes.
             Both:        1.12 GB reserved,     103.62 MB (  9%) committed. 

Chunk freelists:
   Non-Class:  6.88 MB
       Class:  1.36 MB
        Both:  8.23 MB

MaxMetaspaceSize: unlimited
CompressedClassSpaceSize: 1.00 GB
Initial GC threshold: 21.00 MB
Current GC threshold: 158.88 MB
CDS: off
MetaspaceReclaimPolicy: balanced
 - commit_granule_bytes: 65536.
 - commit_granule_words: 8192.
 - virtual_space_node_default_size: 8388608.
 - enlarge_chunks_in_place: 1.
 - new_chunks_are_fully_committed: 0.
 - uncommit_free_chunks: 1.
 - use_allocation_guard: 0.
 - handle_deallocations: 1.


Internal statistics:

num_allocs_failed_limit: 6.
num_arena_births: 1120.
num_arena_deaths: 10.
num_vsnodes_births: 3.
num_vsnodes_deaths: 0.
num_space_committed: 1657.
num_space_uncommitted: 0.
num_chunks_returned_to_freelist: 19.
num_chunks_taken_from_freelist: 5035.
num_chunk_merges: 11.
num_chunk_splits: 3361.
num_chunks_enlarged: 2310.
num_inconsistent_stats: 0.

CodeHeap 'non-profiled nmethods': size=120000Kb used=7086Kb max_used=7086Kb free=112913Kb
 bounds [0x0000027b2d220000, 0x0000027b2d910000, 0x0000027b34750000]
CodeHeap 'profiled nmethods': size=120000Kb used=22252Kb max_used=22252Kb free=97747Kb
 bounds [0x0000027b25750000, 0x0000027b26d10000, 0x0000027b2cc80000]
CodeHeap 'non-nmethods': size=5760Kb used=2426Kb max_used=2478Kb free=3333Kb
 bounds [0x0000027b2cc80000, 0x0000027b2cf00000, 0x0000027b2d220000]
 total_blobs=12283 nmethods=11338 adapters=855
 compilation: enabled
              stopped_count=0, restarted_count=0
 full_count=0

Compilation events (20 events):
Event: 11.000 Thread 0x0000027b3c2e4e10 13006 %     3       com.android.tools.r8.dex.C::a @ 27 (305 bytes)
Event: 11.002 Thread 0x0000027b3c2e4e10 nmethod 13006% 0x0000027b26d03090 code [0x0000027b26d033e0, 0x0000027b26d04bc8]
Event: 11.003 Thread 0x0000027b3c2e4e10 13007       2       com.android.tools.r8.dex.code.z3::<init> (8 bytes)
Event: 11.003 Thread 0x0000027b3c2e4e10 nmethod 13007 0x0000027b26d05710 code [0x0000027b26d058a0, 0x0000027b26d059c8]
Event: 11.011 Thread 0x0000027b3c2e4e10 13009       2       com.android.tools.r8.dex.code.y2::<init> (7 bytes)
Event: 11.012 Thread 0x0000027b3c2e4e10 nmethod 13009 0x0000027b26d05a90 code [0x0000027b26d05c20, 0x0000027b26d05d48]
Event: 11.022 Thread 0x0000027b3c2e4e10 13012       2       com.android.tools.r8.dex.code.N3::<init> (85 bytes)
Event: 11.023 Thread 0x0000027b3c2e4e10 nmethod 13012 0x0000027b26d05e10 code [0x0000027b26d06000, 0x0000027b26d065c8]
Event: 11.024 Thread 0x0000027b3c2e4e10 13013       3       com.android.tools.r8.dex.C::a (305 bytes)
Event: 11.026 Thread 0x0000027b3c2e4e10 nmethod 13013 0x0000027b26d06910 code [0x0000027b26d06c60, 0x0000027b26d082c8]
Event: 11.029 Thread 0x0000027b3c2e4e10 13015       2       com.android.tools.r8.dex.code.Q0::<init> (34 bytes)
Event: 11.030 Thread 0x0000027b3c2e4e10 nmethod 13015 0x0000027b26d08d90 code [0x0000027b26d08f20, 0x0000027b26d09088]
Event: 11.030 Thread 0x0000027b3c2e4e10 13016       2       com.android.tools.r8.dex.code.Q0::hashCode (28 bytes)
Event: 11.030 Thread 0x0000027b3c2e4e10 nmethod 13016 0x0000027b26d09190 code [0x0000027b26d09320, 0x0000027b26d09488]
Event: 11.031 Thread 0x0000027b3c2e4e10 13017       2       com.android.tools.r8.dex.code.j1::<init> (7 bytes)
Event: 11.031 Thread 0x0000027b3c2e4e10 nmethod 13017 0x0000027b26d09510 code [0x0000027b26d096a0, 0x0000027b26d097c8]
Event: 11.034 Thread 0x0000027b3c2e4e10 13018       2       com.android.tools.r8.dex.code.v::<init> (7 bytes)
Event: 11.034 Thread 0x0000027b3c2e4e10 nmethod 13018 0x0000027b26d09890 code [0x0000027b26d09a20, 0x0000027b26d09b48]
Event: 11.036 Thread 0x0000027b3c2e4e10 13019 %     3       com.android.tools.r8.dex.C::f @ 34 (109 bytes)
Event: 11.037 Thread 0x0000027b3c2e4e10 nmethod 13019% 0x0000027b26d09c10 code [0x0000027b26d09e80, 0x0000027b26d0aa78]

GC Heap History (20 events):
Event: 8.274 GC heap after
{Heap after GC invocations=34 (full 0):
 garbage-first heap   total 165888K, used 85545K [0x0000000080000000, 0x0000000100000000)
  region size 1024K, 8 young (8192K), 8 survivors (8192K)
 Metaspace       used 95589K, committed 96192K, reserved 1179648K
  class space    used 13033K, committed 13312K, reserved 1048576K
}
Event: 8.511 GC heap before
{Heap before GC invocations=34 (full 0):
 garbage-first heap   total 165888K, used 131625K [0x0000000080000000, 0x0000000100000000)
  region size 1024K, 54 young (55296K), 8 survivors (8192K)
 Metaspace       used 96152K, committed 96768K, reserved 1179648K
  class space    used 13143K, committed 13440K, reserved 1048576K
}
Event: 8.518 GC heap after
{Heap after GC invocations=35 (full 0):
 garbage-first heap   total 165888K, used 91586K [0x0000000080000000, 0x0000000100000000)
  region size 1024K, 6 young (6144K), 6 survivors (6144K)
 Metaspace       used 96152K, committed 96768K, reserved 1179648K
  class space    used 13143K, committed 13440K, reserved 1048576K
}
Event: 8.769 GC heap before
{Heap before GC invocations=36 (full 0):
 garbage-first heap   total 171008K, used 132546K [0x0000000080000000, 0x0000000100000000)
  region size 1024K, 47 young (48128K), 6 survivors (6144K)
 Metaspace       used 96609K, committed 97280K, reserved 1179648K
  class space    used 13191K, committed 13504K, reserved 1048576K
}
Event: 8.773 GC heap after
{Heap after GC invocations=37 (full 0):
 garbage-first heap   total 171008K, used 94439K [0x0000000080000000, 0x0000000100000000)
  region size 1024K, 5 young (5120K), 5 survivors (5120K)
 Metaspace       used 96609K, committed 97280K, reserved 1179648K
  class space    used 13191K, committed 13504K, reserved 1048576K
}
Event: 8.800 GC heap before
{Heap before GC invocations=37 (full 0):
 garbage-first heap   total 171008K, used 97511K [0x0000000080000000, 0x0000000100000000)
  region size 1024K, 8 young (8192K), 5 survivors (5120K)
 Metaspace       used 96648K, committed 97280K, reserved 1179648K
  class space    used 13193K, committed 13504K, reserved 1048576K
}
Event: 8.803 GC heap after
{Heap after GC invocations=38 (full 0):
 garbage-first heap   total 171008K, used 94643K [0x0000000080000000, 0x0000000100000000)
  region size 1024K, 1 young (1024K), 1 survivors (1024K)
 Metaspace       used 96648K, committed 97280K, reserved 1179648K
  class space    used 13193K, committed 13504K, reserved 1048576K
}
Event: 8.983 GC heap before
{Heap before GC invocations=38 (full 0):
 garbage-first heap   total 171008K, used 137651K [0x0000000080000000, 0x0000000100000000)
  region size 1024K, 44 young (45056K), 1 survivors (1024K)
 Metaspace       used 96876K, committed 97536K, reserved 1179648K
  class space    used 13197K, committed 13504K, reserved 1048576K
}
Event: 8.987 GC heap after
{Heap after GC invocations=39 (full 0):
 garbage-first heap   total 293888K, used 97891K [0x0000000080000000, 0x0000000100000000)
  region size 1024K, 4 young (4096K), 4 survivors (4096K)
 Metaspace       used 96876K, committed 97536K, reserved 1179648K
  class space    used 13197K, committed 13504K, reserved 1048576K
}
Event: 9.719 GC heap before
{Heap before GC invocations=40 (full 0):
 garbage-first heap   total 293888K, used 231011K [0x0000000080000000, 0x0000000100000000)
  region size 1024K, 135 young (138240K), 4 survivors (4096K)
 Metaspace       used 98581K, committed 99392K, reserved 1179648K
  class space    used 13431K, committed 13824K, reserved 1048576K
}
Event: 9.731 GC heap after
{Heap after GC invocations=41 (full 0):
 garbage-first heap   total 293888K, used 107319K [0x0000000080000000, 0x0000000100000000)
  region size 1024K, 14 young (14336K), 14 survivors (14336K)
 Metaspace       used 98581K, committed 99392K, reserved 1179648K
  class space    used 13431K, committed 13824K, reserved 1048576K
}
Event: 9.734 GC heap before
{Heap before GC invocations=41 (full 0):
 garbage-first heap   total 293888K, used 107319K [0x0000000080000000, 0x0000000100000000)
  region size 1024K, 15 young (15360K), 14 survivors (14336K)
 Metaspace       used 98589K, committed 99392K, reserved 1179648K
  class space    used 13432K, committed 13824K, reserved 1048576K
}
Event: 9.741 GC heap after
{Heap after GC invocations=42 (full 0):
 garbage-first heap   total 293888K, used 108196K [0x0000000080000000, 0x0000000100000000)
  region size 1024K, 2 young (2048K), 2 survivors (2048K)
 Metaspace       used 98589K, committed 99392K, reserved 1179648K
  class space    used 13432K, committed 13824K, reserved 1048576K
}
Event: 10.289 GC heap before
{Heap before GC invocations=42 (full 0):
 garbage-first heap   total 293888K, used 275108K [0x0000000080000000, 0x0000000100000000)
  region size 1024K, 112 young (114688K), 2 survivors (2048K)
 Metaspace       used 102624K, committed 103360K, reserved 1179648K
  class space    used 14007K, committed 14400K, reserved 1048576K
}
Event: 10.304 GC heap after
{Heap after GC invocations=43 (full 0):
 garbage-first heap   total 309248K, used 168195K [0x0000000080000000, 0x0000000100000000)
  region size 1024K, 16 young (16384K), 16 survivors (16384K)
 Metaspace       used 102624K, committed 103360K, reserved 1179648K
  class space    used 14007K, committed 14400K, reserved 1048576K
}
Event: 10.797 GC heap before
{Heap before GC invocations=43 (full 0):
 garbage-first heap   total 309248K, used 248067K [0x0000000080000000, 0x0000000100000000)
  region size 1024K, 89 young (91136K), 16 survivors (16384K)
 Metaspace       used 105202K, committed 105920K, reserved 1179648K
  class space    used 14572K, committed 14976K, reserved 1048576K
}
Event: 10.823 GC heap after
{Heap after GC invocations=44 (full 0):
 garbage-first heap   total 309248K, used 197550K [0x0000000080000000, 0x0000000100000000)
  region size 1024K, 12 young (12288K), 12 survivors (12288K)
 Metaspace       used 105202K, committed 105920K, reserved 1179648K
  class space    used 14572K, committed 14976K, reserved 1048576K
}
Event: 10.952 GC heap before
{Heap before GC invocations=44 (full 0):
 garbage-first heap   total 309248K, used 244654K [0x0000000080000000, 0x0000000100000000)
  region size 1024K, 59 young (60416K), 12 survivors (12288K)
 Metaspace       used 105402K, committed 106112K, reserved 1179648K
  class space    used 14576K, committed 14976K, reserved 1048576K
}
Event: 10.978 GC heap after
{Heap after GC invocations=45 (full 0):
 garbage-first heap   total 309248K, used 222618K [0x0000000080000000, 0x0000000100000000)
  region size 1024K, 8 young (8192K), 8 survivors (8192K)
 Metaspace       used 105402K, committed 106112K, reserved 1179648K
  class space    used 14576K, committed 14976K, reserved 1048576K
}
Event: 11.041 GC heap before
{Heap before GC invocations=45 (full 0):
 garbage-first heap   total 309248K, used 251290K [0x0000000080000000, 0x0000000100000000)
  region size 1024K, 36 young (36864K), 8 survivors (8192K)
 Metaspace       used 105407K, committed 106112K, reserved 1179648K
  class space    used 14576K, committed 14976K, reserved 1048576K
}

Dll operation events (3 events):
Event: 0.005 Loaded shared library C:\Program Files\Android\Android Studio\jbr\bin\java.dll
Event: 0.097 Loaded shared library C:\Program Files\Android\Android Studio\jbr\bin\zip.dll
Event: 0.275 Loaded shared library C:\Program Files\Android\Android Studio\jbr\bin\verify.dll

Deoptimization events (20 events):
Event: 10.723 Thread 0x0000027b43da2450 Uncommon trap: trap_request=0xffffff45 fr.pc=0x0000027b2d8f6a2c relative=0x000000000000074c
Event: 10.723 Thread 0x0000027b43da2450 Uncommon trap: reason=unstable_if action=reinterpret pc=0x0000027b2d8f6a2c method=java.util.zip.ZipFile$Source.getEntryPos(Ljava/lang/String;Z)I @ 117 c2
Event: 10.723 Thread 0x0000027b43da2450 DEOPT PACKING pc=0x0000027b2d8f6a2c sp=0x000000f2514fa7b0
Event: 10.723 Thread 0x0000027b43da2450 DEOPT UNPACKING pc=0x0000027b2ccda1a3 sp=0x000000f2514fa740 mode 2
Event: 10.728 Thread 0x0000027b47f17d10 Uncommon trap: trap_request=0xffffff45 fr.pc=0x0000027b2d8d508c relative=0x00000000000002ac
Event: 10.728 Thread 0x0000027b47f17d10 Uncommon trap: reason=unstable_if action=reinterpret pc=0x0000027b2d8d508c method=com.android.tools.r8.graph.s2.c(Ljava/lang/Object;)Z @ 37 c2
Event: 10.728 Thread 0x0000027b47f17d10 DEOPT PACKING pc=0x0000027b2d8d508c sp=0x000000f2513fee10
Event: 10.728 Thread 0x0000027b47f17d10 DEOPT UNPACKING pc=0x0000027b2ccda1a3 sp=0x000000f2513fedb0 mode 2
Event: 10.737 Thread 0x0000027b45eef8d0 Uncommon trap: trap_request=0xffffff45 fr.pc=0x0000027b2d8cc5e4 relative=0x0000000000000144
Event: 10.737 Thread 0x0000027b45eef8d0 Uncommon trap: reason=unstable_if action=reinterpret pc=0x0000027b2d8cc5e4 method=com.android.tools.r8.internal.lr.get(I)Ljava/lang/Object; @ 1 c2
Event: 10.737 Thread 0x0000027b45eef8d0 DEOPT PACKING pc=0x0000027b2d8cc5e4 sp=0x000000f251afe510
Event: 10.737 Thread 0x0000027b45eef8d0 DEOPT UNPACKING pc=0x0000027b2ccda1a3 sp=0x000000f251afe4a8 mode 2
Event: 10.853 Thread 0x0000027b43da2450 DEOPT PACKING pc=0x0000027b26c90cf1 sp=0x000000f2514fe950
Event: 10.853 Thread 0x0000027b43da2450 DEOPT UNPACKING pc=0x0000027b2ccdace3 sp=0x000000f2514fde98 mode 0
Event: 10.890 Thread 0x0000027b43aada00 DEOPT PACKING pc=0x0000027b26c705b4 sp=0x000000f2519fe9c0
Event: 10.890 Thread 0x0000027b43aada00 DEOPT UNPACKING pc=0x0000027b2ccdace3 sp=0x000000f2519fdeb8 mode 0
Event: 10.890 Thread 0x0000027b472413a0 DEOPT PACKING pc=0x0000027b26c705b4 sp=0x000000f2517feb90
Event: 10.890 Thread 0x0000027b472413a0 DEOPT UNPACKING pc=0x0000027b2ccdace3 sp=0x000000f2517fe088 mode 0
Event: 10.891 Thread 0x0000027b43da2450 DEOPT PACKING pc=0x0000027b26c705b4 sp=0x000000f2514fed20
Event: 10.891 Thread 0x0000027b43da2450 DEOPT UNPACKING pc=0x0000027b2ccdace3 sp=0x000000f2514fe218 mode 0

Classes unloaded (5 events):
Event: 9.078 Thread 0x0000027b3c125c50 Unloading class 0x0000000100d31400 'java/lang/invoke/LambdaForm$DMH+0x0000000100d31400'
Event: 9.078 Thread 0x0000027b3c125c50 Unloading class 0x0000000100d31000 'java/lang/invoke/LambdaForm$DMH+0x0000000100d31000'
Event: 9.078 Thread 0x0000027b3c125c50 Unloading class 0x0000000100d30c00 'java/lang/invoke/LambdaForm$DMH+0x0000000100d30c00'
Event: 9.078 Thread 0x0000027b3c125c50 Unloading class 0x0000000100d30800 'java/lang/invoke/LambdaForm$DMH+0x0000000100d30800'
Event: 9.078 Thread 0x0000027b3c125c50 Unloading class 0x0000000100d30400 'java/lang/invoke/LambdaForm$DMH+0x0000000100d30400'

Classes redefined (0 events):
No events

Internal exceptions (20 events):
Event: 9.405 Thread 0x0000027b456e4a40 Exception <a 'java/lang/NoSuchMethodError'{0x000000008e78bf10}: 'int java.lang.invoke.DirectMethodHandle$Holder.invokeSpecial(java.lang.Object, java.lang.Object, java.lang.Object, java.lang.Object, java.lang.Object)'> (0x000000008e78bf10) 
thrown [s\src\hotspot\share\interpreter\linkResolver.cpp, line 771]
Event: 9.405 Thread 0x0000027b47a01b20 Exception <a 'java/lang/NoSuchMethodError'{0x000000008e7abbd8}: 'java.lang.Object java.lang.invoke.DirectMethodHandle$Holder.invokeSpecial(java.lang.Object, java.lang.Object, java.lang.Object, java.lang.Object, int, java.lang.Object)'> (0x000000008e7abbd8) 
thrown [s\src\hotspot\share\interpreter\linkResolver.cpp, line 771]
Event: 9.405 Thread 0x0000027b47a01b20 Exception <a 'java/lang/NoSuchMethodError'{0x000000008e7af698}: 'java.lang.Object java.lang.invoke.Invokers$Holder.invokeExact_MT(java.lang.Object, java.lang.Object, java.lang.Object, int, java.lang.Object, java.lang.Object)'> (0x000000008e7af698) 
thrown [s\src\hotspot\share\interpreter\linkResolver.cpp, line 771]
Event: 9.645 Thread 0x0000027b47a01b20 Exception <a 'java/lang/NoSuchMethodError'{0x000000008af2ddc8}: 'void java.lang.invoke.DirectMethodHandle$Holder.invokeStatic(java.lang.Object, long)'> (0x000000008af2ddc8) 
thrown [s\src\hotspot\share\interpreter\linkResolver.cpp, line 771]
Event: 9.646 Thread 0x0000027b47a01b20 Exception <a 'java/lang/NoSuchMethodError'{0x000000008af33680}: 'java.lang.Object java.lang.invoke.DirectMethodHandle$Holder.newInvokeSpecial(java.lang.Object, long)'> (0x000000008af33680) 
thrown [s\src\hotspot\share\interpreter\linkResolver.cpp, line 771]
Event: 9.650 Thread 0x0000027b47a01b20 Exception <a 'java/lang/NoSuchMethodError'{0x000000008ac954a8}: 'java.lang.Object java.lang.invoke.DirectMethodHandle$Holder.invokeStatic(java.lang.Object, java.lang.Object, long, java.lang.Object)'> (0x000000008ac954a8) 
thrown [s\src\hotspot\share\interpreter\linkResolver.cpp, line 771]
Event: 9.651 Thread 0x0000027b47a01b20 Exception <a 'java/lang/NoSuchMethodError'{0x000000008ac98f28}: 'java.lang.Object java.lang.invoke.DirectMethodHandle$Holder.invokeStaticInit(java.lang.Object, java.lang.Object, long, java.lang.Object)'> (0x000000008ac98f28) 
thrown [s\src\hotspot\share\interpreter\linkResolver.cpp, line 771]
Event: 9.795 Thread 0x0000027b456e2890 Exception <a 'sun/nio/fs/WindowsException'{0x00000000912e1758}> (0x00000000912e1758) 
thrown [s\src\hotspot\share\prims\jni.cpp, line 517]
Event: 9.845 Thread 0x0000027b456e58b0 Exception <a 'sun/nio/fs/WindowsException'{0x00000000917e5d30}> (0x00000000917e5d30) 
thrown [s\src\hotspot\share\prims\jni.cpp, line 517]
Event: 9.913 Thread 0x0000027b43bdd6c0 Exception <a 'sun/nio/fs/WindowsException'{0x000000008f4c44d0}> (0x000000008f4c44d0) 
thrown [s\src\hotspot\share\prims\jni.cpp, line 517]
Event: 10.062 Thread 0x0000027b43bdd6c0 Exception <a 'java/lang/NoSuchMethodError'{0x000000008e15ed58}: 'java.lang.Object java.lang.invoke.DirectMethodHandle$Holder.invokeStaticInit(java.lang.Object, java.lang.Object, java.lang.Object, java.lang.Object, java.lang.Object, java.lang.Object, java.lang.Object, java.lang.Object, java.lang.Object, java.lang.Object, java.lang.Object, java.lang.Object, java.lang.Object, java.lang.Object, java.lang.Object, java.lang.Object, java.lang.Object, java.lang.Object, java.lang.Object, java.lang.Object, int, java
Event: 10.644 Thread 0x0000027b478fc3b0 Implicit null exception at 0x0000027b2d4ce85d to 0x0000027b2d4ce9b0
Event: 10.644 Thread 0x0000027b47f17d10 Implicit null exception at 0x0000027b2d4ce85d to 0x0000027b2d4ce9b0
Event: 10.645 Thread 0x0000027b43da2450 Exception <a 'java/lang/IncompatibleClassChangeError'{0x000000008eb15550}: Found class java.lang.Object, but interface was expected> (0x000000008eb15550) 
thrown [s\src\hotspot\share\interpreter\linkResolver.cpp, line 838]
Event: 10.645 Thread 0x0000027b47f17d10 Exception <a 'java/lang/IncompatibleClassChangeError'{0x000000008eb098f8}: Found class java.lang.Object, but interface was expected> (0x000000008eb098f8) 
thrown [s\src\hotspot\share\interpreter\linkResolver.cpp, line 838]
Event: 10.669 Thread 0x0000027b47f17d10 Exception <a 'java/lang/NoSuchMethodError'{0x000000008e86b4a0}: 'long java.lang.invoke.DirectMethodHandle$Holder.invokeStatic(java.lang.Object, java.lang.Object, java.lang.Object)'> (0x000000008e86b4a0) 
thrown [s\src\hotspot\share\interpreter\linkResolver.cpp, line 771]
Event: 10.676 Thread 0x0000027b43aada00 Exception <a 'java/lang/IncompatibleClassChangeError'{0x000000008e6584d0}: Found class java.lang.Object, but interface was expected> (0x000000008e6584d0) 
thrown [s\src\hotspot\share\interpreter\linkResolver.cpp, line 838]
Event: 10.676 Thread 0x0000027b43da2450 Exception <a 'java/lang/IncompatibleClassChangeError'{0x000000008e6606c0}: Found class java.lang.Object, but interface was expected> (0x000000008e6606c0) 
thrown [s\src\hotspot\share\interpreter\linkResolver.cpp, line 838]
Event: 10.676 Thread 0x0000027b43aada00 Exception <a 'java/lang/IncompatibleClassChangeError'{0x000000008e680558}: Found class java.lang.Object, but interface was expected> (0x000000008e680558) 
thrown [s\src\hotspot\share\interpreter\linkResolver.cpp, line 838]
Event: 10.676 Thread 0x0000027b43da2450 Exception <a 'java/lang/IncompatibleClassChangeError'{0x000000008e664510}: Found class java.lang.Object, but interface was expected> (0x000000008e664510) 
thrown [s\src\hotspot\share\interpreter\linkResolver.cpp, line 838]

VM Operations (20 events):
Event: 9.741 Executing VM operation: G1CollectForAllocation done
Event: 9.920 Executing VM operation: HandshakeAllThreads
Event: 9.920 Executing VM operation: HandshakeAllThreads done
Event: 9.946 Executing VM operation: HandshakeAllThreads
Event: 9.946 Executing VM operation: HandshakeAllThreads done
Event: 9.946 Executing VM operation: HandshakeAllThreads
Event: 9.946 Executing VM operation: HandshakeAllThreads done
Event: 9.968 Executing VM operation: ICBufferFull
Event: 9.968 Executing VM operation: ICBufferFull done
Event: 10.289 Executing VM operation: G1CollectForAllocation
Event: 10.306 Executing VM operation: G1CollectForAllocation done
Event: 10.650 Executing VM operation: HandshakeAllThreads
Event: 10.650 Executing VM operation: HandshakeAllThreads done
Event: 10.797 Executing VM operation: G1CollectForAllocation
Event: 10.827 Executing VM operation: G1CollectForAllocation done
Event: 10.890 Executing VM operation: HandshakeAllThreads
Event: 10.890 Executing VM operation: HandshakeAllThreads done
Event: 10.952 Executing VM operation: G1CollectForAllocation
Event: 10.980 Executing VM operation: G1CollectForAllocation done
Event: 11.041 Executing VM operation: G1CollectForAllocation

Events (20 events):
Event: 10.643 Thread 0x0000027b47f17d10 Thread added: 0x0000027b47f17d10
Event: 10.643 Thread 0x0000027b43da2450 Thread added: 0x0000027b43da2450
Event: 10.644 Thread 0x0000027b478fc3b0 Thread added: 0x0000027b478fc3b0
Event: 10.644 Thread 0x0000027b479ffe40 Thread added: 0x0000027b479ffe40
Event: 10.644 Thread 0x0000027b472413a0 Thread added: 0x0000027b472413a0
Event: 10.645 Thread 0x0000027b48407800 Thread added: 0x0000027b48407800
Event: 10.646 Thread 0x0000027b43aada00 Thread added: 0x0000027b43aada00
Event: 10.646 Thread 0x0000027b45eef8d0 Thread added: 0x0000027b45eef8d0
Event: 10.655 loading class java/lang/reflect/GenericSignatureFormatError
Event: 10.655 loading class java/lang/reflect/GenericSignatureFormatError done
Event: 10.668 loading class java/util/AbstractList$RandomAccessSubList
Event: 10.668 loading class java/util/AbstractList$SubList
Event: 10.668 loading class java/util/AbstractList$SubList done
Event: 10.668 loading class java/util/AbstractList$RandomAccessSubList done
Event: 10.669 loading class java/util/AbstractList$SubList$1
Event: 10.669 loading class java/util/AbstractList$SubList$1 done
Event: 10.721 loading class java/nio/ShortBuffer
Event: 10.722 loading class java/nio/ShortBuffer done
Event: 10.722 loading class java/nio/HeapShortBuffer
Event: 10.722 loading class java/nio/HeapShortBuffer done


Dynamic libraries:
0x00007ff64d630000 - 0x00007ff64d63a000 	C:\Program Files\Android\Android Studio\jbr\bin\java.exe
0x00007ff954190000 - 0x00007ff9543a6000 	C:\WINDOWS\SYSTEM32\ntdll.dll
0x00007ff952620000 - 0x00007ff9526e4000 	C:\WINDOWS\System32\KERNEL32.DLL
0x00007ff951540000 - 0x00007ff9518e6000 	C:\WINDOWS\System32\KERNELBASE.dll
0x00007ff9518f0000 - 0x00007ff951a01000 	C:\WINDOWS\System32\ucrtbase.dll
0x00007ff933700000 - 0x00007ff933717000 	C:\Program Files\Android\Android Studio\jbr\bin\jli.dll
0x00007ff931ce0000 - 0x00007ff931cfb000 	C:\Program Files\Android\Android Studio\jbr\bin\VCRUNTIME140.dll
0x00007ff952840000 - 0x00007ff9529ed000 	C:\WINDOWS\System32\USER32.dll
0x00007ff951a10000 - 0x00007ff951a36000 	C:\WINDOWS\System32\win32u.dll
0x00007ff952d80000 - 0x00007ff952da9000 	C:\WINDOWS\System32\GDI32.dll
0x00007ff935700000 - 0x00007ff935993000 	C:\WINDOWS\WinSxS\amd64_microsoft.windows.common-controls_6595b64144ccf1df_6.0.22621.3235_none_270f74e173860f98\COMCTL32.dll
0x00007ff951d00000 - 0x00007ff951e18000 	C:\WINDOWS\System32\gdi32full.dll
0x00007ff953f10000 - 0x00007ff953fb7000 	C:\WINDOWS\System32\msvcrt.dll
0x00007ff951a40000 - 0x00007ff951ada000 	C:\WINDOWS\System32\msvcp_win.dll
0x00007ff952ad0000 - 0x00007ff952b01000 	C:\WINDOWS\System32\IMM32.DLL
0x00007ff94a620000 - 0x00007ff94a62c000 	C:\Program Files\Android\Android Studio\jbr\bin\vcruntime140_1.dll
0x00007ff921480000 - 0x00007ff92150d000 	C:\Program Files\Android\Android Studio\jbr\bin\msvcp140.dll
0x00007ff8e7140000 - 0x00007ff8e7dc0000 	C:\Program Files\Android\Android Studio\jbr\bin\server\jvm.dll
0x00007ff953560000 - 0x00007ff953612000 	C:\WINDOWS\System32\ADVAPI32.dll
0x00007ff952db0000 - 0x00007ff952e58000 	C:\WINDOWS\System32\sechost.dll
0x00007ff951c50000 - 0x00007ff951c78000 	C:\WINDOWS\System32\bcrypt.dll
0x00007ff952500000 - 0x00007ff952615000 	C:\WINDOWS\System32\RPCRT4.dll
0x00007ff949d80000 - 0x00007ff949db4000 	C:\WINDOWS\SYSTEM32\WINMM.dll
0x00007ff932d90000 - 0x00007ff932d99000 	C:\WINDOWS\SYSTEM32\WSOCK32.dll
0x00007ff948100000 - 0x00007ff94810a000 	C:\WINDOWS\SYSTEM32\VERSION.dll
0x00007ff9527c0000 - 0x00007ff952831000 	C:\WINDOWS\System32\WS2_32.dll
0x00007ff950600000 - 0x00007ff950618000 	C:\WINDOWS\SYSTEM32\kernel.appcore.dll
0x00007ff94a7a0000 - 0x00007ff94a7aa000 	C:\Program Files\Android\Android Studio\jbr\bin\jimage.dll
0x00007ff94ed50000 - 0x00007ff94ef83000 	C:\WINDOWS\SYSTEM32\DBGHELP.DLL
0x00007ff952ec0000 - 0x00007ff953248000 	C:\WINDOWS\System32\combase.dll
0x00007ff9529f0000 - 0x00007ff952ac7000 	C:\WINDOWS\System32\OLEAUT32.dll
0x00007ff930170000 - 0x00007ff9301a2000 	C:\WINDOWS\SYSTEM32\dbgcore.DLL
0x00007ff951c80000 - 0x00007ff951cfa000 	C:\WINDOWS\System32\bcryptPrimitives.dll
0x00007ff934500000 - 0x00007ff93450e000 	C:\Program Files\Android\Android Studio\jbr\bin\instrument.dll
0x00007ff949f80000 - 0x00007ff949fa5000 	C:\Program Files\Android\Android Studio\jbr\bin\java.dll
0x00007ff94a780000 - 0x00007ff94a798000 	C:\Program Files\Android\Android Studio\jbr\bin\zip.dll
0x00007ff9536b0000 - 0x00007ff953f0d000 	C:\WINDOWS\System32\SHELL32.dll
0x00007ff94f440000 - 0x00007ff94fd38000 	C:\WINDOWS\SYSTEM32\windows.storage.dll
0x00007ff94f300000 - 0x00007ff94f43e000 	C:\WINDOWS\SYSTEM32\wintypes.dll
0x00007ff953fc0000 - 0x00007ff9540b3000 	C:\WINDOWS\System32\SHCORE.dll
0x00007ff9526f0000 - 0x00007ff95274e000 	C:\WINDOWS\System32\shlwapi.dll
0x00007ff951400000 - 0x00007ff951426000 	C:\WINDOWS\SYSTEM32\profapi.dll
0x00007ff9365e0000 - 0x00007ff9365f9000 	C:\Program Files\Android\Android Studio\jbr\bin\net.dll
0x00007ff94a990000 - 0x00007ff94aac7000 	C:\WINDOWS\SYSTEM32\WINHTTP.dll
0x00007ff950a80000 - 0x00007ff950ae9000 	C:\WINDOWS\system32\mswsock.dll
0x00007ff935b70000 - 0x00007ff935b86000 	C:\Program Files\Android\Android Studio\jbr\bin\nio.dll
0x00007ff9365d0000 - 0x00007ff9365e0000 	C:\Program Files\Android\Android Studio\jbr\bin\verify.dll
0x00007ff910780000 - 0x00007ff9107a7000 	C:\Users\minhm\.gradle\native\68d5fa5c4cc2d200863cafc0d521ce42e7d3e7ee720ec0a83991735586a16f82\windows-amd64\native-platform.dll
0x00007ff9152a0000 - 0x00007ff9153e4000 	C:\Users\minhm\.gradle\native\e376f236ea51e6404a007f0833ffe2c6e607c4080706a723a18a27aeea778392\windows-amd64\native-platform-file-events.dll
0x00007ff934520000 - 0x00007ff934529000 	C:\Program Files\Android\Android Studio\jbr\bin\management.dll
0x00007ff934510000 - 0x00007ff93451b000 	C:\Program Files\Android\Android Studio\jbr\bin\management_ext.dll
0x00007ff9536a0000 - 0x00007ff9536a8000 	C:\WINDOWS\System32\PSAPI.DLL
0x00007ff950cd0000 - 0x00007ff950ceb000 	C:\WINDOWS\SYSTEM32\CRYPTSP.dll
0x00007ff950560000 - 0x00007ff950595000 	C:\WINDOWS\system32\rsaenh.dll
0x00007ff950b70000 - 0x00007ff950b9c000 	C:\WINDOWS\SYSTEM32\USERENV.dll
0x00007ff950cf0000 - 0x00007ff950cfc000 	C:\WINDOWS\SYSTEM32\CRYPTBASE.dll
0x00007ff950010000 - 0x00007ff95003d000 	C:\WINDOWS\SYSTEM32\IPHLPAPI.DLL
0x00007ff952cd0000 - 0x00007ff952cd9000 	C:\WINDOWS\System32\NSI.dll
0x00007ff94aaf0000 - 0x00007ff94ab09000 	C:\WINDOWS\SYSTEM32\dhcpcsvc6.DLL
0x00007ff94a3f0000 - 0x00007ff94a40f000 	C:\WINDOWS\SYSTEM32\dhcpcsvc.DLL
0x00007ff950080000 - 0x00007ff950179000 	C:\WINDOWS\SYSTEM32\DNSAPI.dll
0x00007ff937c70000 - 0x00007ff937c78000 	C:\WINDOWS\system32\wshunix.dll

dbghelp: loaded successfully - version: 4.0.5 - missing functions: none
symbol engine: initialized successfully - sym options: 0x614 - pdb path: .;C:\Program Files\Android\Android Studio\jbr\bin;C:\WINDOWS\SYSTEM32;C:\WINDOWS\WinSxS\amd64_microsoft.windows.common-controls_6595b64144ccf1df_6.0.22621.3235_none_270f74e173860f98;C:\Program Files\Android\Android Studio\jbr\bin\server;C:\Users\minhm\.gradle\native\68d5fa5c4cc2d200863cafc0d521ce42e7d3e7ee720ec0a83991735586a16f82\windows-amd64;C:\Users\minhm\.gradle\native\e376f236ea51e6404a007f0833ffe2c6e607c4080706a723a18a27aeea778392\windows-amd64

VM Arguments:
jvm_args: --add-opens=java.base/java.util=ALL-UNNAMED --add-opens=java.base/java.lang=ALL-UNNAMED --add-opens=java.base/java.lang.invoke=ALL-UNNAMED --add-opens=java.prefs/java.util.prefs=ALL-UNNAMED --add-opens=java.base/java.nio.charset=ALL-UNNAMED --add-opens=java.base/java.net=ALL-UNNAMED --add-opens=java.base/java.util.concurrent.atomic=ALL-UNNAMED -Xmx2048m -Dfile.encoding=UTF-8 -Duser.country=US -Duser.language=en -Duser.variant -javaagent:C:\Users\minhm\.gradle\wrapper\dists\gradle-8.2-bin\bbg7u40eoinfdyxsxr3z4i7ta\gradle-8.2\lib\agents\gradle-instrumentation-agent-8.2.jar 
java_command: org.gradle.launcher.daemon.bootstrap.GradleDaemon 8.2
java_class_path (initial): C:\Users\minhm\.gradle\wrapper\dists\gradle-8.2-bin\bbg7u40eoinfdyxsxr3z4i7ta\gradle-8.2\lib\gradle-launcher-8.2.jar
Launcher Type: SUN_STANDARD

[Global flags]
     intx CICompilerCount                          = 4                                         {product} {ergonomic}
     uint ConcGCThreads                            = 2                                         {product} {ergonomic}
     uint G1ConcRefinementThreads                  = 8                                         {product} {ergonomic}
   size_t G1HeapRegionSize                         = 1048576                                   {product} {ergonomic}
    uintx GCDrainStackTargetSize                   = 64                                        {product} {ergonomic}
   size_t InitialHeapSize                          = 264241152                                 {product} {ergonomic}
   size_t MarkStackSize                            = 4194304                                   {product} {ergonomic}
   size_t MaxHeapSize                              = 2147483648                                {product} {command line}
   size_t MaxNewSize                               = 1287651328                                {product} {ergonomic}
   size_t MinHeapDeltaBytes                        = 1048576                                   {product} {ergonomic}
   size_t MinHeapSize                              = 8388608                                   {product} {ergonomic}
    uintx NonNMethodCodeHeapSize                   = 5839372                                {pd product} {ergonomic}
    uintx NonProfiledCodeHeapSize                  = 122909434                              {pd product} {ergonomic}
    uintx ProfiledCodeHeapSize                     = 122909434                              {pd product} {ergonomic}
    uintx ReservedCodeCacheSize                    = 251658240                              {pd product} {ergonomic}
     bool SegmentedCodeCache                       = true                                      {product} {ergonomic}
   size_t SoftMaxHeapSize                          = 2147483648                             {manageable} {ergonomic}
     bool UseCompressedClassPointers               = true                           {product lp64_product} {ergonomic}
     bool UseCompressedOops                        = true                           {product lp64_product} {ergonomic}
     bool UseG1GC                                  = true                                      {product} {ergonomic}
     bool UseLargePagesIndividualAllocation        = false                                  {pd product} {ergonomic}

Logging:
Log output configuration:
 #0: stdout all=warning uptime,level,tags
 #1: stderr all=off uptime,level,tags

Environment Variables:
JAVA_HOME=C:\Program Files\Java\jdk-21
CLASSPATH=C:\Program Files\Java\jdk-21\lib
PATH="C:\Program Files\Java\jdk-21\bin;";C:\Program Files\Common Files\Oracle\Java\javapath;C:\Program Files\Microsoft\jdk-11.0.16.101-hotspot\bin;C:\WINDOWS\system32;C:\WINDOWS;C:\WINDOWS\System32\Wbem;C:\WINDOWS\System32\WindowsPowerShell\v1.0\;C:\WINDOWS\System32\OpenSSH\;C:\Program Files\Microsoft SQL Server\150\Tools\Binn\;C:\Program Files\Microsoft SQL Server\Client SDK\ODBC\170\Tools\Binn\;C:\Program Files (x86)\Microsoft SQL Server\160\Tools\Binn\;C:\Program Files\Microsoft SQL Server\160\Tools\Binn\;C:\Program Files\Microsoft SQL Server\160\DTS\Binn\;C:\Program Files (x86)\Microsoft SQL Server\160\DTS\Binn\;C:\Program Files\Azure Data Studio\bin;C:\MinGW\bin;C:\Program Files\Git\cmd;C:\Program Files\Java\jdk-21\bin;D:\VScode\Microsoft VS Code\bin
USERNAME=minhm
OS=Windows_NT
PROCESSOR_IDENTIFIER=Intel64 Family 6 Model 140 Stepping 1, GenuineIntel
TMP=C:\Users\minhm\AppData\Local\Temp
TEMP=C:\Users\minhm\AppData\Local\Temp


JNI global refs:
JNI global refs: 29, weak refs: 64

JNI global refs memory usage: 843, weak refs: 1473

OOME stack traces (most recent first):
Classloader memory used:
Loader org.gradle.internal.classloader.VisitableURLClassLoader                         : 4706K
Loader org.gradle.internal.classloader.VisitableURLClassLoader$InstrumentingVisitableURLClassLoader: 3930K
Loader bootstrap                                                                       : 3086K
Loader org.gradle.initialization.MixInLegacyTypesClassLoader                           : 1276K
Loader jdk.internal.reflect.DelegatingClassLoader                                      : 81111B
Loader jdk.internal.loader.ClassLoaders$PlatformClassLoader                            : 66291B
Loader jdk.internal.loader.ClassLoaders$AppClassLoader                                 : 28080B
Loader org.gradle.groovy.scripts.internal.DefaultScriptCompilationHandler$ScriptClassLoader: 3067B
Loader org.codehaus.groovy.runtime.callsite.CallSiteClassLoader                        : 795B
Loader sun.reflect.misc.MethodUtil                                                     : 373B

Classes loaded by more than one classloader:
Class Program                                                                         : loaded 5 times (x 70B)
Class com.google.common.collect.Iterators$MergingIterator                             : loaded 2 times (x 79B)
Class com.google.common.io.Closer$SuppressingSuppressor                               : loaded 2 times (x 73B)
Class org.objectweb.asm.ModuleVisitor                                                 : loaded 2 times (x 78B)
Class [Lcom.google.common.collect.AbstractMapEntry;                                   : loaded 2 times (x 67B)
Class com.google.common.collect.SingletonImmutableList                                : loaded 2 times (x 167B)
Class com.google.common.cache.CacheLoader$SupplierToCacheLoader                       : loaded 2 times (x 73B)
Class org.gradle.internal.classpath.ClassPath                                         : loaded 2 times (x 68B)
Class com.google.common.cache.RemovalListener                                         : loaded 2 times (x 68B)
Class org.gradle.api.internal.classpath.DefaultModuleRegistry                         : loaded 2 times (x 84B)
Class com.google.common.collect.FluentIterable$1                                      : loaded 2 times (x 79B)
Class com.google.common.collect.FluentIterable$2                                      : loaded 2 times (x 79B)
Class com.google.common.collect.FluentIterable$3                                      : loaded 2 times (x 79B)
Class Settings_gradle$1$1                                                             : loaded 2 times (x 72B)
Class com.google.common.collect.ImmutableEnumSet                                      : loaded 2 times (x 144B)
Class com.google.common.collect.ListMultimap                                          : loaded 2 times (x 68B)
Class com.google.common.base.CharMatcher$JavaDigit                                    : loaded 2 times (x 109B)
Class com.google.common.base.CharMatcher$Digit                                        : loaded 2 times (x 110B)
Class com.google.common.collect.AbstractMultimap                                      : loaded 2 times (x 121B)
Class com.google.common.cache.CacheBuilder$OneWeigher                                 : loaded 2 times (x 80B)
Class org.gradle.api.Action                                                           : loaded 2 times (x 68B)
Class com.google.common.collect.ImmutableEntry                                        : loaded 2 times (x 80B)
Class com.google.common.collect.Lists$StringAsImmutableList                           : loaded 2 times (x 167B)
Class com.google.common.cache.LocalCache$StrongEntry                                  : loaded 2 times (x 106B)
Class org.objectweb.asm.FieldWriter                                                   : loaded 2 times (x 75B)
Class com.google.common.base.CharMatcher                                              : loaded 2 times (x 109B)
Class com.google.common.base.CharMatcher$IsNot                                        : loaded 2 times (x 109B)
Class com.google.common.collect.Maps$IteratorBasedAbstractMap                         : loaded 2 times (x 123B)
Class com.google.common.base.Splitter                                                 : loaded 2 times (x 70B)
Class [Lcom.google.common.cache.Weigher;                                              : loaded 2 times (x 67B)
Class com.google.common.collect.Iterators$ArrayItr                                    : loaded 2 times (x 95B)
Class com.google.common.cache.LocalCache$Segment                                      : loaded 2 times (x 152B)
Class org.gradle.api.internal.DefaultClassPathProvider                                : loaded 2 times (x 74B)
Class org.gradle.internal.installation.GradleInstallation$1                           : loaded 2 times (x 73B)
Class com.google.common.cache.LocalCache$AbstractReferenceEntry                       : loaded 2 times (x 105B)
Class org.objectweb.asm.Type                                                          : loaded 2 times (x 70B)
Class com.google.common.util.concurrent.AbstractFuture$Failure                        : loaded 2 times (x 70B)
Class com.google.common.base.CharMatcher$BitSetMatcher                                : loaded 2 times (x 110B)
Class com.google.common.collect.ImmutableMap$IteratorBasedImmutableMap                : loaded 2 times (x 123B)
Class com.google.common.collect.ImmutableMap                                          : loaded 2 times (x 118B)
Class com.google.common.base.Converter                                                : loaded 2 times (x 88B)
Class com.google.common.collect.ImmutableSet$EmptySetBuilderImpl                      : loaded 2 times (x 74B)
Class com.google.common.base.Equivalence                                              : loaded 2 times (x 80B)
Class com.google.common.primitives.Ints                                               : loaded 2 times (x 69B)
Class com.google.common.cache.LocalCache$EntryFactory$1                               : loaded 2 times (x 81B)
Class com.google.common.cache.LocalCache$EntryFactory$2                               : loaded 2 times (x 81B)
Class com.google.common.cache.LocalCache$EntryFactory$3                               : loaded 2 times (x 81B)
Class com.google.common.cache.LocalCache$EntryFactory$4                               : loaded 2 times (x 81B)
Class com.google.common.cache.LocalCache$EntryFactory$5                               : loaded 2 times (x 81B)
Class com.google.common.cache.LocalCache$EntryFactory$6                               : loaded 2 times (x 81B)
Class com.google.common.cache.LocalCache$EntryFactory$7                               : loaded 2 times (x 81B)
Class com.google.common.cache.LocalCache$EntryFactory$8                               : loaded 2 times (x 81B)
Class com.google.common.base.Predicate                                                : loaded 2 times (x 68B)
Class com.google.common.cache.LocalCache$StrongValueReference                         : loaded 2 times (x 88B)
Class org.gradle.internal.classloader.FilteringClassLoader                            : loaded 2 times (x 102B)
Class com.google.common.collect.RegularImmutableSet                                   : loaded 2 times (x 146B)
Class [Lcom.google.common.cache.LocalCache$Strength;                                  : loaded 2 times (x 67B)
Class org.gradle.internal.classpath.DefaultClassPath$ImmutableUniqueList$Builder      : loaded 2 times (x 73B)
Class com.google.common.collect.Maps$8                                                : loaded 2 times (x 80B)
Class com.google.common.base.PatternCompiler                                          : loaded 2 times (x 68B)
Class [Lcom.google.common.cache.CacheBuilder$NullListener;                            : loaded 2 times (x 67B)
Class com.google.common.base.CharMatcher$InRange                                      : loaded 2 times (x 109B)
Class com.google.common.collect.Maps$KeySet                                           : loaded 2 times (x 135B)
Class com.google.common.collect.Sets$SetView                                          : loaded 2 times (x 136B)
Class com.google.common.collect.BiMap                                                 : loaded 2 times (x 68B)
Class com.google.common.collect.Lists                                                 : loaded 2 times (x 69B)
Class org.objectweb.asm.AnnotationWriter                                              : loaded 2 times (x 76B)
Class com.google.common.math.IntMath$1                                                : loaded 2 times (x 69B)
Class org.gradle.internal.classloader.ClassLoaderVisitor                              : loaded 2 times (x 74B)
Class org.objectweb.asm.Label                                                         : loaded 2 times (x 71B)
Class com.google.common.cache.CacheBuilder$NullListener                               : loaded 2 times (x 80B)
Class com.google.common.math.MathPreconditions                                        : loaded 2 times (x 69B)
Class org.gradle.internal.service.DefaultServiceLocator                               : loaded 2 times (x 81B)
Class org.gradle.internal.service.UnknownServiceException                             : loaded 2 times (x 81B)
Class com.google.common.util.concurrent.AbstractFuture$SynchronizedHelper             : loaded 2 times (x 76B)
Class com.google.common.collect.ArrayListMultimap                                     : loaded 2 times (x 170B)
Class com.google.common.base.Strings                                                  : loaded 2 times (x 69B)
Class com.google.common.io.Closer                                                     : loaded 2 times (x 76B)
Class com.google.common.cache.CacheLoader$InvalidCacheLoadException                   : loaded 2 times (x 80B)
Class org.gradle.internal.classloader.DefaultClassLoaderFactory                       : loaded 2 times (x 80B)
Class com.google.common.collect.UnmodifiableIterator                                  : loaded 2 times (x 78B)
Class com.google.common.base.Stopwatch                                                : loaded 2 times (x 70B)
Class com.google.common.base.Platform$JdkPatternCompiler                              : loaded 2 times (x 73B)
Class com.google.common.cache.LocalCache$LoadingValueReference                        : loaded 2 times (x 94B)
Class com.google.common.base.CharMatcher$SingleWidth                                  : loaded 2 times (x 110B)
Class com.google.common.collect.Hashing                                               : loaded 2 times (x 69B)
Class com.google.common.base.JdkPattern                                               : loaded 2 times (x 73B)
Class com.google.common.base.Optional                                                 : loaded 2 times (x 78B)
Class com.google.common.collect.Multimap                                              : loaded 2 times (x 68B)
Class com.google.common.base.FunctionalEquivalence                                    : loaded 2 times (x 81B)
Class org.objectweb.asm.AnnotationVisitor                                             : loaded 2 times (x 75B)
Class org.objectweb.asm.RecordComponentWriter                                         : loaded 2 times (x 76B)
Class com.google.common.cache.LocalCache$1                                            : loaded 2 times (x 87B)
Class com.google.common.cache.LocalCache$2                                            : loaded 2 times (x 140B)
Class com.google.common.collect.RegularImmutableBiMap                                 : loaded 2 times (x 146B)
Class org.gradle.internal.classloader.VisitableURLClassLoader$Spec                    : loaded 2 times (x 72B)
Class org.gradle.api.GradleException                                                  : loaded 2 times (x 80B)
Class com.google.common.base.CharMatcher$JavaLetterOrDigit                            : loaded 2 times (x 109B)
Class org.gradle.api.internal.classpath.ModuleRegistry                                : loaded 2 times (x 68B)
Class com.google.common.collect.ForwardingObject                                      : loaded 2 times (x 70B)
Class com.google.common.cache.CacheBuilder                                            : loaded 2 times (x 70B)
Class org.objectweb.asm.ByteVector                                                    : loaded 2 times (x 76B)
Class com.google.common.collect.ImmutableCollection                                   : loaded 2 times (x 123B)
Class com.google.common.base.PairwiseEquivalence                                      : loaded 2 times (x 81B)
Class com.google.common.base.Ticker                                                   : loaded 2 times (x 70B)
Class org.gradle.api.internal.ClassPathProvider                                       : loaded 2 times (x 68B)
Class com.google.common.base.Ascii                                                    : loaded 2 times (x 69B)
Class com.google.common.collect.RegularImmutableMap$Values                            : loaded 2 times (x 167B)
Class org.objectweb.asm.ModuleWriter                                                  : loaded 2 times (x 79B)
Class org.gradle.internal.classloader.ClasspathUtil$1                                 : loaded 2 times (x 74B)
Class com.google.common.collect.ImmutableEnumMap                                      : loaded 2 times (x 123B)
Class com.google.common.collect.ForwardingMap                                         : loaded 2 times (x 130B)
Class com.google.common.collect.ImmutableList$ReverseImmutableList                    : loaded 2 times (x 168B)
Class com.google.common.cache.AbstractCache$StatsCounter                              : loaded 2 times (x 68B)
Class org.objectweb.asm.FieldVisitor                                                  : loaded 2 times (x 74B)
Class org.objectweb.asm.Symbol                                                        : loaded 2 times (x 71B)
Class com.google.common.cache.LocalCache$Strength$1                                   : loaded 2 times (x 79B)
Class com.google.common.cache.LocalCache$Strength$2                                   : loaded 2 times (x 79B)
Class com.google.common.cache.LocalCache$Strength$3                                   : loaded 2 times (x 79B)
Class org.gradle.internal.classloader.ClassLoaderFactory                              : loaded 2 times (x 68B)
Class com.google.common.collect.ObjectArrays                                          : loaded 2 times (x 69B)
Class com.google.common.base.Absent                                                   : loaded 2 times (x 78B)
Class com.google.common.util.concurrent.AbstractFuture$Waiter                         : loaded 2 times (x 70B)
Class com.google.common.util.concurrent.Uninterruptibles                              : loaded 2 times (x 69B)
Class com.google.common.collect.Iterators$10                                          : loaded 2 times (x 79B)
Class com.google.common.collect.ImmutableList                                         : loaded 2 times (x 166B)
Class org.gradle.api.internal.classpath.ManifestUtil                                  : loaded 2 times (x 69B)
Class org.gradle.api.specs.Spec                                                       : loaded 2 times (x 68B)
Class com.google.common.cache.CacheLoader$UnsupportedLoadingOperationException        : loaded 2 times (x 80B)
Class com.google.common.base.CharMatcher$Whitespace                                   : loaded 2 times (x 110B)
Class com.google.common.util.concurrent.ListenableFuture                              : loaded 2 times (x 68B)
Class com.google.common.collect.Iterators$1                                           : loaded 2 times (x 79B)
Class com.google.common.collect.Iterators$4                                           : loaded 2 times (x 80B)
Class com.google.common.collect.RegularImmutableMap$BucketOverflowException           : loaded 2 times (x 80B)
Class com.google.common.collect.Iterators$5                                           : loaded 2 times (x 80B)
Class com.google.common.util.concurrent.AbstractFuture$UnsafeAtomicHelper             : loaded 2 times (x 76B)
Class com.google.common.base.Joiner                                                   : loaded 2 times (x 77B)
Class com.google.common.base.Equivalence$Equals                                       : loaded 2 times (x 80B)
Class com.google.common.base.Preconditions                                            : loaded 2 times (x 69B)
Class com.google.common.base.Function                                                 : loaded 2 times (x 68B)
Class com.google.common.collect.Iterators$9                                           : loaded 2 times (x 79B)
Class org.gradle.internal.IoActions                                                   : loaded 2 times (x 69B)
Class com.google.common.cache.ReferenceEntry                                          : loaded 2 times (x 68B)
Class com.google.common.collect.RegularImmutableMap$KeySet                            : loaded 2 times (x 148B)
Class com.google.common.collect.CollectPreconditions                                  : loaded 2 times (x 69B)
Class com.google.common.primitives.IntsMethodsForWeb                                  : loaded 2 times (x 69B)
Class com.google.common.collect.Maps                                                  : loaded 2 times (x 69B)
Class com.google.common.collect.RegularImmutableMap                                   : loaded 2 times (x 119B)
Class com.google.common.collect.AbstractIndexedListIterator                           : loaded 2 times (x 94B)
Class com.google.common.base.CharMatcher$None                                         : loaded 2 times (x 110B)
Class org.gradle.api.internal.classpath.EffectiveClassPath                            : loaded 2 times (x 88B)
Class com.google.common.collect.UnmodifiableListIterator                              : loaded 2 times (x 93B)
Class com.google.common.cache.CacheLoader$FunctionToCacheLoader                       : loaded 2 times (x 73B)
Class com.google.common.cache.CacheBuilder$1                                          : loaded 2 times (x 83B)
Class com.google.common.cache.CacheBuilder$2                                          : loaded 2 times (x 77B)
Class com.google.common.collect.ImmutableList$1                                       : loaded 2 times (x 95B)
Class com.google.common.base.Splitter$Strategy                                        : loaded 2 times (x 68B)
Class com.google.common.cache.CacheBuilder$3                                          : loaded 2 times (x 70B)
Class com.google.common.collect.ImmutableMapEntrySet$RegularEntrySet                  : loaded 2 times (x 149B)
Class [Lcom.google.common.cache.RemovalListener;                                      : loaded 2 times (x 67B)
Class [Lcom.google.common.collect.ImmutableMapEntry;                                  : loaded 2 times (x 67B)
Class org.gradle.internal.installation.CurrentGradleInstallation                      : loaded 2 times (x 71B)
Class org.gradle.internal.agents.InstrumentingClassLoader                             : loaded 2 times (x 68B)
Class org.gradle.internal.installation.CurrentGradleInstallationLocator               : loaded 2 times (x 69B)
Class [Lcom.google.common.cache.LocalCache$Segment;                                   : loaded 2 times (x 67B)
Class org.gradle.api.internal.classpath.Module                                        : loaded 2 times (x 68B)
Class com.google.common.base.Splitter$1$1                                             : loaded 2 times (x 84B)
Class com.google.common.collect.ImmutableSet$JdkBackedSetBuilderImpl                  : loaded 2 times (x 74B)
Class com.google.common.collect.ImmutableSet$RegularSetBuilderImpl                    : loaded 2 times (x 75B)
Class [Lorg.objectweb.asm.AnnotationWriter;                                           : loaded 2 times (x 67B)
Class org.gradle.internal.service.CachingServiceLocator                               : loaded 2 times (x 80B)
Class [Lcom.google.common.collect.ImmutableEntry;                                     : loaded 2 times (x 67B)
Class com.google.common.collect.Sets$ImprovedAbstractSet                              : loaded 2 times (x 133B)
Class org.gradle.internal.classpath.DefaultClassPath                                  : loaded 2 times (x 88B)
Class com.google.common.util.concurrent.AbstractFuture$SetFuture                      : loaded 2 times (x 73B)
Class com.google.common.base.Splitter$SplittingIterator                               : loaded 2 times (x 82B)
Class com.google.common.cache.LocalCache$LocalManualCache$1                           : loaded 2 times (x 73B)
Class Build_gradle$1                                                                  : loaded 2 times (x 72B)
Class Build_gradle$2                                                                  : loaded 2 times (x 76B)
Class [Lcom.google.common.collect.AbstractIterator$State;                             : loaded 2 times (x 67B)
Class org.objectweb.asm.SymbolTable$Entry                                             : loaded 2 times (x 72B)
Class [Lcom.google.common.cache.LocalCache$EntryFactory;                              : loaded 2 times (x 67B)
Class com.google.common.base.CharMatcher$Is                                           : loaded 2 times (x 109B)
Class com.google.common.base.Platform                                                 : loaded 2 times (x 69B)
Class com.google.common.collect.RegularImmutableAsList                                : loaded 2 times (x 176B)
Class com.google.common.collect.PeekingIterator                                       : loaded 2 times (x 68B)
Class com.google.common.collect.ImmutableMapEntrySet                                  : loaded 2 times (x 149B)
Class com.google.common.cache.CacheLoader                                             : loaded 2 times (x 72B)
Class com.google.common.collect.ImmutableBiMapFauxverideShim                          : loaded 2 times (x 118B)
Class org.objectweb.asm.MethodTooLargeException                                       : loaded 2 times (x 81B)
Class com.google.common.cache.Cache                                                   : loaded 2 times (x 68B)
Class org.gradle.internal.classloader.SystemClassLoaderSpec                           : loaded 2 times (x 69B)
Class com.google.common.util.concurrent.internal.InternalFutureFailureAccess          : loaded 2 times (x 70B)
Class com.google.common.base.Charsets                                                 : loaded 2 times (x 69B)
Class com.google.common.primitives.Ints$IntConverter                                  : loaded 2 times (x 88B)
Class com.google.common.collect.SingletonImmutableSet                                 : loaded 2 times (x 144B)
Class [Lcom.google.common.base.AbstractIterator$State;                                : loaded 2 times (x 67B)
Class com.google.common.collect.ImmutableMap$Builder                                  : loaded 2 times (x 80B)
Class com.google.common.base.AbstractIterator                                         : loaded 2 times (x 78B)
Class org.objectweb.asm.ClassWriter                                                   : loaded 2 times (x 102B)
Class com.google.common.base.AbstractIterator$1                                       : loaded 2 times (x 69B)
Class [Lcom.google.common.cache.CacheBuilder$OneWeigher;                              : loaded 2 times (x 67B)
Class com.google.common.collect.Iterators                                             : loaded 2 times (x 69B)
Class com.google.common.base.CharMatcher$1                                            : loaded 2 times (x 111B)
Class com.google.common.base.CharMatcher$Ascii                                        : loaded 2 times (x 110B)
Class com.google.common.cache.LocalCache$ComputingValueReference                      : loaded 2 times (x 94B)
Class com.google.common.collect.ImmutableList$SerializedForm                          : loaded 2 times (x 71B)
Class org.gradle.api.UncheckedIOException                                             : loaded 2 times (x 80B)
Class com.google.common.base.CharMatcher$And                                          : loaded 2 times (x 110B)
Class com.google.common.collect.IndexedImmutableSet                                   : loaded 2 times (x 148B)
Class com.google.common.base.ExtraObjectsMethodsForWeb                                : loaded 2 times (x 69B)
Class com.google.common.collect.IndexedImmutableSet$1                                 : loaded 2 times (x 172B)
Class com.google.common.collect.AbstractListMultimap                                  : loaded 2 times (x 170B)
Class com.google.common.base.CharMatcher$Any                                          : loaded 2 times (x 110B)
Class org.gradle.internal.installation.GradleInstallation                             : loaded 2 times (x 73B)
Class com.google.common.cache.LocalCache$Strength                                     : loaded 2 times (x 79B)
Class com.google.common.collect.AbstractMapBasedMultimap$KeySet                       : loaded 2 times (x 135B)
Class com.google.common.collect.ArrayListMultimapGwtSerializationDependencies         : loaded 2 times (x 170B)
Class com.google.common.base.CharMatcher$RangesMatcher                                : loaded 2 times (x 110B)
Class org.objectweb.asm.Handler                                                       : loaded 2 times (x 70B)
Class com.google.common.collect.ImmutableList$SubList                                 : loaded 2 times (x 168B)
Class com.google.common.cache.LocalCache$ValueReference                               : loaded 2 times (x 68B)
Class org.gradle.internal.classloader.ClasspathUtil                                   : loaded 2 times (x 69B)
Class org.objectweb.asm.CurrentFrame                                                  : loaded 2 times (x 71B)
Class com.google.common.util.concurrent.AbstractFuture                                : loaded 2 times (x 93B)
Class com.google.common.base.Splitter$1                                               : loaded 2 times (x 75B)
Class com.google.common.base.Ticker$1                                                 : loaded 2 times (x 70B)
Class com.google.common.collect.Maps$BiMapConverter                                   : loaded 2 times (x 88B)
Class org.gradle.api.internal.DefaultClassPathRegistry                                : loaded 2 times (x 74B)
Class com.google.common.collect.AbstractIterator$State                                : loaded 2 times (x 77B)
Class [Lorg.objectweb.asm.Symbol;                                                     : loaded 2 times (x 67B)
Class com.google.common.util.concurrent.AbstractFuture$Cancellation                   : loaded 2 times (x 70B)
Class com.google.common.collect.Interner                                              : loaded 2 times (x 68B)
Class com.google.common.collect.ImmutableSet$SetBuilderImpl                           : loaded 2 times (x 74B)
Class org.gradle.api.internal.classpath.DefaultModuleRegistry$DefaultModule           : loaded 2 times (x 84B)
Class com.google.common.base.CharMatcher$JavaIsoControl                               : loaded 2 times (x 110B)
Class com.google.common.collect.ImmutableMap$1                                        : loaded 2 times (x 79B)
Class com.google.common.base.CharMatcher$Or                                           : loaded 2 times (x 110B)
Class com.google.common.base.Suppliers$SupplierOfInstance                             : loaded 2 times (x 77B)
Class org.objectweb.asm.RecordComponentVisitor                                        : loaded 2 times (x 75B)
Class com.google.common.collect.Iterables                                             : loaded 2 times (x 69B)
Class com.google.common.base.CharMatcher$JavaLowerCase                                : loaded 2 times (x 109B)
Class org.objectweb.asm.ClassTooLargeException                                        : loaded 2 times (x 81B)
Class org.gradle.api.internal.classpath.UnknownModuleException                        : loaded 2 times (x 80B)
Class com.google.common.collect.FluentIterable                                        : loaded 2 times (x 79B)
Class com.google.common.util.concurrent.AbstractFuture$Listener                       : loaded 2 times (x 70B)
Class com.google.common.collect.Iterables$4                                           : loaded 2 times (x 79B)
Class org.objectweb.asm.Edge                                                          : loaded 2 times (x 70B)
Class com.google.common.collect.Maps$EntryTransformer                                 : loaded 2 times (x 68B)
Class com.google.common.collect.ImmutableCollection$Builder                           : loaded 2 times (x 74B)
Class [Lorg.objectweb.asm.SymbolTable$Entry;                                          : loaded 2 times (x 67B)
Class com.google.common.collect.SingletonImmutableBiMap                               : loaded 2 times (x 141B)
Class com.google.common.base.CommonPattern                                            : loaded 2 times (x 72B)
Class com.google.common.base.Suppliers                                                : loaded 2 times (x 69B)
Class org.objectweb.asm.ClassVisitor                                                  : loaded 2 times (x 85B)
Class com.google.common.cache.LoadingCache                                            : loaded 2 times (x 68B)
Class org.gradle.internal.service.ServiceLookupException                              : loaded 2 times (x 80B)
Class org.gradle.cache.GlobalCache                                                    : loaded 2 times (x 68B)
Class com.google.common.base.Present                                                  : loaded 2 times (x 79B)
Class com.google.common.base.CharMatcher$NegatedFastMatcher                           : loaded 2 times (x 111B)
Class [Lorg.gradle.api.internal.ClassPathProvider;                                    : loaded 2 times (x 67B)
Class com.google.common.util.concurrent.AbstractFuture$SafeAtomicHelper               : loaded 2 times (x 77B)
Class org.gradle.util.internal.GUtil                                                  : loaded 2 times (x 69B)
Class com.google.common.math.IntMath                                                  : loaded 2 times (x 69B)
Class com.google.common.collect.AbstractIterator                                      : loaded 2 times (x 80B)
Class org.gradle.internal.classloader.ClassLoaderSpec                                 : loaded 2 times (x 69B)
Class com.google.common.base.NullnessCasts                                            : loaded 2 times (x 69B)
Class org.objectweb.asm.Frame                                                         : loaded 2 times (x 71B)
Class com.google.common.cache.LocalCache$LocalManualCache                             : loaded 2 times (x 97B)
Class com.google.common.collect.AbstractMapEntry                                      : loaded 2 times (x 79B)
Class com.google.common.collect.ImmutableList$Builder                                 : loaded 2 times (x 75B)
Class com.google.common.base.CharMatcher$Negated                                      : loaded 2 times (x 111B)
Class com.google.common.cache.CacheLoader$1                                           : loaded 2 times (x 73B)
Class com.google.common.util.concurrent.AbstractFuture$TrustedFuture                  : loaded 2 times (x 95B)
Class com.google.common.collect.Sets                                                  : loaded 2 times (x 69B)
Class com.google.common.collect.ImmutableSet$Builder                                  : loaded 2 times (x 83B)
Class com.google.common.base.CharMatcher$ForPredicate                                 : loaded 2 times (x 110B)
Class com.google.common.collect.ImmutableMap$MapViewOfValuesAsSingletonSets           : loaded 2 times (x 123B)
Class com.google.common.base.MoreObjects                                              : loaded 2 times (x 69B)
Class com.google.common.collect.SortedMapDifference                                   : loaded 2 times (x 68B)
Class org.objectweb.asm.SymbolTable                                                   : loaded 2 times (x 70B)
Class [Lorg.objectweb.asm.AnnotationVisitor;                                          : loaded 2 times (x 67B)
Class com.google.common.cache.CacheStats                                              : loaded 2 times (x 69B)
Class org.objectweb.asm.Attribute                                                     : loaded 2 times (x 75B)
Class org.gradle.internal.classloader.VisitableURLClassLoader                         : loaded 2 times (x 114B)
Class com.google.common.cache.LocalCache$LocalLoadingCache                            : loaded 2 times (x 132B)
Class com.google.common.base.Supplier                                                 : loaded 2 times (x 68B)
Class com.google.common.base.Objects                                                  : loaded 2 times (x 69B)
Class com.google.common.util.concurrent.AbstractFuture$AtomicHelper                   : loaded 2 times (x 76B)
Class com.google.common.collect.ImmutableBiMap                                        : loaded 2 times (x 141B)
Class org.gradle.internal.Cast                                                        : loaded 2 times (x 69B)
Class Build_gradle                                                                    : loaded 2 times (x 128B)
Class org.gradle.api.internal.ClassPathRegistry                                       : loaded 2 times (x 68B)
Class com.google.common.cache.LocalCache$EntryFactory                                 : loaded 2 times (x 81B)
Class com.google.common.util.concurrent.UncheckedExecutionException                   : loaded 2 times (x 80B)
Class com.google.common.collect.ImmutableSet                                          : loaded 2 times (x 143B)
Class org.gradle.internal.classloader.VisitableURLClassLoader$InstrumentingVisitableURLClassLoader: loaded 2 times (x 120B)
Class org.gradle.internal.classloader.ClassLoaderHierarchy                            : loaded 2 times (x 68B)
Class com.google.common.io.Closer$Suppressor                                          : loaded 2 times (x 68B)
Class [Lorg.objectweb.asm.Type;                                                       : loaded 2 times (x 67B)
Class com.google.common.base.AbstractIterator$State                                   : loaded 2 times (x 77B)
Class com.google.common.cache.Weigher                                                 : loaded 2 times (x 68B)
Class com.google.common.base.CharMatcher$NamedFastMatcher                             : loaded 2 times (x 110B)
Class org.gradle.internal.InternalTransformer                                         : loaded 2 times (x 68B)
Class org.gradle.internal.service.ServiceLocator                                      : loaded 2 times (x 68B)
Class Settings_gradle$1                                                               : loaded 2 times (x 72B)
Class com.google.common.util.concurrent.SettableFuture                                : loaded 2 times (x 95B)
Class com.google.common.collect.ImmutableMapEntry                                     : loaded 2 times (x 83B)
Class com.google.common.base.CharMatcher$Invisible                                    : loaded 2 times (x 110B)
Class com.google.common.base.Joiner$1                                                 : loaded 2 times (x 78B)
Class com.google.common.base.Joiner$2                                                 : loaded 2 times (x 77B)
Class com.google.common.base.CharMatcher$FastMatcher                                  : loaded 2 times (x 109B)
Class org.gradle.internal.classpath.DefaultClassPath$ImmutableUniqueList              : loaded 2 times (x 159B)
Class com.google.common.base.CharMatcher$JavaLetter                                   : loaded 2 times (x 109B)
Class org.gradle.internal.classpath.TransformedClassPath                              : loaded 2 times (x 94B)
Class com.google.common.collect.MapDifference                                         : loaded 2 times (x 68B)
Class com.google.common.collect.Sets$1                                                : loaded 2 times (x 137B)
Class com.google.common.collect.Sets$2                                                : loaded 2 times (x 137B)
Class com.google.common.util.concurrent.AbstractFuture$Trusted                        : loaded 2 times (x 68B)
Class com.google.common.collect.Sets$3                                                : loaded 2 times (x 137B)
Class com.google.common.collect.Sets$4                                                : loaded 2 times (x 137B)
Class Settings_gradle                                                                 : loaded 2 times (x 126B)
Class org.objectweb.asm.MethodWriter                                                  : loaded 2 times (x 103B)
Class com.google.common.collect.Platform                                              : loaded 2 times (x 69B)
Class com.google.common.collect.ImmutableAsList                                       : loaded 2 times (x 169B)
Class com.google.common.util.concurrent.ExecutionError                                : loaded 2 times (x 80B)
Class com.google.common.base.Equivalence$Identity                                     : loaded 2 times (x 80B)
Class com.google.common.base.CharMatcher$AnyOf                                        : loaded 2 times (x 110B)
Class com.google.common.base.CharMatcher$IsEither                                     : loaded 2 times (x 109B)
Class com.google.common.collect.AbstractIterator$1                                    : loaded 2 times (x 69B)
Class com.google.common.cache.LocalCache                                              : loaded 2 times (x 185B)
Class com.google.common.collect.RegularImmutableList                                  : loaded 2 times (x 172B)
Class com.google.common.util.concurrent.AbstractFuture$UnsafeAtomicHelper$1           : loaded 2 times (x 74B)
Class com.google.common.base.CharMatcher$JavaUpperCase                                : loaded 2 times (x 109B)
Class com.google.common.collect.Multiset                                              : loaded 2 times (x 68B)
Class com.google.common.collect.ImmutableSet$CachingAsList                            : loaded 2 times (x 145B)
Class org.objectweb.asm.MethodVisitor                                                 : loaded 2 times (x 102B)
Class com.google.common.collect.AbstractMapBasedMultimap$KeySet$1                     : loaded 2 times (x 80B)
Class com.google.common.collect.ImmutableMapEntry$NonTerminalImmutableMapEntry        : loaded 2 times (x 83B)
Class com.google.common.collect.AbstractMapBasedMultimap                              : loaded 2 times (x 137B)


---------------  S Y S T E M  ---------------

OS:
 Windows 11 , 64 bit Build 22621 (10.0.22621.3235)
OS uptime: 10 days 17:08 hours

CPU: total 8 (initial active 8) (4 cores per cpu, 2 threads per core) family 6 model 140 stepping 1 microcode 0xb4, cx8, cmov, fxsr, ht, mmx, 3dnowpref, sse, sse2, sse3, ssse3, sse4.1, sse4.2, popcnt, lzcnt, tsc, tscinvbit, avx, avx2, aes, erms, clmul, bmi1, bmi2, adx, avx512f, avx512dq, avx512cd, avx512bw, avx512vl, sha, fma, vzeroupper, avx512_vpopcntdq, avx512_vpclmulqdq, avx512_vaes, avx512_vnni, clflush, clflushopt, clwb, avx512_vbmi2, avx512_vbmi

Memory: 4k page, system-wide physical 16106M (3726M free)
TotalPageFile size 19106M (AvailPageFile size 454M)
current process WorkingSet (physical memory assigned to process): 643M, peak: 644M
current process commit charge ("private bytes"): 684M, peak: 1166M

vm_info: OpenJDK 64-Bit Server VM (17.0.7+0-b2043.56-10550314) for windows-amd64 JRE (17.0.7+0-b2043.56-10550314), built on Jul 24 2023 18:27:45 by "androidbuild" with MS VC++ 16.10 / 16.11 (VS2019)

END.
