#
# There is insufficient memory for the Java Runtime Environment to continue.
# Native memory allocation (mmap) failed to map 63963136 bytes for G1 virtual space
# Possible reasons:
#   The system is out of physical RAM or swap space
#   The process is running with CompressedOops enabled, and the Java Heap may be blocking the growth of the native heap
# Possible solutions:
#   Reduce memory load on the system
#   Increase physical memory or swap space
#   Check if swap backing store is full
#   Decrease Java heap size (-Xmx/-Xms)
#   Decrease number of Java threads
#   Decrease Java thread stack sizes (-Xss)
#   Set larger code cache with -XX:ReservedCodeCacheSize=
#   JVM is running with Unscaled Compressed Oops mode in which the Java heap is
#     placed in the first 4GB address space. The Java Heap base address is the
#     maximum limit for the native heap growth. Please use -XX:HeapBaseMinAddress
#     to set the Java Heap base and to place the Java Heap above 4GB virtual address.
# This output file may be truncated or incomplete.
#
#  Out of Memory Error (os_windows.cpp:3771), pid=2748, tid=16120
#
# JRE version: OpenJDK Runtime Environment (17.0.7) (build 17.0.7+0-b2043.56-10550314)
# Java VM: OpenJDK 64-Bit Server VM (17.0.7+0-b2043.56-10550314, mixed mode, tiered, compressed oops, compressed class ptrs, g1 gc, windows-amd64)
# No core dump will be written. Minidumps are not enabled by default on client versions of Windows
#

---------------  S U M M A R Y ------------

Command Line: --add-opens=java.base/java.util=ALL-UNNAMED --add-opens=java.base/java.lang=ALL-UNNAMED --add-opens=java.base/java.lang.invoke=ALL-UNNAMED --add-opens=java.prefs/java.util.prefs=ALL-UNNAMED --add-opens=java.base/java.nio.charset=ALL-UNNAMED --add-opens=java.base/java.net=ALL-UNNAMED --add-opens=java.base/java.util.concurrent.atomic=ALL-UNNAMED -Xmx2048m -Dfile.encoding=UTF-8 -Duser.country=US -Duser.language=en -Duser.variant -javaagent:C:\Users\minhm\.gradle\wrapper\dists\gradle-8.2-bin\bbg7u40eoinfdyxsxr3z4i7ta\gradle-8.2\lib\agents\gradle-instrumentation-agent-8.2.jar org.gradle.launcher.daemon.bootstrap.GradleDaemon 8.2

Host: 11th Gen Intel(R) Core(TM) i5-1135G7 @ 2.40GHz, 8 cores, 15G,  Windows 11 , 64 bit Build 22621 (10.0.22621.3235)
Time: Sun Apr  7 15:39:50 2024 SE Asia Standard Time elapsed time: 134.768669 seconds (0d 0h 2m 14s)

---------------  T H R E A D  ---------------

Current thread (0x00000264dc6adf40):  VMThread "VM Thread" [stack: 0x000000c7ad400000,0x000000c7ad500000] [id=16120]

Stack: [0x000000c7ad400000,0x000000c7ad500000]
Native frames: (J=compiled Java code, j=interpreted, Vv=VM code, C=native code)
V  [jvm.dll+0x683bfa]
V  [jvm.dll+0x8430a4]
V  [jvm.dll+0x8449be]
V  [jvm.dll+0x845023]
V  [jvm.dll+0x24ad2f]
V  [jvm.dll+0x680ac9]
V  [jvm.dll+0x67519a]
V  [jvm.dll+0x30b3cb]
V  [jvm.dll+0x312876]
V  [jvm.dll+0x36221e]
V  [jvm.dll+0x36244f]
V  [jvm.dll+0x2e14a8]
V  [jvm.dll+0x2df684]
V  [jvm.dll+0x2dec8c]
V  [jvm.dll+0x323b51]
V  [jvm.dll+0x8496eb]
V  [jvm.dll+0x84a424]
V  [jvm.dll+0x84a93d]
V  [jvm.dll+0x84ad14]
V  [jvm.dll+0x84ade0]
V  [jvm.dll+0x7f2aea]
V  [jvm.dll+0x682a35]
C  [ucrtbase.dll+0x29363]
C  [KERNEL32.DLL+0x1257d]
C  [ntdll.dll+0x5aa58]

VM_Operation (0x000000c7b1bf81d0): G1TryInitiateConcMark, mode: safepoint, requested by thread 0x00000264e76f9430


---------------  P R O C E S S  ---------------

Threads class SMR info:
_java_thread_list=0x00000264e80dc670, length=107, elements={
0x00000264c2857010, 0x00000264dc6af470, 0x00000264dc852210, 0x00000264dc886290,
0x00000264dc886c50, 0x00000264dc889a20, 0x00000264dc88c2f0, 0x00000264dc88dbb0,
0x00000264dc892dd0, 0x00000264dc8973e0, 0x00000264dc9cbe00, 0x00000264dcb46030,
0x00000264e357df50, 0x00000264e1c6e520, 0x00000264e23bddd0, 0x00000264e1c60790,
0x00000264e1c61600, 0x00000264e1c5f920, 0x00000264e1c62e10, 0x00000264e1c5f450,
0x00000264e299d060, 0x00000264e299a040, 0x00000264e299aeb0, 0x00000264e299a510,
0x00000264e299d530, 0x00000264e431a5a0, 0x00000264e4314f00, 0x00000264e4315d70,
0x00000264e4314090, 0x00000264e4316240, 0x00000264e4318d90, 0x00000264e4317f20,
0x00000264e1b73910, 0x00000264e308d3b0, 0x00000264e82ed610, 0x00000264e73e21b0,
0x00000264e3545b60, 0x00000264eef82020, 0x00000264e35451c0, 0x00000264e3544350,
0x00000264dcaebee0, 0x00000264e6019250, 0x00000264e73e34f0, 0x00000264e73e2b50,
0x00000264e26b83b0, 0x00000264e73df190, 0x00000264e73e39c0, 0x00000264e26b7070,
0x00000264e26b7540, 0x00000264e26b7a10, 0x00000264e7129790, 0x00000264e26b7ee0,
0x00000264e26b8880, 0x00000264e7188e80, 0x00000264e7128d70, 0x00000264e71884e0,
0x00000264e601a0c0, 0x00000264e6019720, 0x00000264e7185990, 0x00000264e71889b0,
0x00000264e7186330, 0x00000264e7189350, 0x00000264e7185e60, 0x00000264e7186cd0,
0x00000264e7186800, 0x00000264e71871a0, 0x00000264e7187670, 0x00000264e7188010,
0x00000264e7187b40, 0x00000264e601aa60, 0x00000264e76f9430, 0x00000264e76f9900,
0x00000264e76fb5e0, 0x00000264e76fac40, 0x00000264e76fbab0, 0x00000264e76f9dd0,
0x00000264e76fa770, 0x00000264e76fb110, 0x00000264e76f8a90, 0x00000264e76f8f60,
0x00000264e76fbf80, 0x00000264e76fc450, 0x00000264e76fa2a0, 0x00000264eea18b90,
0x00000264eea1b210, 0x00000264eea17d20, 0x00000264eea19530, 0x00000264eea1ad40,
0x00000264eea1b6e0, 0x00000264eea181f0, 0x00000264e2d3d850, 0x00000264e2d3c510,
0x00000264e3a0ce90, 0x00000264e3a0c4f0, 0x00000264e3a0d360, 0x00000264e3a0c9c0,
0x00000264e84fa900, 0x00000264e84f8750, 0x00000264e84f7410, 0x00000264e84f7db0,
0x00000264e6d401e0, 0x00000264e6d3f370, 0x00000264e6d3eea0, 0x00000264e6d406b0,
0x00000264e6d3e9d0, 0x00000264e6d3f840, 0x00000264e6d3fd10
}

Java Threads: ( => current thread )
  0x00000264c2857010 JavaThread "main" [_thread_blocked, id=12068, stack(0x000000c7ace00000,0x000000c7acf00000)]
  0x00000264dc6af470 JavaThread "Reference Handler" daemon [_thread_blocked, id=16552, stack(0x000000c7ad500000,0x000000c7ad600000)]
  0x00000264dc852210 JavaThread "Finalizer" daemon [_thread_blocked, id=4980, stack(0x000000c7ad600000,0x000000c7ad700000)]
  0x00000264dc886290 JavaThread "Signal Dispatcher" daemon [_thread_blocked, id=5184, stack(0x000000c7ad700000,0x000000c7ad800000)]
  0x00000264dc886c50 JavaThread "Attach Listener" daemon [_thread_blocked, id=10792, stack(0x000000c7ad800000,0x000000c7ad900000)]
  0x00000264dc889a20 JavaThread "Service Thread" daemon [_thread_blocked, id=15032, stack(0x000000c7ad900000,0x000000c7ada00000)]
  0x00000264dc88c2f0 JavaThread "Monitor Deflation Thread" daemon [_thread_blocked, id=2304, stack(0x000000c7ada00000,0x000000c7adb00000)]
  0x00000264dc88dbb0 JavaThread "C2 CompilerThread0" daemon [_thread_blocked, id=8168, stack(0x000000c7adb00000,0x000000c7adc00000)]
  0x00000264dc892dd0 JavaThread "C1 CompilerThread0" daemon [_thread_blocked, id=9008, stack(0x000000c7adc00000,0x000000c7add00000)]
  0x00000264dc8973e0 JavaThread "Sweeper thread" daemon [_thread_blocked, id=13120, stack(0x000000c7add00000,0x000000c7ade00000)]
  0x00000264dc9cbe00 JavaThread "Common-Cleaner" daemon [_thread_blocked, id=7492, stack(0x000000c7ade00000,0x000000c7adf00000)]
  0x00000264dcb46030 JavaThread "Notification Thread" daemon [_thread_blocked, id=2524, stack(0x000000c7adf00000,0x000000c7ae000000)]
  0x00000264e357df50 JavaThread "Daemon health stats" [_thread_blocked, id=8536, stack(0x000000c7ae800000,0x000000c7ae900000)]
  0x00000264e1c6e520 JavaThread "Incoming local TCP Connector on port 50714" [_thread_in_native, id=17396, stack(0x000000c7ae900000,0x000000c7aea00000)]
  0x00000264e23bddd0 JavaThread "Daemon periodic checks" [_thread_blocked, id=15676, stack(0x000000c7aea00000,0x000000c7aeb00000)]
  0x00000264e1c60790 JavaThread "Cache worker for journal cache (C:\Users\minhm\.gradle\caches\journal-1)" [_thread_blocked, id=8860, stack(0x000000c7af500000,0x000000c7af600000)]
  0x00000264e1c61600 JavaThread "File lock request listener" [_thread_in_native, id=10136, stack(0x000000c7af600000,0x000000c7af700000)]
  0x00000264e1c5f920 JavaThread "Cache worker for file hash cache (C:\Users\minhm\.gradle\caches\8.2\fileHashes)" [_thread_blocked, id=19192, stack(0x000000c7af700000,0x000000c7af800000)]
  0x00000264e1c62e10 JavaThread "File watcher server" daemon [_thread_blocked, id=11308, stack(0x000000c7af800000,0x000000c7af900000)]
  0x00000264e1c5f450 JavaThread "File watcher consumer" daemon [_thread_blocked, id=1944, stack(0x000000c7af900000,0x000000c7afa00000)]
  0x00000264e299d060 JavaThread "Cache worker for file content cache (C:\Users\minhm\.gradle\caches\8.2\fileContent)" [_thread_blocked, id=3084, stack(0x000000c7afc00000,0x000000c7afd00000)]
  0x00000264e299a040 JavaThread "Cache worker for execution history cache (C:\Users\minhm\.gradle\caches\8.2\executionHistory)" [_thread_blocked, id=16472, stack(0x000000c7ae700000,0x000000c7ae800000)]
  0x00000264e299aeb0 JavaThread "jar transforms" [_thread_blocked, id=13144, stack(0x000000c7aff00000,0x000000c7b0000000)]
  0x00000264e299a510 JavaThread "jar transforms Thread 2" [_thread_blocked, id=12340, stack(0x000000c7b0100000,0x000000c7b0200000)]
  0x00000264e299d530 JavaThread "Cache worker for kotlin-dsl (C:\Users\minhm\.gradle\caches\8.2\kotlin-dsl)" [_thread_blocked, id=804, stack(0x000000c7b0200000,0x000000c7b0300000)]
  0x00000264e431a5a0 JavaThread "jar transforms Thread 3" [_thread_blocked, id=15192, stack(0x000000c7b0300000,0x000000c7b0400000)]
  0x00000264e4314f00 JavaThread "jar transforms Thread 4" [_thread_blocked, id=10416, stack(0x000000c7b0400000,0x000000c7b0500000)]
  0x00000264e4315d70 JavaThread "jar transforms Thread 5" [_thread_blocked, id=8376, stack(0x000000c7b0000000,0x000000c7b0100000)]
  0x00000264e4314090 JavaThread "jar transforms Thread 6" [_thread_blocked, id=10532, stack(0x000000c7b0500000,0x000000c7b0600000)]
  0x00000264e4316240 JavaThread "jar transforms Thread 7" [_thread_blocked, id=11956, stack(0x000000c7b0800000,0x000000c7b0900000)]
  0x00000264e4318d90 JavaThread "jar transforms Thread 8" [_thread_blocked, id=1380, stack(0x000000c7b0900000,0x000000c7b0a00000)]
  0x00000264e4317f20 JavaThread "Memory manager" [_thread_blocked, id=6568, stack(0x000000c7b1400000,0x000000c7b1500000)]
  0x00000264e1b73910 JavaThread "pool-3-thread-1" [_thread_blocked, id=8084, stack(0x000000c7b1500000,0x000000c7b1600000)]
  0x00000264e308d3b0 JavaThread "Cache worker for Java compile cache (C:\Users\minhm\.gradle\caches\8.2\javaCompile)" [_thread_blocked, id=2692, stack(0x000000c7b6900000,0x000000c7b6a00000)]
  0x00000264e82ed610 JavaThread "ForkJoinPool.commonPool-worker-2" daemon [_thread_blocked, id=10488, stack(0x000000c7b7b00000,0x000000c7b7c00000)]
  0x00000264e73e21b0 JavaThread "ForkJoinPool.commonPool-worker-3" daemon [_thread_blocked, id=6896, stack(0x000000c7b7c00000,0x000000c7b7d00000)]
  0x00000264e3545b60 JavaThread "ForkJoinPool.commonPool-worker-4" daemon [_thread_blocked, id=17232, stack(0x000000c7b7d00000,0x000000c7b7e00000)]
  0x00000264eef82020 JavaThread "ForkJoinPool.commonPool-worker-5" daemon [_thread_blocked, id=2944, stack(0x000000c7b7e00000,0x000000c7b7f00000)]
  0x00000264e35451c0 JavaThread "ForkJoinPool.commonPool-worker-6" daemon [_thread_blocked, id=9320, stack(0x000000c7b7f00000,0x000000c7b8000000)]
  0x00000264e3544350 JavaThread "ForkJoinPool.commonPool-worker-7" daemon [_thread_blocked, id=2896, stack(0x000000c7b8000000,0x000000c7b8100000)]
  0x00000264dcaebee0 JavaThread "Daemon Thread 2" [_thread_blocked, id=1200, stack(0x000000c7acb00000,0x000000c7acc00000)]
  0x00000264e6019250 JavaThread "Daemon worker Thread 2" [_thread_blocked, id=10148, stack(0x000000c7aeb00000,0x000000c7aec00000)]
  0x00000264e73e34f0 JavaThread "pool-7-thread-1" [_thread_blocked, id=8256, stack(0x000000c7b1300000,0x000000c7b1400000)]
  0x00000264e73e2b50 JavaThread "included builds" [_thread_blocked, id=18136, stack(0x000000c7b1700000,0x000000c7b1800000)]
  0x00000264e26b83b0 JavaThread "ForkJoinPool.commonPool-worker-8" daemon [_thread_blocked, id=11220, stack(0x000000c7b4900000,0x000000c7b4a00000)]
  0x00000264e73df190 JavaThread "Handler for socket connection from /127.0.0.1:50714 to /127.0.0.1:50791" [_thread_in_native, id=9052, stack(0x000000c7acc00000,0x000000c7acd00000)]
  0x00000264e73e39c0 JavaThread "Cancel handler" [_thread_blocked, id=17036, stack(0x000000c7acd00000,0x000000c7ace00000)]
  0x00000264e26b7070 JavaThread "Asynchronous log dispatcher for DefaultDaemonConnection: socket connection from /127.0.0.1:50714 to /127.0.0.1:50791" [_thread_blocked, id=11816, stack(0x000000c7aed00000,0x000000c7aee00000)]
  0x00000264e26b7540 JavaThread "Stdin handler" [_thread_blocked, id=12572, stack(0x000000c7aee00000,0x000000c7aef00000)]
  0x00000264e26b7a10 JavaThread "Daemon client event forwarder" [_thread_blocked, id=1156, stack(0x000000c7aef00000,0x000000c7af000000)]
  0x00000264e7129790 JavaThread "C2 CompilerThread1" daemon [_thread_blocked, id=10188, stack(0x000000c7af000000,0x000000c7af100000)]
  0x00000264e26b7ee0 JavaThread "Cache worker for checksums cache (D:\study\Android\appBaoHanh\.gradle\8.2\checksums)" [_thread_blocked, id=13600, stack(0x000000c7af100000,0x000000c7af200000)]
  0x00000264e26b8880 JavaThread "Cache worker for cache directory md-rule (C:\Users\minhm\.gradle\caches\8.2\md-rule)" [_thread_blocked, id=9604, stack(0x000000c7afa00000,0x000000c7afb00000)]
  0x00000264e7188e80 JavaThread "Cache worker for file hash cache (D:\study\Android\appBaoHanh\.gradle\8.2\fileHashes)" [_thread_blocked, id=5556, stack(0x000000c7afb00000,0x000000c7afc00000)]
  0x00000264e7128d70 JavaThread "C2 CompilerThread2" daemon [_thread_blocked, id=1488, stack(0x000000c7afd00000,0x000000c7afe00000)]
  0x00000264e71884e0 JavaThread "Cache worker for cache directory md-supplier (C:\Users\minhm\.gradle\caches\8.2\md-supplier)" [_thread_blocked, id=15680, stack(0x000000c7afe00000,0x000000c7aff00000)]
  0x00000264e601a0c0 JavaThread "Cache worker for dependencies-accessors (D:\study\Android\appBaoHanh\.gradle\8.2\dependencies-accessors)" [_thread_blocked, id=1000, stack(0x000000c7b0600000,0x000000c7b0700000)]
  0x00000264e6019720 JavaThread "Cache worker for Build Output Cleanup Cache (D:\study\Android\appBaoHanh\.gradle\buildOutputCleanup)" [_thread_blocked, id=18204, stack(0x000000c7b0700000,0x000000c7b0800000)]
  0x00000264e7185990 JavaThread "Unconstrained build operations" [_thread_blocked, id=2380, stack(0x000000c7b0a00000,0x000000c7b0b00000)]
  0x00000264e71889b0 JavaThread "Unconstrained build operations Thread 2" [_thread_blocked, id=10236, stack(0x000000c7b0b00000,0x000000c7b0c00000)]
  0x00000264e7186330 JavaThread "Unconstrained build operations Thread 3" [_thread_blocked, id=620, stack(0x000000c7b0c00000,0x000000c7b0d00000)]
  0x00000264e7189350 JavaThread "Unconstrained build operations Thread 4" [_thread_blocked, id=14832, stack(0x000000c7b0d00000,0x000000c7b0e00000)]
  0x00000264e7185e60 JavaThread "Unconstrained build operations Thread 5" [_thread_blocked, id=9232, stack(0x000000c7b0e00000,0x000000c7b0f00000)]
  0x00000264e7186cd0 JavaThread "Unconstrained build operations Thread 6" [_thread_blocked, id=7944, stack(0x000000c7b0f00000,0x000000c7b1000000)]
  0x00000264e7186800 JavaThread "Unconstrained build operations Thread 7" [_thread_blocked, id=10592, stack(0x000000c7b1000000,0x000000c7b1100000)]
  0x00000264e71871a0 JavaThread "build event listener" [_thread_blocked, id=7948, stack(0x000000c7b1100000,0x000000c7b1200000)]
  0x00000264e7187670 JavaThread "pool-11-thread-1" [_thread_blocked, id=160, stack(0x000000c7b1600000,0x000000c7b1700000)]
  0x00000264e7188010 JavaThread "build event listener" [_thread_blocked, id=10836, stack(0x000000c7b1800000,0x000000c7b1900000)]
  0x00000264e7187b40 JavaThread "included builds" [_thread_blocked, id=4664, stack(0x000000c7b1900000,0x000000c7b1a00000)]
  0x00000264e601aa60 JavaThread "Execution worker" [_thread_blocked, id=1780, stack(0x000000c7b1a00000,0x000000c7b1b00000)]
  0x00000264e76f9430 JavaThread "Execution worker Thread 2" [_thread_blocked, id=3404, stack(0x000000c7b1b00000,0x000000c7b1c00000)]
  0x00000264e76f9900 JavaThread "Execution worker Thread 3" [_thread_blocked, id=18216, stack(0x000000c7b1c00000,0x000000c7b1d00000)]
  0x00000264e76fb5e0 JavaThread "Execution worker Thread 4" [_thread_blocked, id=6368, stack(0x000000c7b1d00000,0x000000c7b1e00000)]
  0x00000264e76fac40 JavaThread "Execution worker Thread 5" [_thread_blocked, id=2632, stack(0x000000c7b1e00000,0x000000c7b1f00000)]
  0x00000264e76fbab0 JavaThread "Execution worker Thread 6" [_thread_blocked, id=5712, stack(0x000000c7b1f00000,0x000000c7b2000000)]
  0x00000264e76f9dd0 JavaThread "Execution worker Thread 7" [_thread_blocked, id=8764, stack(0x000000c7b2000000,0x000000c7b2100000)]
  0x00000264e76fa770 JavaThread "Cache worker for execution history cache (D:\study\Android\appBaoHanh\.gradle\8.2\executionHistory)" [_thread_blocked, id=14400, stack(0x000000c7b2100000,0x000000c7b2200000)]
  0x00000264e76fb110 JavaThread "Unconstrained build operations Thread 8" [_thread_blocked, id=1496, stack(0x000000c7ae100000,0x000000c7ae200000)]
  0x00000264e76f8a90 JavaThread "Unconstrained build operations Thread 9" [_thread_blocked, id=6184, stack(0x000000c7aec00000,0x000000c7aed00000)]
  0x00000264e76f8f60 JavaThread "Unconstrained build operations Thread 10" [_thread_blocked, id=1960, stack(0x000000c7b2200000,0x000000c7b2300000)]
  0x00000264e76fbf80 JavaThread "Unconstrained build operations Thread 11" [_thread_blocked, id=17980, stack(0x000000c7b2300000,0x000000c7b2400000)]
  0x00000264e76fc450 JavaThread "Unconstrained build operations Thread 12" [_thread_blocked, id=10696, stack(0x000000c7b2400000,0x000000c7b2500000)]
  0x00000264e76fa2a0 JavaThread "Unconstrained build operations Thread 13" [_thread_blocked, id=15332, stack(0x000000c7b2500000,0x000000c7b2600000)]
  0x00000264eea18b90 JavaThread "Unconstrained build operations Thread 14" [_thread_blocked, id=2032, stack(0x000000c7b2600000,0x000000c7b2700000)]
  0x00000264eea1b210 JavaThread "Unconstrained build operations Thread 15" [_thread_blocked, id=13096, stack(0x000000c7b2700000,0x000000c7b2800000)]
  0x00000264eea17d20 JavaThread "Unconstrained build operations Thread 16" [_thread_blocked, id=5220, stack(0x000000c7b2800000,0x000000c7b2900000)]
  0x00000264eea19530 JavaThread "Unconstrained build operations Thread 17" [_thread_blocked, id=8852, stack(0x000000c7b2900000,0x000000c7b2a00000)]
  0x00000264eea1ad40 JavaThread "Unconstrained build operations Thread 18" [_thread_blocked, id=14100, stack(0x000000c7b2a00000,0x000000c7b2b00000)]
  0x00000264eea1b6e0 JavaThread "Unconstrained build operations Thread 19" [_thread_blocked, id=6252, stack(0x000000c7b2b00000,0x000000c7b2c00000)]
  0x00000264eea181f0 JavaThread "Unconstrained build operations Thread 20" [_thread_blocked, id=5500, stack(0x000000c7b2c00000,0x000000c7b2d00000)]
  0x00000264e2d3d850 JavaThread "Unconstrained build operations Thread 21" [_thread_blocked, id=2864, stack(0x000000c7b2d00000,0x000000c7b2e00000)]
  0x00000264e2d3c510 JavaThread "Unconstrained build operations Thread 22" [_thread_blocked, id=11036, stack(0x000000c7b2e00000,0x000000c7b2f00000)]
  0x00000264e3a0ce90 JavaThread "Unconstrained build operations Thread 23" [_thread_blocked, id=17212, stack(0x000000c7b2f00000,0x000000c7b3000000)]
  0x00000264e3a0c4f0 JavaThread "Unconstrained build operations Thread 24" [_thread_blocked, id=8544, stack(0x000000c7b3000000,0x000000c7b3100000)]
  0x00000264e3a0d360 JavaThread "Unconstrained build operations Thread 25" [_thread_blocked, id=11372, stack(0x000000c7b3100000,0x000000c7b3200000)]
  0x00000264e3a0c9c0 JavaThread "Unconstrained build operations Thread 26" [_thread_blocked, id=15200, stack(0x000000c7b3200000,0x000000c7b3300000)]
  0x00000264e84fa900 JavaThread "Unconstrained build operations Thread 27" [_thread_blocked, id=13768, stack(0x000000c7b3300000,0x000000c7b3400000)]
  0x00000264e84f8750 JavaThread "Unconstrained build operations Thread 28" [_thread_blocked, id=5080, stack(0x000000c7b3400000,0x000000c7b3500000)]
  0x00000264e84f7410 JavaThread "Unconstrained build operations Thread 29" [_thread_blocked, id=19036, stack(0x000000c7b3500000,0x000000c7b3600000)]
  0x00000264e84f7db0 JavaThread "Unconstrained build operations Thread 30" [_thread_blocked, id=9736, stack(0x000000c7b3600000,0x000000c7b3700000)]
  0x00000264e6d401e0 JavaThread "Build operations" [_thread_blocked, id=16368, stack(0x000000c7b3700000,0x000000c7b3800000)]
  0x00000264e6d3f370 JavaThread "Build operations Thread 2" [_thread_blocked, id=6500, stack(0x000000c7b3800000,0x000000c7b3900000)]
  0x00000264e6d3eea0 JavaThread "Build operations Thread 3" [_thread_blocked, id=8684, stack(0x000000c7b3900000,0x000000c7b3a00000)]
  0x00000264e6d406b0 JavaThread "Build operations Thread 4" [_thread_blocked, id=14996, stack(0x000000c7b3a00000,0x000000c7b3b00000)]
  0x00000264e6d3e9d0 JavaThread "Build operations Thread 5" [_thread_blocked, id=14692, stack(0x000000c7b3b00000,0x000000c7b3c00000)]
  0x00000264e6d3f840 JavaThread "Build operations Thread 6" [_thread_blocked, id=3704, stack(0x000000c7b3c00000,0x000000c7b3d00000)]
  0x00000264e6d3fd10 JavaThread "Build operations Thread 7" [_thread_blocked, id=6808, stack(0x000000c7b3d00000,0x000000c7b3e00000)]

Other Threads:
=>0x00000264dc6adf40 VMThread "VM Thread" [stack: 0x000000c7ad400000,0x000000c7ad500000] [id=16120]
  0x00000264c2858da0 WatcherThread [stack: 0x000000c7ae000000,0x000000c7ae100000] [id=14780]
  0x00000264c07ee920 GCTaskThread "GC Thread#0" [stack: 0x000000c7acf00000,0x000000c7ad000000] [id=19284]
  0x00000264e1a8c020 GCTaskThread "GC Thread#1" [stack: 0x000000c7ae200000,0x000000c7ae300000] [id=13992]
  0x00000264e1a8c2d0 GCTaskThread "GC Thread#2" [stack: 0x000000c7ae300000,0x000000c7ae400000] [id=6916]
  0x00000264e11825f0 GCTaskThread "GC Thread#3" [stack: 0x000000c7ae400000,0x000000c7ae500000] [id=12300]
  0x00000264e1eb0660 GCTaskThread "GC Thread#4" [stack: 0x000000c7ae500000,0x000000c7ae600000] [id=3572]
  0x00000264e1eb0910 GCTaskThread "GC Thread#5" [stack: 0x000000c7ae600000,0x000000c7ae700000] [id=964]
  0x00000264e2714df0 GCTaskThread "GC Thread#6" [stack: 0x000000c7af200000,0x000000c7af300000] [id=1624]
  0x00000264e36af840 GCTaskThread "GC Thread#7" [stack: 0x000000c7af300000,0x000000c7af400000] [id=9016]
  0x00000264c28c1110 ConcurrentGCThread "G1 Main Marker" [stack: 0x000000c7ad000000,0x000000c7ad100000] [id=17160]
  0x00000264c28c1930 ConcurrentGCThread "G1 Conc#0" [stack: 0x000000c7ad100000,0x000000c7ad200000] [id=1012]
  0x00000264e34ae520 ConcurrentGCThread "G1 Conc#1" [stack: 0x000000c7af400000,0x000000c7af500000] [id=5540]
  0x00000264c290e8d0 ConcurrentGCThread "G1 Refine#0" [stack: 0x000000c7ad200000,0x000000c7ad300000] [id=6724]
  0x00000264e657a4b0 ConcurrentGCThread "G1 Refine#1" [stack: 0x000000c7b1200000,0x000000c7b1300000] [id=5972]
  0x00000264dc55c420 ConcurrentGCThread "G1 Service" [stack: 0x000000c7ad300000,0x000000c7ad400000] [id=6216]

Threads with active compile tasks:
C2 CompilerThread0   134791 18082   !   4       sun.nio.fs.WindowsNativeDispatcher::FindFirstFile (38 bytes)
C1 CompilerThread0   134791 18096       3       com.sun.tools.javac.tree.JCTree$JCLiteral::<init> (15 bytes)
C2 CompilerThread1   134791 18049   !   4       org.gradle.cache.internal.LockOnDemandCrossProcessCacheAccess::withFileLock (24 bytes)
C2 CompilerThread2   134791 17991   !   4       org.gradle.api.internal.artifacts.transform.TransformingAsyncArtifactListener$TransformedArtifact::finalizeValue (168 bytes)

VM state: at safepoint (normal execution)

VM Mutex/Monitor currently owned by a thread:  ([mutex/lock_event])
[0x00000264c06fd4b0] Threads_lock - owner thread: 0x00000264dc6adf40
[0x00000264c2851e00] Heap_lock - owner thread: 0x00000264e76f9430

Heap address: 0x0000000080000000, size: 2048 MB, Compressed Oops mode: 32-bit

CDS archive(s) not mapped
Compressed class space mapped at: 0x0000000100000000-0x0000000140000000, reserved size: 1073741824
Narrow klass base: 0x0000000000000000, Narrow klass shift: 3, Narrow klass range: 0x140000000

GC Precious Log:
 CPUs: 8 total, 8 available
 Memory: 16106M
 Large Page Support: Disabled
 NUMA Support: Disabled
 Compressed Oops: Enabled (32-bit)
 Heap Region Size: 1M
 Heap Min Capacity: 8M
 Heap Initial Capacity: 252M
 Heap Max Capacity: 2G
 Pre-touch: Disabled
 Parallel Workers: 8
 Concurrent Workers: 2
 Concurrent Refinement Workers: 8
 Periodic GC: Disabled

Heap:
 garbage-first heap   total 346112K, used 137109K [0x0000000080000000, 0x0000000100000000)
  region size 1024K, 11 young (11264K), 11 survivors (11264K)
 Metaspace       used 131668K, committed 132544K, reserved 1179648K
  class space    used 17725K, committed 18176K, reserved 1048576K

Heap Regions: E=young(eden), S=young(survivor), O=old, HS=humongous(starts), HC=humongous(continues), CS=collection set, F=free, OA=open archive, CA=closed archive, TAMS=top-at-mark-start (previous, next)
|   0|0x0000000080000000, 0x0000000080100000, 0x0000000080100000|100%|HS|  |TAMS 0x0000000080100000, 0x0000000080100000| Complete 
|   1|0x0000000080100000, 0x0000000080200000, 0x0000000080200000|100%|HC|  |TAMS 0x0000000080200000, 0x0000000080200000| Complete 
|   2|0x0000000080200000, 0x0000000080300000, 0x0000000080300000|100%|HC|  |TAMS 0x0000000080300000, 0x0000000080300000| Complete 
|   3|0x0000000080300000, 0x0000000080400000, 0x0000000080400000|100%|HC|  |TAMS 0x0000000080400000, 0x0000000080400000| Complete 
|   4|0x0000000080400000, 0x0000000080500000, 0x0000000080500000|100%| O|  |TAMS 0x0000000080500000, 0x0000000080500000| Untracked 
|   5|0x0000000080500000, 0x0000000080600000, 0x0000000080600000|100%| O|  |TAMS 0x0000000080600000, 0x0000000080600000| Untracked 
|   6|0x0000000080600000, 0x0000000080700000, 0x0000000080700000|100%| O|  |TAMS 0x0000000080700000, 0x0000000080700000| Untracked 
|   7|0x0000000080700000, 0x0000000080800000, 0x0000000080800000|100%| O|  |TAMS 0x0000000080800000, 0x0000000080800000| Untracked 
|   8|0x0000000080800000, 0x0000000080900000, 0x0000000080900000|100%| O|  |TAMS 0x0000000080900000, 0x0000000080900000| Untracked 
|   9|0x0000000080900000, 0x0000000080a00000, 0x0000000080a00000|100%| O|  |TAMS 0x0000000080a00000, 0x0000000080a00000| Untracked 
|  10|0x0000000080a00000, 0x0000000080b00000, 0x0000000080b00000|100%| O|  |TAMS 0x0000000080b00000, 0x0000000080b00000| Untracked 
|  11|0x0000000080b00000, 0x0000000080c00000, 0x0000000080c00000|100%| O|  |TAMS 0x0000000080c00000, 0x0000000080c00000| Untracked 
|  12|0x0000000080c00000, 0x0000000080d00000, 0x0000000080d00000|100%| O|  |TAMS 0x0000000080d00000, 0x0000000080d00000| Untracked 
|  13|0x0000000080d00000, 0x0000000080e00000, 0x0000000080e00000|100%| O|  |TAMS 0x0000000080e00000, 0x0000000080e00000| Untracked 
|  14|0x0000000080e00000, 0x0000000080f00000, 0x0000000080f00000|100%| O|  |TAMS 0x0000000080f00000, 0x0000000080f00000| Untracked 
|  15|0x0000000080f00000, 0x0000000081000000, 0x0000000081000000|100%| O|  |TAMS 0x0000000081000000, 0x0000000081000000| Untracked 
|  16|0x0000000081000000, 0x0000000081100000, 0x0000000081100000|100%| O|  |TAMS 0x0000000081100000, 0x0000000081100000| Untracked 
|  17|0x0000000081100000, 0x0000000081200000, 0x0000000081200000|100%| O|  |TAMS 0x0000000081200000, 0x0000000081200000| Untracked 
|  18|0x0000000081200000, 0x0000000081300000, 0x0000000081300000|100%| O|  |TAMS 0x0000000081300000, 0x0000000081300000| Untracked 
|  19|0x0000000081300000, 0x0000000081400000, 0x0000000081400000|100%| O|  |TAMS 0x0000000081400000, 0x0000000081400000| Untracked 
|  20|0x0000000081400000, 0x00000000814ffff8, 0x0000000081500000| 99%| O|  |TAMS 0x00000000814ffff8, 0x00000000814ffff8| Untracked 
|  21|0x0000000081500000, 0x0000000081600000, 0x0000000081600000|100%| O|  |TAMS 0x0000000081600000, 0x0000000081600000| Untracked 
|  22|0x0000000081600000, 0x0000000081700000, 0x0000000081700000|100%| O|  |TAMS 0x0000000081700000, 0x0000000081700000| Untracked 
|  23|0x0000000081700000, 0x0000000081800000, 0x0000000081800000|100%| O|  |TAMS 0x0000000081800000, 0x0000000081800000| Untracked 
|  24|0x0000000081800000, 0x0000000081900000, 0x0000000081900000|100%| O|  |TAMS 0x0000000081900000, 0x0000000081900000| Untracked 
|  25|0x0000000081900000, 0x0000000081a00000, 0x0000000081a00000|100%| O|  |TAMS 0x0000000081a00000, 0x0000000081a00000| Untracked 
|  26|0x0000000081a00000, 0x0000000081b00000, 0x0000000081b00000|100%| O|  |TAMS 0x0000000081b00000, 0x0000000081b00000| Untracked 
|  27|0x0000000081b00000, 0x0000000081c00000, 0x0000000081c00000|100%|HS|  |TAMS 0x0000000081c00000, 0x0000000081c00000| Complete 
|  28|0x0000000081c00000, 0x0000000081d00000, 0x0000000081d00000|100%|HS|  |TAMS 0x0000000081d00000, 0x0000000081d00000| Complete 
|  29|0x0000000081d00000, 0x0000000081e00000, 0x0000000081e00000|100%| O|  |TAMS 0x0000000081e00000, 0x0000000081e00000| Untracked 
|  30|0x0000000081e00000, 0x0000000081f00000, 0x0000000081f00000|100%| O|  |TAMS 0x0000000081f00000, 0x0000000081f00000| Untracked 
|  31|0x0000000081f00000, 0x0000000082000000, 0x0000000082000000|100%| O|  |TAMS 0x0000000082000000, 0x0000000082000000| Untracked 
|  32|0x0000000082000000, 0x0000000082100000, 0x0000000082100000|100%|HS|  |TAMS 0x0000000082100000, 0x0000000082100000| Complete 
|  33|0x0000000082100000, 0x0000000082200000, 0x0000000082200000|100%|HS|  |TAMS 0x0000000082200000, 0x0000000082200000| Complete 
|  34|0x0000000082200000, 0x0000000082300000, 0x0000000082300000|100%|HS|  |TAMS 0x0000000082300000, 0x0000000082300000| Complete 
|  35|0x0000000082300000, 0x0000000082400000, 0x0000000082400000|100%| O|  |TAMS 0x0000000082400000, 0x0000000082400000| Untracked 
|  36|0x0000000082400000, 0x0000000082500000, 0x0000000082500000|100%| O|  |TAMS 0x0000000082500000, 0x0000000082500000| Untracked 
|  37|0x0000000082500000, 0x0000000082600000, 0x0000000082600000|100%| O|  |TAMS 0x0000000082600000, 0x0000000082600000| Untracked 
|  38|0x0000000082600000, 0x0000000082700000, 0x0000000082700000|100%| O|  |TAMS 0x0000000082700000, 0x0000000082700000| Untracked 
|  39|0x0000000082700000, 0x0000000082800000, 0x0000000082800000|100%| O|  |TAMS 0x0000000082800000, 0x0000000082800000| Untracked 
|  40|0x0000000082800000, 0x0000000082800000, 0x0000000082900000|  0%| F|  |TAMS 0x0000000082800000, 0x0000000082800000| Untracked 
|  41|0x0000000082900000, 0x0000000082a00000, 0x0000000082a00000|100%| O|  |TAMS 0x0000000082a00000, 0x0000000082a00000| Untracked 
|  42|0x0000000082a00000, 0x0000000082b00000, 0x0000000082b00000|100%| O|  |TAMS 0x0000000082b00000, 0x0000000082b00000| Untracked 
|  43|0x0000000082b00000, 0x0000000082c00000, 0x0000000082c00000|100%| O|  |TAMS 0x0000000082c00000, 0x0000000082c00000| Untracked 
|  44|0x0000000082c00000, 0x0000000082d00000, 0x0000000082d00000|100%| O|  |TAMS 0x0000000082d00000, 0x0000000082d00000| Untracked 
|  45|0x0000000082d00000, 0x0000000082e00000, 0x0000000082e00000|100%| O|  |TAMS 0x0000000082e00000, 0x0000000082e00000| Untracked 
|  46|0x0000000082e00000, 0x0000000082f00000, 0x0000000082f00000|100%| O|  |TAMS 0x0000000082f00000, 0x0000000082f00000| Untracked 
|  47|0x0000000082f00000, 0x0000000083000000, 0x0000000083000000|100%| O|  |TAMS 0x0000000083000000, 0x0000000083000000| Untracked 
|  48|0x0000000083000000, 0x0000000083100000, 0x0000000083100000|100%| O|  |TAMS 0x0000000083100000, 0x0000000083100000| Untracked 
|  49|0x0000000083100000, 0x0000000083200000, 0x0000000083200000|100%| O|  |TAMS 0x0000000083200000, 0x0000000083200000| Untracked 
|  50|0x0000000083200000, 0x0000000083300000, 0x0000000083300000|100%| O|  |TAMS 0x0000000083300000, 0x0000000083300000| Untracked 
|  51|0x0000000083300000, 0x0000000083400000, 0x0000000083400000|100%| O|  |TAMS 0x0000000083400000, 0x0000000083400000| Untracked 
|  52|0x0000000083400000, 0x0000000083500000, 0x0000000083500000|100%| O|  |TAMS 0x0000000083500000, 0x0000000083500000| Untracked 
|  53|0x0000000083500000, 0x0000000083600000, 0x0000000083600000|100%| O|  |TAMS 0x0000000083600000, 0x0000000083600000| Untracked 
|  54|0x0000000083600000, 0x0000000083700000, 0x0000000083700000|100%| O|  |TAMS 0x0000000083700000, 0x0000000083700000| Untracked 
|  55|0x0000000083700000, 0x0000000083800000, 0x0000000083800000|100%| O|  |TAMS 0x0000000083800000, 0x0000000083800000| Untracked 
|  56|0x0000000083800000, 0x0000000083900000, 0x0000000083900000|100%| O|  |TAMS 0x0000000083900000, 0x0000000083900000| Untracked 
|  57|0x0000000083900000, 0x0000000083a00000, 0x0000000083a00000|100%| O|  |TAMS 0x0000000083a00000, 0x0000000083a00000| Untracked 
|  58|0x0000000083a00000, 0x0000000083b00000, 0x0000000083b00000|100%| O|  |TAMS 0x0000000083b00000, 0x0000000083b00000| Untracked 
|  59|0x0000000083b00000, 0x0000000083c00000, 0x0000000083c00000|100%| O|  |TAMS 0x0000000083c00000, 0x0000000083c00000| Untracked 
|  60|0x0000000083c00000, 0x0000000083d00000, 0x0000000083d00000|100%| O|  |TAMS 0x0000000083d00000, 0x0000000083d00000| Untracked 
|  61|0x0000000083d00000, 0x0000000083e00000, 0x0000000083e00000|100%| O|  |TAMS 0x0000000083e00000, 0x0000000083e00000| Untracked 
|  62|0x0000000083e00000, 0x0000000083f00000, 0x0000000083f00000|100%| O|  |TAMS 0x0000000083f00000, 0x0000000083f00000| Untracked 
|  63|0x0000000083f00000, 0x0000000084000000, 0x0000000084000000|100%| O|  |TAMS 0x0000000084000000, 0x0000000084000000| Untracked 
|  64|0x0000000084000000, 0x0000000084100000, 0x0000000084100000|100%| O|  |TAMS 0x0000000084100000, 0x0000000084100000| Untracked 
|  65|0x0000000084100000, 0x0000000084200000, 0x0000000084200000|100%| O|  |TAMS 0x0000000084200000, 0x0000000084200000| Untracked 
|  66|0x0000000084200000, 0x0000000084300000, 0x0000000084300000|100%| O|  |TAMS 0x0000000084300000, 0x0000000084300000| Untracked 
|  67|0x0000000084300000, 0x0000000084400000, 0x0000000084400000|100%| O|  |TAMS 0x0000000084400000, 0x0000000084400000| Untracked 
|  68|0x0000000084400000, 0x0000000084500000, 0x0000000084500000|100%| O|  |TAMS 0x0000000084500000, 0x0000000084500000| Untracked 
|  69|0x0000000084500000, 0x0000000084600000, 0x0000000084600000|100%| O|  |TAMS 0x0000000084600000, 0x0000000084600000| Untracked 
|  70|0x0000000084600000, 0x0000000084700000, 0x0000000084700000|100%| O|  |TAMS 0x0000000084700000, 0x0000000084700000| Untracked 
|  71|0x0000000084700000, 0x0000000084800000, 0x0000000084800000|100%| O|  |TAMS 0x0000000084800000, 0x0000000084800000| Untracked 
|  72|0x0000000084800000, 0x0000000084900000, 0x0000000084900000|100%| O|  |TAMS 0x0000000084900000, 0x0000000084900000| Untracked 
|  73|0x0000000084900000, 0x0000000084a00000, 0x0000000084a00000|100%| O|  |TAMS 0x0000000084a00000, 0x0000000084a00000| Untracked 
|  74|0x0000000084a00000, 0x0000000084b00000, 0x0000000084b00000|100%| O|  |TAMS 0x0000000084b00000, 0x0000000084b00000| Untracked 
|  75|0x0000000084b00000, 0x0000000084c00000, 0x0000000084c00000|100%| O|  |TAMS 0x0000000084c00000, 0x0000000084c00000| Untracked 
|  76|0x0000000084c00000, 0x0000000084d00000, 0x0000000084d00000|100%| O|  |TAMS 0x0000000084d00000, 0x0000000084d00000| Untracked 
|  77|0x0000000084d00000, 0x0000000084e00000, 0x0000000084e00000|100%| O|  |TAMS 0x0000000084e00000, 0x0000000084e00000| Untracked 
|  78|0x0000000084e00000, 0x0000000084f00000, 0x0000000084f00000|100%| O|  |TAMS 0x0000000084f00000, 0x0000000084f00000| Untracked 
|  79|0x0000000084f00000, 0x0000000085000000, 0x0000000085000000|100%| O|  |TAMS 0x0000000085000000, 0x0000000085000000| Untracked 
|  80|0x0000000085000000, 0x0000000085100000, 0x0000000085100000|100%| O|  |TAMS 0x0000000085100000, 0x0000000085100000| Untracked 
|  81|0x0000000085100000, 0x0000000085100000, 0x0000000085200000|  0%| F|  |TAMS 0x0000000085100000, 0x0000000085100000| Untracked 
|  82|0x0000000085200000, 0x0000000085200000, 0x0000000085300000|  0%| F|  |TAMS 0x0000000085200000, 0x0000000085200000| Untracked 
|  83|0x0000000085300000, 0x0000000085400000, 0x0000000085400000|100%| O|  |TAMS 0x0000000085400000, 0x0000000085400000| Untracked 
|  84|0x0000000085400000, 0x0000000085500000, 0x0000000085500000|100%| O|  |TAMS 0x0000000085500000, 0x0000000085500000| Untracked 
|  85|0x0000000085500000, 0x0000000085600000, 0x0000000085600000|100%| O|  |TAMS 0x0000000085600000, 0x0000000085600000| Untracked 
|  86|0x0000000085600000, 0x0000000085700000, 0x0000000085700000|100%| O|  |TAMS 0x0000000085700000, 0x0000000085700000| Untracked 
|  87|0x0000000085700000, 0x0000000085800000, 0x0000000085800000|100%| O|  |TAMS 0x0000000085800000, 0x0000000085800000| Untracked 
|  88|0x0000000085800000, 0x0000000085900000, 0x0000000085900000|100%| O|  |TAMS 0x0000000085900000, 0x0000000085900000| Untracked 
|  89|0x0000000085900000, 0x0000000085a00000, 0x0000000085a00000|100%| O|  |TAMS 0x0000000085a00000, 0x0000000085a00000| Untracked 
|  90|0x0000000085a00000, 0x0000000085a00000, 0x0000000085b00000|  0%| F|  |TAMS 0x0000000085a00000, 0x0000000085a00000| Untracked 
|  91|0x0000000085b00000, 0x0000000085c00000, 0x0000000085c00000|100%| O|  |TAMS 0x0000000085c00000, 0x0000000085c00000| Untracked 
|  92|0x0000000085c00000, 0x0000000085d00000, 0x0000000085d00000|100%| O|  |TAMS 0x0000000085d00000, 0x0000000085d00000| Untracked 
|  93|0x0000000085d00000, 0x0000000085dc6e00, 0x0000000085e00000| 77%| O|  |TAMS 0x0000000085dc6e00, 0x0000000085dc6e00| Untracked 
|  94|0x0000000085e00000, 0x0000000085f00000, 0x0000000085f00000|100%| O|  |TAMS 0x0000000085f00000, 0x0000000085f00000| Untracked 
|  95|0x0000000085f00000, 0x0000000086000000, 0x0000000086000000|100%| O|  |TAMS 0x0000000086000000, 0x0000000086000000| Untracked 
|  96|0x0000000086000000, 0x0000000086100000, 0x0000000086100000|100%| O|  |TAMS 0x0000000086100000, 0x0000000086100000| Untracked 
|  97|0x0000000086100000, 0x0000000086200000, 0x0000000086200000|100%| O|  |TAMS 0x0000000086200000, 0x0000000086200000| Untracked 
|  98|0x0000000086200000, 0x0000000086300000, 0x0000000086300000|100%| O|  |TAMS 0x0000000086300000, 0x0000000086300000| Untracked 
|  99|0x0000000086300000, 0x0000000086400000, 0x0000000086400000|100%| O|  |TAMS 0x0000000086400000, 0x0000000086400000| Untracked 
| 100|0x0000000086400000, 0x0000000086500000, 0x0000000086500000|100%| O|  |TAMS 0x0000000086500000, 0x0000000086500000| Untracked 
| 101|0x0000000086500000, 0x0000000086600000, 0x0000000086600000|100%| O|  |TAMS 0x0000000086600000, 0x0000000086600000| Untracked 
| 102|0x0000000086600000, 0x0000000086700000, 0x0000000086700000|100%| O|  |TAMS 0x0000000086700000, 0x0000000086700000| Untracked 
| 103|0x0000000086700000, 0x0000000086700000, 0x0000000086800000|  0%| F|  |TAMS 0x0000000086700000, 0x0000000086700000| Untracked 
| 104|0x0000000086800000, 0x0000000086800000, 0x0000000086900000|  0%| F|  |TAMS 0x0000000086800000, 0x0000000086800000| Untracked 
| 105|0x0000000086900000, 0x0000000086900000, 0x0000000086a00000|  0%| F|  |TAMS 0x0000000086900000, 0x0000000086900000| Untracked 
| 106|0x0000000086a00000, 0x0000000086a00000, 0x0000000086b00000|  0%| F|  |TAMS 0x0000000086a00000, 0x0000000086a00000| Untracked 
| 107|0x0000000086b00000, 0x0000000086c00000, 0x0000000086c00000|100%| O|  |TAMS 0x0000000086c00000, 0x0000000086c00000| Untracked 
| 108|0x0000000086c00000, 0x0000000086d00000, 0x0000000086d00000|100%| O|  |TAMS 0x0000000086d00000, 0x0000000086d00000| Untracked 
| 109|0x0000000086d00000, 0x0000000086e00000, 0x0000000086e00000|100%| O|  |TAMS 0x0000000086e00000, 0x0000000086e00000| Untracked 
| 110|0x0000000086e00000, 0x0000000086f00000, 0x0000000086f00000|100%| O|  |TAMS 0x0000000086f00000, 0x0000000086f00000| Untracked 
| 111|0x0000000086f00000, 0x0000000087000000, 0x0000000087000000|100%| O|  |TAMS 0x0000000087000000, 0x0000000087000000| Untracked 
| 112|0x0000000087000000, 0x0000000087100000, 0x0000000087100000|100%| O|  |TAMS 0x0000000087100000, 0x0000000087100000| Untracked 
| 113|0x0000000087100000, 0x0000000087200000, 0x0000000087200000|100%| O|  |TAMS 0x0000000087200000, 0x0000000087200000| Untracked 
| 114|0x0000000087200000, 0x0000000087300000, 0x0000000087300000|100%| O|  |TAMS 0x0000000087300000, 0x0000000087300000| Untracked 
| 115|0x0000000087300000, 0x0000000087400000, 0x0000000087400000|100%| O|  |TAMS 0x0000000087400000, 0x0000000087400000| Untracked 
| 116|0x0000000087400000, 0x0000000087500000, 0x0000000087500000|100%| O|  |TAMS 0x0000000087500000, 0x0000000087500000| Untracked 
| 117|0x0000000087500000, 0x0000000087600000, 0x0000000087600000|100%| O|  |TAMS 0x0000000087600000, 0x0000000087600000| Untracked 
| 118|0x0000000087600000, 0x0000000087700000, 0x0000000087700000|100%| O|  |TAMS 0x0000000087700000, 0x0000000087700000| Untracked 
| 119|0x0000000087700000, 0x0000000087800000, 0x0000000087800000|100%| O|  |TAMS 0x0000000087800000, 0x0000000087800000| Untracked 
| 120|0x0000000087800000, 0x0000000087900000, 0x0000000087900000|100%| O|  |TAMS 0x0000000087900000, 0x0000000087900000| Untracked 
| 121|0x0000000087900000, 0x0000000087a00000, 0x0000000087a00000|100%| O|  |TAMS 0x0000000087a00000, 0x0000000087a00000| Untracked 
| 122|0x0000000087a00000, 0x0000000087b00000, 0x0000000087b00000|100%| O|  |TAMS 0x0000000087b00000, 0x0000000087b00000| Untracked 
| 123|0x0000000087b00000, 0x0000000087c00000, 0x0000000087c00000|100%| O|  |TAMS 0x0000000087bb1000, 0x0000000087c00000| Untracked 
| 124|0x0000000087c00000, 0x0000000087d00000, 0x0000000087d00000|100%| O|  |TAMS 0x0000000087c00000, 0x0000000087d00000| Untracked 
| 125|0x0000000087d00000, 0x0000000087e00000, 0x0000000087e00000|100%| O|  |TAMS 0x0000000087d00000, 0x0000000087e00000| Untracked 
| 126|0x0000000087e00000, 0x0000000087ee8c00, 0x0000000087f00000| 90%| O|  |TAMS 0x0000000087e00000, 0x0000000087ee8c00| Untracked 
| 127|0x0000000087f00000, 0x0000000087f00000, 0x0000000088000000|  0%| F|  |TAMS 0x0000000087f00000, 0x0000000087f00000| Untracked 
| 128|0x0000000088000000, 0x0000000088000000, 0x0000000088100000|  0%| F|  |TAMS 0x0000000088000000, 0x0000000088000000| Untracked 
| 129|0x0000000088100000, 0x0000000088100000, 0x0000000088200000|  0%| F|  |TAMS 0x0000000088100000, 0x0000000088100000| Untracked 
| 130|0x0000000088200000, 0x0000000088200000, 0x0000000088300000|  0%| F|  |TAMS 0x0000000088200000, 0x0000000088200000| Untracked 
| 131|0x0000000088300000, 0x0000000088300000, 0x0000000088400000|  0%| F|  |TAMS 0x0000000088300000, 0x0000000088300000| Untracked 
| 132|0x0000000088400000, 0x0000000088400000, 0x0000000088500000|  0%| F|  |TAMS 0x0000000088400000, 0x0000000088400000| Untracked 
| 133|0x0000000088500000, 0x0000000088500000, 0x0000000088600000|  0%| F|  |TAMS 0x0000000088500000, 0x0000000088500000| Untracked 
| 134|0x0000000088600000, 0x0000000088600000, 0x0000000088700000|  0%| F|  |TAMS 0x0000000088600000, 0x0000000088600000| Untracked 
| 135|0x0000000088700000, 0x0000000088700000, 0x0000000088800000|  0%| F|  |TAMS 0x0000000088700000, 0x0000000088700000| Untracked 
| 136|0x0000000088800000, 0x0000000088800000, 0x0000000088900000|  0%| F|  |TAMS 0x0000000088800000, 0x0000000088800000| Untracked 
| 137|0x0000000088900000, 0x0000000088900000, 0x0000000088a00000|  0%| F|  |TAMS 0x0000000088900000, 0x0000000088900000| Untracked 
| 138|0x0000000088a00000, 0x0000000088a00000, 0x0000000088b00000|  0%| F|  |TAMS 0x0000000088a00000, 0x0000000088a00000| Untracked 
| 139|0x0000000088b00000, 0x0000000088b00000, 0x0000000088c00000|  0%| F|  |TAMS 0x0000000088b00000, 0x0000000088b00000| Untracked 
| 140|0x0000000088c00000, 0x0000000088c00000, 0x0000000088d00000|  0%| F|  |TAMS 0x0000000088c00000, 0x0000000088c00000| Untracked 
| 141|0x0000000088d00000, 0x0000000088d00000, 0x0000000088e00000|  0%| F|  |TAMS 0x0000000088d00000, 0x0000000088d00000| Untracked 
| 142|0x0000000088e00000, 0x0000000088e00000, 0x0000000088f00000|  0%| F|  |TAMS 0x0000000088e00000, 0x0000000088e00000| Untracked 
| 143|0x0000000088f00000, 0x0000000088f00000, 0x0000000089000000|  0%| F|  |TAMS 0x0000000088f00000, 0x0000000088f00000| Untracked 
| 144|0x0000000089000000, 0x0000000089000000, 0x0000000089100000|  0%| F|  |TAMS 0x0000000089000000, 0x0000000089000000| Untracked 
| 145|0x0000000089100000, 0x0000000089100000, 0x0000000089200000|  0%| F|  |TAMS 0x0000000089100000, 0x0000000089100000| Untracked 
| 146|0x0000000089200000, 0x0000000089200000, 0x0000000089300000|  0%| F|  |TAMS 0x0000000089200000, 0x0000000089200000| Untracked 
| 147|0x0000000089300000, 0x0000000089300000, 0x0000000089400000|  0%| F|  |TAMS 0x0000000089300000, 0x0000000089300000| Untracked 
| 148|0x0000000089400000, 0x0000000089400000, 0x0000000089500000|  0%| F|  |TAMS 0x0000000089400000, 0x0000000089400000| Untracked 
| 149|0x0000000089500000, 0x0000000089500000, 0x0000000089600000|  0%| F|  |TAMS 0x0000000089500000, 0x0000000089500000| Untracked 
| 150|0x0000000089600000, 0x0000000089600000, 0x0000000089700000|  0%| F|  |TAMS 0x0000000089600000, 0x0000000089600000| Untracked 
| 151|0x0000000089700000, 0x0000000089700000, 0x0000000089800000|  0%| F|  |TAMS 0x0000000089700000, 0x0000000089700000| Untracked 
| 152|0x0000000089800000, 0x0000000089800000, 0x0000000089900000|  0%| F|  |TAMS 0x0000000089800000, 0x0000000089800000| Untracked 
| 153|0x0000000089900000, 0x0000000089900000, 0x0000000089a00000|  0%| F|  |TAMS 0x0000000089900000, 0x0000000089900000| Untracked 
| 154|0x0000000089a00000, 0x0000000089a00000, 0x0000000089b00000|  0%| F|  |TAMS 0x0000000089a00000, 0x0000000089a00000| Untracked 
| 155|0x0000000089b00000, 0x0000000089b00000, 0x0000000089c00000|  0%| F|  |TAMS 0x0000000089b00000, 0x0000000089b00000| Untracked 
| 156|0x0000000089c00000, 0x0000000089c00000, 0x0000000089d00000|  0%| F|  |TAMS 0x0000000089c00000, 0x0000000089c00000| Untracked 
| 157|0x0000000089d00000, 0x0000000089d00000, 0x0000000089e00000|  0%| F|  |TAMS 0x0000000089d00000, 0x0000000089d00000| Untracked 
| 158|0x0000000089e00000, 0x0000000089e00000, 0x0000000089f00000|  0%| F|  |TAMS 0x0000000089e00000, 0x0000000089e00000| Untracked 
| 159|0x0000000089f00000, 0x0000000089f00000, 0x000000008a000000|  0%| F|  |TAMS 0x0000000089f00000, 0x0000000089f00000| Untracked 
| 160|0x000000008a000000, 0x000000008a000000, 0x000000008a100000|  0%| F|  |TAMS 0x000000008a000000, 0x000000008a000000| Untracked 
| 161|0x000000008a100000, 0x000000008a200000, 0x000000008a200000|100%| O|  |TAMS 0x000000008a200000, 0x000000008a200000| Untracked 
| 162|0x000000008a200000, 0x000000008a300000, 0x000000008a300000|100%| O|  |TAMS 0x000000008a300000, 0x000000008a300000| Untracked 
| 163|0x000000008a300000, 0x000000008a400000, 0x000000008a400000|100%| O|  |TAMS 0x000000008a400000, 0x000000008a400000| Untracked 
| 164|0x000000008a400000, 0x000000008a500000, 0x000000008a500000|100%| O|  |TAMS 0x000000008a500000, 0x000000008a500000| Untracked 
| 165|0x000000008a500000, 0x000000008a600000, 0x000000008a600000|100%| O|  |TAMS 0x000000008a600000, 0x000000008a600000| Untracked 
| 166|0x000000008a600000, 0x000000008a600000, 0x000000008a700000|  0%| F|  |TAMS 0x000000008a600000, 0x000000008a600000| Untracked 
| 167|0x000000008a700000, 0x000000008a700000, 0x000000008a800000|  0%| F|  |TAMS 0x000000008a700000, 0x000000008a700000| Untracked 
| 168|0x000000008a800000, 0x000000008a800000, 0x000000008a900000|  0%| F|  |TAMS 0x000000008a800000, 0x000000008a800000| Untracked 
| 169|0x000000008a900000, 0x000000008a900000, 0x000000008aa00000|  0%| F|  |TAMS 0x000000008a900000, 0x000000008a900000| Untracked 
| 170|0x000000008aa00000, 0x000000008aa00000, 0x000000008ab00000|  0%| F|  |TAMS 0x000000008aa00000, 0x000000008aa00000| Untracked 
| 171|0x000000008ab00000, 0x000000008ab00000, 0x000000008ac00000|  0%| F|  |TAMS 0x000000008ab00000, 0x000000008ab00000| Untracked 
| 172|0x000000008ac00000, 0x000000008ac00000, 0x000000008ad00000|  0%| F|  |TAMS 0x000000008ac00000, 0x000000008ac00000| Untracked 
| 173|0x000000008ad00000, 0x000000008ad00000, 0x000000008ae00000|  0%| F|  |TAMS 0x000000008ad00000, 0x000000008ad00000| Untracked 
| 174|0x000000008ae00000, 0x000000008ae00000, 0x000000008af00000|  0%| F|  |TAMS 0x000000008ae00000, 0x000000008ae00000| Untracked 
| 175|0x000000008af00000, 0x000000008af00000, 0x000000008b000000|  0%| F|  |TAMS 0x000000008af00000, 0x000000008af00000| Untracked 
| 176|0x000000008b000000, 0x000000008b000000, 0x000000008b100000|  0%| F|  |TAMS 0x000000008b000000, 0x000000008b000000| Untracked 
| 177|0x000000008b100000, 0x000000008b100000, 0x000000008b200000|  0%| F|  |TAMS 0x000000008b100000, 0x000000008b100000| Untracked 
| 178|0x000000008b200000, 0x000000008b200000, 0x000000008b300000|  0%| F|  |TAMS 0x000000008b200000, 0x000000008b200000| Untracked 
| 179|0x000000008b300000, 0x000000008b300000, 0x000000008b400000|  0%| F|  |TAMS 0x000000008b300000, 0x000000008b300000| Untracked 
| 180|0x000000008b400000, 0x000000008b400000, 0x000000008b500000|  0%| F|  |TAMS 0x000000008b400000, 0x000000008b400000| Untracked 
| 181|0x000000008b500000, 0x000000008b500000, 0x000000008b600000|  0%| F|  |TAMS 0x000000008b500000, 0x000000008b500000| Untracked 
| 182|0x000000008b600000, 0x000000008b600000, 0x000000008b700000|  0%| F|  |TAMS 0x000000008b600000, 0x000000008b600000| Untracked 
| 183|0x000000008b700000, 0x000000008b700000, 0x000000008b800000|  0%| F|  |TAMS 0x000000008b700000, 0x000000008b700000| Untracked 
| 184|0x000000008b800000, 0x000000008b800000, 0x000000008b900000|  0%| F|  |TAMS 0x000000008b800000, 0x000000008b800000| Untracked 
| 185|0x000000008b900000, 0x000000008b900000, 0x000000008ba00000|  0%| F|  |TAMS 0x000000008b900000, 0x000000008b900000| Untracked 
| 186|0x000000008ba00000, 0x000000008ba00000, 0x000000008bb00000|  0%| F|  |TAMS 0x000000008ba00000, 0x000000008ba00000| Untracked 
| 187|0x000000008bb00000, 0x000000008bb00000, 0x000000008bc00000|  0%| F|  |TAMS 0x000000008bb00000, 0x000000008bb00000| Untracked 
| 188|0x000000008bc00000, 0x000000008bc00000, 0x000000008bd00000|  0%| F|  |TAMS 0x000000008bc00000, 0x000000008bc00000| Untracked 
| 189|0x000000008bd00000, 0x000000008bd00000, 0x000000008be00000|  0%| F|  |TAMS 0x000000008bd00000, 0x000000008bd00000| Untracked 
| 190|0x000000008be00000, 0x000000008be00000, 0x000000008bf00000|  0%| F|  |TAMS 0x000000008be00000, 0x000000008be00000| Untracked 
| 191|0x000000008bf00000, 0x000000008bf00000, 0x000000008c000000|  0%| F|  |TAMS 0x000000008bf00000, 0x000000008bf00000| Untracked 
| 192|0x000000008c000000, 0x000000008c000000, 0x000000008c100000|  0%| F|  |TAMS 0x000000008c000000, 0x000000008c000000| Untracked 
| 193|0x000000008c100000, 0x000000008c100000, 0x000000008c200000|  0%| F|  |TAMS 0x000000008c100000, 0x000000008c100000| Untracked 
| 194|0x000000008c200000, 0x000000008c200000, 0x000000008c300000|  0%| F|  |TAMS 0x000000008c200000, 0x000000008c200000| Untracked 
| 195|0x000000008c300000, 0x000000008c300000, 0x000000008c400000|  0%| F|  |TAMS 0x000000008c300000, 0x000000008c300000| Untracked 
| 196|0x000000008c400000, 0x000000008c400000, 0x000000008c500000|  0%| F|  |TAMS 0x000000008c400000, 0x000000008c400000| Untracked 
| 197|0x000000008c500000, 0x000000008c500000, 0x000000008c600000|  0%| F|  |TAMS 0x000000008c500000, 0x000000008c500000| Untracked 
| 198|0x000000008c600000, 0x000000008c600000, 0x000000008c700000|  0%| F|  |TAMS 0x000000008c600000, 0x000000008c600000| Untracked 
| 199|0x000000008c700000, 0x000000008c700000, 0x000000008c800000|  0%| F|  |TAMS 0x000000008c700000, 0x000000008c700000| Untracked 
| 200|0x000000008c800000, 0x000000008c800000, 0x000000008c900000|  0%| F|  |TAMS 0x000000008c800000, 0x000000008c800000| Untracked 
| 201|0x000000008c900000, 0x000000008c900000, 0x000000008ca00000|  0%| F|  |TAMS 0x000000008c900000, 0x000000008c900000| Untracked 
| 202|0x000000008ca00000, 0x000000008ca00000, 0x000000008cb00000|  0%| F|  |TAMS 0x000000008ca00000, 0x000000008ca00000| Untracked 
| 203|0x000000008cb00000, 0x000000008cb00000, 0x000000008cc00000|  0%| F|  |TAMS 0x000000008cb00000, 0x000000008cb00000| Untracked 
| 204|0x000000008cc00000, 0x000000008cc00000, 0x000000008cd00000|  0%| F|  |TAMS 0x000000008cc00000, 0x000000008cc00000| Untracked 
| 205|0x000000008cd00000, 0x000000008cd00000, 0x000000008ce00000|  0%| F|  |TAMS 0x000000008cd00000, 0x000000008cd00000| Untracked 
| 206|0x000000008ce00000, 0x000000008ce00000, 0x000000008cf00000|  0%| F|  |TAMS 0x000000008ce00000, 0x000000008ce00000| Untracked 
| 207|0x000000008cf00000, 0x000000008cf00000, 0x000000008d000000|  0%| F|  |TAMS 0x000000008cf00000, 0x000000008cf00000| Untracked 
| 208|0x000000008d000000, 0x000000008d000000, 0x000000008d100000|  0%| F|  |TAMS 0x000000008d000000, 0x000000008d000000| Untracked 
| 209|0x000000008d100000, 0x000000008d100000, 0x000000008d200000|  0%| F|  |TAMS 0x000000008d100000, 0x000000008d100000| Untracked 
| 210|0x000000008d200000, 0x000000008d200000, 0x000000008d300000|  0%| F|  |TAMS 0x000000008d200000, 0x000000008d200000| Untracked 
| 211|0x000000008d300000, 0x000000008d300000, 0x000000008d400000|  0%| F|  |TAMS 0x000000008d300000, 0x000000008d300000| Untracked 
| 212|0x000000008d400000, 0x000000008d400000, 0x000000008d500000|  0%| F|  |TAMS 0x000000008d400000, 0x000000008d400000| Untracked 
| 213|0x000000008d500000, 0x000000008d500000, 0x000000008d600000|  0%| F|  |TAMS 0x000000008d500000, 0x000000008d500000| Untracked 
| 214|0x000000008d600000, 0x000000008d600000, 0x000000008d700000|  0%| F|  |TAMS 0x000000008d600000, 0x000000008d600000| Untracked 
| 215|0x000000008d700000, 0x000000008d700000, 0x000000008d800000|  0%| F|  |TAMS 0x000000008d700000, 0x000000008d700000| Untracked 
| 216|0x000000008d800000, 0x000000008d800000, 0x000000008d900000|  0%| F|  |TAMS 0x000000008d800000, 0x000000008d800000| Untracked 
| 217|0x000000008d900000, 0x000000008d900000, 0x000000008da00000|  0%| F|  |TAMS 0x000000008d900000, 0x000000008d900000| Untracked 
| 218|0x000000008da00000, 0x000000008da00000, 0x000000008db00000|  0%| F|  |TAMS 0x000000008da00000, 0x000000008da00000| Untracked 
| 219|0x000000008db00000, 0x000000008db00000, 0x000000008dc00000|  0%| F|  |TAMS 0x000000008db00000, 0x000000008db00000| Untracked 
| 220|0x000000008dc00000, 0x000000008dc00000, 0x000000008dd00000|  0%| F|  |TAMS 0x000000008dc00000, 0x000000008dc00000| Untracked 
| 221|0x000000008dd00000, 0x000000008dd00000, 0x000000008de00000|  0%| F|  |TAMS 0x000000008dd00000, 0x000000008dd00000| Untracked 
| 222|0x000000008de00000, 0x000000008de00000, 0x000000008df00000|  0%| F|  |TAMS 0x000000008de00000, 0x000000008de00000| Untracked 
| 223|0x000000008df00000, 0x000000008df00000, 0x000000008e000000|  0%| F|  |TAMS 0x000000008df00000, 0x000000008df00000| Untracked 
| 224|0x000000008e000000, 0x000000008e000000, 0x000000008e100000|  0%| F|  |TAMS 0x000000008e000000, 0x000000008e000000| Untracked 
| 225|0x000000008e100000, 0x000000008e100000, 0x000000008e200000|  0%| F|  |TAMS 0x000000008e100000, 0x000000008e100000| Untracked 
| 226|0x000000008e200000, 0x000000008e200000, 0x000000008e300000|  0%| F|  |TAMS 0x000000008e200000, 0x000000008e200000| Untracked 
| 227|0x000000008e300000, 0x000000008e300000, 0x000000008e400000|  0%| F|  |TAMS 0x000000008e300000, 0x000000008e300000| Untracked 
| 228|0x000000008e400000, 0x000000008e400000, 0x000000008e500000|  0%| F|  |TAMS 0x000000008e400000, 0x000000008e400000| Untracked 
| 229|0x000000008e500000, 0x000000008e500000, 0x000000008e600000|  0%| F|  |TAMS 0x000000008e500000, 0x000000008e500000| Untracked 
| 230|0x000000008e600000, 0x000000008e600000, 0x000000008e700000|  0%| F|  |TAMS 0x000000008e600000, 0x000000008e600000| Untracked 
| 231|0x000000008e700000, 0x000000008e700000, 0x000000008e800000|  0%| F|  |TAMS 0x000000008e700000, 0x000000008e700000| Untracked 
| 232|0x000000008e800000, 0x000000008e800000, 0x000000008e900000|  0%| F|  |TAMS 0x000000008e800000, 0x000000008e800000| Untracked 
| 233|0x000000008e900000, 0x000000008e900000, 0x000000008ea00000|  0%| F|  |TAMS 0x000000008e900000, 0x000000008e900000| Untracked 
| 234|0x000000008ea00000, 0x000000008ea00000, 0x000000008eb00000|  0%| F|  |TAMS 0x000000008ea00000, 0x000000008ea00000| Untracked 
| 235|0x000000008eb00000, 0x000000008eb00000, 0x000000008ec00000|  0%| F|  |TAMS 0x000000008eb00000, 0x000000008eb00000| Untracked 
| 236|0x000000008ec00000, 0x000000008ec00000, 0x000000008ed00000|  0%| F|  |TAMS 0x000000008ec00000, 0x000000008ec00000| Untracked 
| 237|0x000000008ed00000, 0x000000008ed00000, 0x000000008ee00000|  0%| F|  |TAMS 0x000000008ed00000, 0x000000008ed00000| Untracked 
| 238|0x000000008ee00000, 0x000000008ee00000, 0x000000008ef00000|  0%| F|  |TAMS 0x000000008ee00000, 0x000000008ee00000| Untracked 
| 239|0x000000008ef00000, 0x000000008ef00000, 0x000000008f000000|  0%| F|  |TAMS 0x000000008ef00000, 0x000000008ef00000| Untracked 
| 240|0x000000008f000000, 0x000000008f000000, 0x000000008f100000|  0%| F|  |TAMS 0x000000008f000000, 0x000000008f000000| Untracked 
| 241|0x000000008f100000, 0x000000008f100000, 0x000000008f200000|  0%| F|  |TAMS 0x000000008f100000, 0x000000008f100000| Untracked 
| 242|0x000000008f200000, 0x000000008f200000, 0x000000008f300000|  0%| F|  |TAMS 0x000000008f200000, 0x000000008f200000| Untracked 
| 243|0x000000008f300000, 0x000000008f300000, 0x000000008f400000|  0%| F|  |TAMS 0x000000008f300000, 0x000000008f300000| Untracked 
| 244|0x000000008f400000, 0x000000008f400000, 0x000000008f500000|  0%| F|  |TAMS 0x000000008f400000, 0x000000008f400000| Untracked 
| 245|0x000000008f500000, 0x000000008f500000, 0x000000008f600000|  0%| F|  |TAMS 0x000000008f500000, 0x000000008f500000| Untracked 
| 246|0x000000008f600000, 0x000000008f600000, 0x000000008f700000|  0%| F|  |TAMS 0x000000008f600000, 0x000000008f600000| Untracked 
| 247|0x000000008f700000, 0x000000008f735da8, 0x000000008f800000| 21%| S|CS|TAMS 0x000000008f700000, 0x000000008f700000| Complete 
| 248|0x000000008f800000, 0x000000008f900000, 0x000000008f900000|100%| S|CS|TAMS 0x000000008f800000, 0x000000008f800000| Complete 
| 249|0x000000008f900000, 0x000000008fa00000, 0x000000008fa00000|100%| S|CS|TAMS 0x000000008f900000, 0x000000008f900000| Complete 
| 250|0x000000008fa00000, 0x000000008fb00000, 0x000000008fb00000|100%| S|CS|TAMS 0x000000008fa00000, 0x000000008fa00000| Complete 
| 251|0x000000008fb00000, 0x000000008fc00000, 0x000000008fc00000|100%| S|CS|TAMS 0x000000008fb00000, 0x000000008fb00000| Complete 
| 252|0x000000008fc00000, 0x000000008fd00000, 0x000000008fd00000|100%| S|CS|TAMS 0x000000008fc00000, 0x000000008fc00000| Complete 
| 253|0x000000008fd00000, 0x000000008fe00000, 0x000000008fe00000|100%| S|CS|TAMS 0x000000008fd00000, 0x000000008fd00000| Complete 
| 254|0x000000008fe00000, 0x000000008ff00000, 0x000000008ff00000|100%| S|CS|TAMS 0x000000008fe00000, 0x000000008fe00000| Complete 
| 255|0x000000008ff00000, 0x0000000090000000, 0x0000000090000000|100%| S|CS|TAMS 0x000000008ff00000, 0x000000008ff00000| Complete 
| 256|0x0000000090000000, 0x0000000090100000, 0x0000000090100000|100%| S|CS|TAMS 0x0000000090000000, 0x0000000090000000| Complete 
| 257|0x0000000090100000, 0x0000000090200000, 0x0000000090200000|100%| S|CS|TAMS 0x0000000090100000, 0x0000000090100000| Complete 
| 258|0x0000000090200000, 0x0000000090200000, 0x0000000090300000|  0%| F|  |TAMS 0x0000000090200000, 0x0000000090200000| Untracked 
| 259|0x0000000090300000, 0x0000000090300000, 0x0000000090400000|  0%| F|  |TAMS 0x0000000090300000, 0x0000000090300000| Untracked 
| 260|0x0000000090400000, 0x0000000090400000, 0x0000000090500000|  0%| F|  |TAMS 0x0000000090400000, 0x0000000090400000| Untracked 
| 261|0x0000000090500000, 0x0000000090500000, 0x0000000090600000|  0%| F|  |TAMS 0x0000000090500000, 0x0000000090500000| Untracked 
| 262|0x0000000090600000, 0x0000000090600000, 0x0000000090700000|  0%| F|  |TAMS 0x0000000090600000, 0x0000000090600000| Untracked 
| 263|0x0000000090700000, 0x0000000090700000, 0x0000000090800000|  0%| F|  |TAMS 0x0000000090700000, 0x0000000090700000| Untracked 
| 264|0x0000000090800000, 0x0000000090800000, 0x0000000090900000|  0%| F|  |TAMS 0x0000000090800000, 0x0000000090800000| Untracked 
| 265|0x0000000090900000, 0x0000000090900000, 0x0000000090a00000|  0%| F|  |TAMS 0x0000000090900000, 0x0000000090900000| Untracked 
| 266|0x0000000090a00000, 0x0000000090a00000, 0x0000000090b00000|  0%| F|  |TAMS 0x0000000090a00000, 0x0000000090a00000| Untracked 
| 267|0x0000000090b00000, 0x0000000090b00000, 0x0000000090c00000|  0%| F|  |TAMS 0x0000000090b00000, 0x0000000090b00000| Untracked 
| 268|0x0000000090c00000, 0x0000000090c00000, 0x0000000090d00000|  0%| F|  |TAMS 0x0000000090c00000, 0x0000000090c00000| Untracked 
| 269|0x0000000090d00000, 0x0000000090d00000, 0x0000000090e00000|  0%| F|  |TAMS 0x0000000090d00000, 0x0000000090d00000| Untracked 
| 270|0x0000000090e00000, 0x0000000090e00000, 0x0000000090f00000|  0%| F|  |TAMS 0x0000000090e00000, 0x0000000090e00000| Untracked 
| 271|0x0000000090f00000, 0x0000000090f00000, 0x0000000091000000|  0%| F|  |TAMS 0x0000000090f00000, 0x0000000090f00000| Untracked 
| 272|0x0000000091000000, 0x0000000091000000, 0x0000000091100000|  0%| F|  |TAMS 0x0000000091000000, 0x0000000091000000| Untracked 
| 273|0x0000000091100000, 0x0000000091100000, 0x0000000091200000|  0%| F|  |TAMS 0x0000000091100000, 0x0000000091100000| Untracked 
| 274|0x0000000091200000, 0x0000000091200000, 0x0000000091300000|  0%| F|  |TAMS 0x0000000091200000, 0x0000000091200000| Untracked 
| 275|0x0000000091300000, 0x0000000091300000, 0x0000000091400000|  0%| F|  |TAMS 0x0000000091300000, 0x0000000091300000| Untracked 
| 276|0x0000000091400000, 0x0000000091400000, 0x0000000091500000|  0%| F|  |TAMS 0x0000000091400000, 0x0000000091400000| Untracked 
| 277|0x0000000091500000, 0x0000000091500000, 0x0000000091600000|  0%| F|  |TAMS 0x0000000091500000, 0x0000000091500000| Untracked 
| 278|0x0000000091600000, 0x0000000091600000, 0x0000000091700000|  0%| F|  |TAMS 0x0000000091600000, 0x0000000091600000| Untracked 
| 279|0x0000000091700000, 0x0000000091700000, 0x0000000091800000|  0%| F|  |TAMS 0x0000000091700000, 0x0000000091700000| Untracked 
| 280|0x0000000091800000, 0x0000000091800000, 0x0000000091900000|  0%| F|  |TAMS 0x0000000091800000, 0x0000000091800000| Untracked 
| 281|0x0000000091900000, 0x0000000091900000, 0x0000000091a00000|  0%| F|  |TAMS 0x0000000091900000, 0x0000000091900000| Untracked 
| 282|0x0000000091a00000, 0x0000000091a00000, 0x0000000091b00000|  0%| F|  |TAMS 0x0000000091a00000, 0x0000000091a00000| Untracked 
| 283|0x0000000091b00000, 0x0000000091b00000, 0x0000000091c00000|  0%| F|  |TAMS 0x0000000091b00000, 0x0000000091b00000| Untracked 
| 284|0x0000000091c00000, 0x0000000091c00000, 0x0000000091d00000|  0%| F|  |TAMS 0x0000000091c00000, 0x0000000091c00000| Untracked 
| 285|0x0000000091d00000, 0x0000000091d00000, 0x0000000091e00000|  0%| F|  |TAMS 0x0000000091d00000, 0x0000000091d00000| Untracked 
| 286|0x0000000091e00000, 0x0000000091e00000, 0x0000000091f00000|  0%| F|  |TAMS 0x0000000091e00000, 0x0000000091e00000| Untracked 
| 287|0x0000000091f00000, 0x0000000091f00000, 0x0000000092000000|  0%| F|  |TAMS 0x0000000091f00000, 0x0000000091f00000| Untracked 
| 288|0x0000000092000000, 0x0000000092000000, 0x0000000092100000|  0%| F|  |TAMS 0x0000000092000000, 0x0000000092000000| Untracked 
| 289|0x0000000092100000, 0x0000000092100000, 0x0000000092200000|  0%| F|  |TAMS 0x0000000092100000, 0x0000000092100000| Untracked 
| 290|0x0000000092200000, 0x0000000092200000, 0x0000000092300000|  0%| F|  |TAMS 0x0000000092200000, 0x0000000092200000| Untracked 
| 291|0x0000000092300000, 0x0000000092300000, 0x0000000092400000|  0%| F|  |TAMS 0x0000000092300000, 0x0000000092300000| Untracked 
| 292|0x0000000092400000, 0x0000000092400000, 0x0000000092500000|  0%| F|  |TAMS 0x0000000092400000, 0x0000000092400000| Untracked 
| 293|0x0000000092500000, 0x0000000092500000, 0x0000000092600000|  0%| F|  |TAMS 0x0000000092500000, 0x0000000092500000| Untracked 
| 294|0x0000000092600000, 0x0000000092600000, 0x0000000092700000|  0%| F|  |TAMS 0x0000000092600000, 0x0000000092600000| Untracked 
| 295|0x0000000092700000, 0x0000000092700000, 0x0000000092800000|  0%| F|  |TAMS 0x0000000092700000, 0x0000000092700000| Untracked 
| 296|0x0000000092800000, 0x0000000092800000, 0x0000000092900000|  0%| F|  |TAMS 0x0000000092800000, 0x0000000092800000| Untracked 
| 297|0x0000000092900000, 0x0000000092900000, 0x0000000092a00000|  0%| F|  |TAMS 0x0000000092900000, 0x0000000092900000| Untracked 
| 298|0x0000000092a00000, 0x0000000092a00000, 0x0000000092b00000|  0%| F|  |TAMS 0x0000000092a00000, 0x0000000092a00000| Untracked 
| 299|0x0000000092b00000, 0x0000000092b00000, 0x0000000092c00000|  0%| F|  |TAMS 0x0000000092b00000, 0x0000000092b00000| Untracked 
| 300|0x0000000092c00000, 0x0000000092c00000, 0x0000000092d00000|  0%| F|  |TAMS 0x0000000092c00000, 0x0000000092c00000| Untracked 
| 301|0x0000000092d00000, 0x0000000092d00000, 0x0000000092e00000|  0%| F|  |TAMS 0x0000000092d00000, 0x0000000092d00000| Untracked 
| 302|0x0000000092e00000, 0x0000000092e00000, 0x0000000092f00000|  0%| F|  |TAMS 0x0000000092e00000, 0x0000000092e00000| Untracked 
| 303|0x0000000092f00000, 0x0000000092f00000, 0x0000000093000000|  0%| F|  |TAMS 0x0000000092f00000, 0x0000000092f00000| Untracked 
| 304|0x0000000093000000, 0x0000000093000000, 0x0000000093100000|  0%| F|  |TAMS 0x0000000093000000, 0x0000000093000000| Untracked 
| 305|0x0000000093100000, 0x0000000093100000, 0x0000000093200000|  0%| F|  |TAMS 0x0000000093100000, 0x0000000093100000| Untracked 
| 306|0x0000000093200000, 0x0000000093200000, 0x0000000093300000|  0%| F|  |TAMS 0x0000000093200000, 0x0000000093200000| Untracked 
| 307|0x0000000093300000, 0x0000000093300000, 0x0000000093400000|  0%| F|  |TAMS 0x0000000093300000, 0x0000000093300000| Untracked 
| 308|0x0000000093400000, 0x0000000093400000, 0x0000000093500000|  0%| F|  |TAMS 0x0000000093400000, 0x0000000093400000| Untracked 
| 309|0x0000000093500000, 0x0000000093500000, 0x0000000093600000|  0%| F|  |TAMS 0x0000000093500000, 0x0000000093500000| Untracked 
| 310|0x0000000093600000, 0x0000000093600000, 0x0000000093700000|  0%| F|  |TAMS 0x0000000093600000, 0x0000000093600000| Untracked 
| 311|0x0000000093700000, 0x0000000093700000, 0x0000000093800000|  0%| F|  |TAMS 0x0000000093700000, 0x0000000093700000| Untracked 
| 312|0x0000000093800000, 0x0000000093800000, 0x0000000093900000|  0%| F|  |TAMS 0x0000000093800000, 0x0000000093800000| Untracked 
| 313|0x0000000093900000, 0x0000000093900000, 0x0000000093a00000|  0%| F|  |TAMS 0x0000000093900000, 0x0000000093900000| Untracked 
| 314|0x0000000093a00000, 0x0000000093a00000, 0x0000000093b00000|  0%| F|  |TAMS 0x0000000093a00000, 0x0000000093a00000| Untracked 
| 315|0x0000000093b00000, 0x0000000093b00000, 0x0000000093c00000|  0%| F|  |TAMS 0x0000000093b00000, 0x0000000093b00000| Untracked 
| 316|0x0000000093c00000, 0x0000000093c00000, 0x0000000093d00000|  0%| F|  |TAMS 0x0000000093c00000, 0x0000000093c00000| Untracked 
| 317|0x0000000093d00000, 0x0000000093d00000, 0x0000000093e00000|  0%| F|  |TAMS 0x0000000093d00000, 0x0000000093d00000| Untracked 
| 318|0x0000000093e00000, 0x0000000093e00000, 0x0000000093f00000|  0%| F|  |TAMS 0x0000000093e00000, 0x0000000093e00000| Untracked 
| 319|0x0000000093f00000, 0x0000000093f00000, 0x0000000094000000|  0%| F|  |TAMS 0x0000000093f00000, 0x0000000093f00000| Untracked 
| 320|0x0000000094000000, 0x0000000094000000, 0x0000000094100000|  0%| F|  |TAMS 0x0000000094000000, 0x0000000094000000| Untracked 
| 321|0x0000000094100000, 0x0000000094100000, 0x0000000094200000|  0%| F|  |TAMS 0x0000000094100000, 0x0000000094100000| Untracked 
| 322|0x0000000094200000, 0x0000000094200000, 0x0000000094300000|  0%| F|  |TAMS 0x0000000094200000, 0x0000000094200000| Untracked 
| 323|0x0000000094300000, 0x0000000094300000, 0x0000000094400000|  0%| F|  |TAMS 0x0000000094300000, 0x0000000094300000| Untracked 
| 324|0x0000000094400000, 0x0000000094400000, 0x0000000094500000|  0%| F|  |TAMS 0x0000000094400000, 0x0000000094400000| Untracked 
| 325|0x0000000094500000, 0x0000000094500000, 0x0000000094600000|  0%| F|  |TAMS 0x0000000094500000, 0x0000000094500000| Untracked 
| 326|0x0000000094600000, 0x0000000094600000, 0x0000000094700000|  0%| F|  |TAMS 0x0000000094600000, 0x0000000094600000| Untracked 
| 327|0x0000000094700000, 0x0000000094700000, 0x0000000094800000|  0%| F|  |TAMS 0x0000000094700000, 0x0000000094700000| Untracked 
| 328|0x0000000094800000, 0x0000000094800000, 0x0000000094900000|  0%| F|  |TAMS 0x0000000094800000, 0x0000000094800000| Untracked 
| 329|0x0000000094900000, 0x0000000094900000, 0x0000000094a00000|  0%| F|  |TAMS 0x0000000094900000, 0x0000000094900000| Untracked 
| 330|0x0000000094a00000, 0x0000000094a00000, 0x0000000094b00000|  0%| F|  |TAMS 0x0000000094a00000, 0x0000000094a00000| Untracked 
| 331|0x0000000094b00000, 0x0000000094b00000, 0x0000000094c00000|  0%| F|  |TAMS 0x0000000094b00000, 0x0000000094b00000| Untracked 
| 332|0x0000000094c00000, 0x0000000094c00000, 0x0000000094d00000|  0%| F|  |TAMS 0x0000000094c00000, 0x0000000094c00000| Untracked 
| 394|0x0000000098a00000, 0x0000000098a00000, 0x0000000098b00000|  0%| F|  |TAMS 0x0000000098a00000, 0x0000000098a00000| Untracked 
| 395|0x0000000098b00000, 0x0000000098b00000, 0x0000000098c00000|  0%| F|  |TAMS 0x0000000098b00000, 0x0000000098b00000| Untracked 
| 396|0x0000000098c00000, 0x0000000098c00000, 0x0000000098d00000|  0%| F|  |TAMS 0x0000000098c00000, 0x0000000098c00000| Untracked 
| 397|0x0000000098d00000, 0x0000000098d00000, 0x0000000098e00000|  0%| F|  |TAMS 0x0000000098d00000, 0x0000000098d00000| Untracked 
| 398|0x0000000098e00000, 0x0000000098e00000, 0x0000000098f00000|  0%| F|  |TAMS 0x0000000098e00000, 0x0000000098e00000| Untracked 

Card table byte_map: [0x00000264d5450000,0x00000264d5850000] _byte_map_base: 0x00000264d5050000

Marking Bits (Prev, Next): (CMBitMap*) 0x00000264c28b01d0, (CMBitMap*) 0x00000264c28b0210
 Prev Bits: [0x00000264d5c50000, 0x00000264d7c50000)
 Next Bits: [0x00000264d7c50000, 0x00000264d9c50000)

Polling page: 0x00000264c0820000

Metaspace:

Usage:
  Non-class:    111.27 MB used.
      Class:     17.31 MB used.
       Both:    128.58 MB used.

Virtual space:
  Non-class space:      128.00 MB reserved,     111.69 MB ( 87%) committed,  2 nodes.
      Class space:        1.00 GB reserved,      17.75 MB (  2%) committed,  1 nodes.
             Both:        1.12 GB reserved,     129.44 MB ( 11%) committed. 

Chunk freelists:
   Non-Class:  15.64 MB
       Class:  14.09 MB
        Both:  29.73 MB

MaxMetaspaceSize: unlimited
CompressedClassSpaceSize: 1.00 GB
Initial GC threshold: 21.00 MB
Current GC threshold: 214.00 MB
CDS: off
MetaspaceReclaimPolicy: balanced
 - commit_granule_bytes: 65536.
 - commit_granule_words: 8192.
 - virtual_space_node_default_size: 8388608.
 - enlarge_chunks_in_place: 1.
 - new_chunks_are_fully_committed: 0.
 - uncommit_free_chunks: 1.
 - use_allocation_guard: 0.
 - handle_deallocations: 1.


Internal statistics:

num_allocs_failed_limit: 9.
num_arena_births: 1424.
num_arena_deaths: 24.
num_vsnodes_births: 3.
num_vsnodes_deaths: 0.
num_space_committed: 2071.
num_space_uncommitted: 2.
num_chunks_returned_to_freelist: 54.
num_chunks_taken_from_freelist: 6421.
num_chunk_merges: 22.
num_chunk_splits: 4318.
num_chunks_enlarged: 2986.
num_inconsistent_stats: 0.

CodeHeap 'non-profiled nmethods': size=120000Kb used=9691Kb max_used=10101Kb free=110308Kb
 bounds [0x00000264cd7f0000, 0x00000264ce1d0000, 0x00000264d4d20000]
CodeHeap 'profiled nmethods': size=120000Kb used=28738Kb max_used=29246Kb free=91261Kb
 bounds [0x00000264c5d20000, 0x00000264c79b0000, 0x00000264cd250000]
CodeHeap 'non-nmethods': size=5760Kb used=2451Kb max_used=2552Kb free=3308Kb
 bounds [0x00000264cd250000, 0x00000264cd4e0000, 0x00000264cd7f0000]
 total_blobs=15904 nmethods=14926 adapters=889
 compilation: enabled
              stopped_count=0, restarted_count=0
 full_count=0

Compilation events (20 events):
Event: 134.734 Thread 0x00000264dc892dd0 nmethod 18091 0x00000264c67dac90 code [0x00000264c67daec0, 0x00000264c67db788]
Event: 134.734 Thread 0x00000264dc892dd0 18092       3       com.sun.tools.javac.comp.Operators$BinaryOperatorHelper$$Lambda$1702/0x0000000100e134d8::<init> (32 bytes)
Event: 134.735 Thread 0x00000264dc892dd0 nmethod 18092 0x00000264c67da710 code [0x00000264c67da8c0, 0x00000264c67dabf8]
Event: 134.737 Thread 0x00000264dc892dd0 18094       3       com.sun.tools.javac.util.IntHashTable::put (99 bytes)
Event: 134.738 Thread 0x00000264dc892dd0 nmethod 18094 0x00000264c67d9e10 code [0x00000264c67da000, 0x00000264c67da4d8]
Event: 134.738 Thread 0x00000264dc892dd0 18093       3       sun.nio.cs.UTF_8$Decoder::isMalformed3 (45 bytes)
Event: 134.738 Thread 0x00000264dc892dd0 nmethod 18093 0x00000264c67d9990 code [0x00000264c67d9b20, 0x00000264c67d9d38]
Event: 134.738 Thread 0x00000264dc892dd0 18098       3       com.sun.tools.javac.parser.JavacParser::arguments (109 bytes)
Event: 134.740 Thread 0x00000264dc892dd0 nmethod 18098 0x00000264c6a2c090 code [0x00000264c6a2c3c0, 0x00000264c6a2d448]
Event: 134.740 Thread 0x00000264dc892dd0 18102       3       com.sun.tools.javac.parser.JavaTokenizer::scanOperator (73 bytes)
Event: 134.742 Thread 0x00000264dc892dd0 nmethod 18102 0x00000264c78cb510 code [0x00000264c78cb820, 0x00000264c78ccc78]
Event: 134.742 Thread 0x00000264dc892dd0 18097       3       com.sun.tools.javac.parser.JavacParser::parseExpression (6 bytes)
Event: 134.742 Thread 0x00000264dc892dd0 nmethod 18097 0x00000264c67d9510 code [0x00000264c67d96c0, 0x00000264c67d9888]
Event: 134.742 Thread 0x00000264dc892dd0 18101       3       com.sun.tools.javac.tree.JCTree$JCVariableDecl::<init> (43 bytes)
Event: 134.743 Thread 0x00000264dc892dd0 nmethod 18101 0x00000264c78cab90 code [0x00000264c78cad40, 0x00000264c78cb158]
Event: 134.743 Thread 0x00000264dc892dd0 18099       3       com.sun.tools.javac.parser.JavacParser::unannotatedType (55 bytes)
Event: 134.743 Thread 0x00000264dc892dd0 nmethod 18099 0x00000264c6a2b510 code [0x00000264c6a2b700, 0x00000264c6a2bbb8]
Event: 134.743 Thread 0x00000264dc892dd0 18100       3       com.sun.tools.javac.parser.JavacParser::restrictedTypeName (82 bytes)
Event: 134.744 Thread 0x00000264dc892dd0 nmethod 18100 0x00000264c6086590 code [0x00000264c60867a0, 0x00000264c6086e88]
Event: 134.744 Thread 0x00000264dc892dd0 18096       3       com.sun.tools.javac.tree.JCTree$JCLiteral::<init> (15 bytes)

GC Heap History (20 events):
Event: 18.401 GC heap after
{Heap after GC invocations=49 (full 0):
 garbage-first heap   total 345088K, used 108452K [0x0000000080000000, 0x0000000100000000)
  region size 1024K, 2 young (2048K), 2 survivors (2048K)
 Metaspace       used 108193K, committed 108928K, reserved 1179648K
  class space    used 14539K, committed 14912K, reserved 1048576K
}
Event: 19.735 GC heap before
{Heap before GC invocations=49 (full 0):
 garbage-first heap   total 345088K, used 272292K [0x0000000080000000, 0x0000000100000000)
  region size 1024K, 163 young (166912K), 2 survivors (2048K)
 Metaspace       used 116953K, committed 117760K, reserved 1179648K
  class space    used 15770K, committed 16128K, reserved 1048576K
}
Event: 19.746 GC heap after
{Heap after GC invocations=50 (full 0):
 garbage-first heap   total 345088K, used 116823K [0x0000000080000000, 0x0000000100000000)
  region size 1024K, 10 young (10240K), 10 survivors (10240K)
 Metaspace       used 116953K, committed 117760K, reserved 1179648K
  class space    used 15770K, committed 16128K, reserved 1048576K
}
Event: 21.074 GC heap before
{Heap before GC invocations=50 (full 0):
 garbage-first heap   total 345088K, used 239703K [0x0000000080000000, 0x0000000100000000)
  region size 1024K, 96 young (98304K), 10 survivors (10240K)
 Metaspace       used 125357K, committed 126080K, reserved 1179648K
  class space    used 17202K, committed 17536K, reserved 1048576K
}
Event: 21.088 GC heap after
{Heap after GC invocations=51 (full 0):
 garbage-first heap   total 345088K, used 146284K [0x0000000080000000, 0x0000000100000000)
  region size 1024K, 15 young (15360K), 15 survivors (15360K)
 Metaspace       used 125357K, committed 126080K, reserved 1179648K
  class space    used 17202K, committed 17536K, reserved 1048576K
}
Event: 21.104 GC heap before
{Heap before GC invocations=51 (full 0):
 garbage-first heap   total 345088K, used 177004K [0x0000000080000000, 0x0000000100000000)
  region size 1024K, 16 young (16384K), 15 survivors (15360K)
 Metaspace       used 125357K, committed 126080K, reserved 1179648K
  class space    used 17202K, committed 17536K, reserved 1048576K
}
Event: 21.117 GC heap after
{Heap after GC invocations=52 (full 0):
 garbage-first heap   total 345088K, used 146943K [0x0000000080000000, 0x0000000100000000)
  region size 1024K, 7 young (7168K), 7 survivors (7168K)
 Metaspace       used 125357K, committed 126080K, reserved 1179648K
  class space    used 17202K, committed 17536K, reserved 1048576K
}
Event: 21.120 GC heap before
{Heap before GC invocations=52 (full 0):
 garbage-first heap   total 345088K, used 148991K [0x0000000080000000, 0x0000000100000000)
  region size 1024K, 8 young (8192K), 7 survivors (7168K)
 Metaspace       used 125357K, committed 126080K, reserved 1179648K
  class space    used 17202K, committed 17536K, reserved 1048576K
}
Event: 21.127 GC heap after
{Heap after GC invocations=53 (full 0):
 garbage-first heap   total 345088K, used 144442K [0x0000000080000000, 0x0000000100000000)
  region size 1024K, 7 young (7168K), 7 survivors (7168K)
 Metaspace       used 125357K, committed 126080K, reserved 1179648K
  class space    used 17202K, committed 17536K, reserved 1048576K
}
Event: 97.664 GC heap before
{Heap before GC invocations=54 (full 0):
 garbage-first heap   total 345088K, used 326612K [0x0000000080000000, 0x0000000100000000)
  region size 1024K, 147 young (150528K), 7 survivors (7168K)
 Metaspace       used 130579K, committed 131328K, reserved 1179648K
  class space    used 17660K, committed 18048K, reserved 1048576K
}
Event: 97.686 GC heap after
{Heap after GC invocations=55 (full 0):
 garbage-first heap   total 346112K, used 131867K [0x0000000080000000, 0x0000000100000000)
  region size 1024K, 16 young (16384K), 16 survivors (16384K)
 Metaspace       used 130579K, committed 131328K, reserved 1179648K
  class space    used 17660K, committed 18048K, reserved 1048576K
}
Event: 97.742 GC heap before
{Heap before GC invocations=55 (full 0):
 garbage-first heap   total 346112K, used 132891K [0x0000000080000000, 0x0000000100000000)
  region size 1024K, 17 young (17408K), 16 survivors (16384K)
 Metaspace       used 130595K, committed 131456K, reserved 1179648K
  class space    used 17660K, committed 18048K, reserved 1048576K
}
Event: 97.758 GC heap after
{Heap after GC invocations=56 (full 0):
 garbage-first heap   total 346112K, used 131175K [0x0000000080000000, 0x0000000100000000)
  region size 1024K, 2 young (2048K), 2 survivors (2048K)
 Metaspace       used 130595K, committed 131456K, reserved 1179648K
  class space    used 17660K, committed 18048K, reserved 1048576K
}
Event: 97.950 GC heap before
{Heap before GC invocations=56 (full 0):
 garbage-first heap   total 346112K, used 134247K [0x0000000080000000, 0x0000000100000000)
  region size 1024K, 6 young (6144K), 2 survivors (2048K)
 Metaspace       used 130613K, committed 131456K, reserved 1179648K
  class space    used 17661K, committed 18048K, reserved 1048576K
}
Event: 97.955 GC heap after
{Heap after GC invocations=57 (full 0):
 garbage-first heap   total 346112K, used 130655K [0x0000000080000000, 0x0000000100000000)
  region size 1024K, 2 young (2048K), 2 survivors (2048K)
 Metaspace       used 130613K, committed 131456K, reserved 1179648K
  class space    used 17661K, committed 18048K, reserved 1048576K
}
Event: 133.309 GC heap before
{Heap before GC invocations=58 (full 0):
 garbage-first heap   total 346112K, used 333407K [0x0000000080000000, 0x0000000100000000)
  region size 1024K, 92 young (94208K), 2 survivors (2048K)
 Metaspace       used 131422K, committed 132288K, reserved 1179648K
  class space    used 17722K, committed 18176K, reserved 1048576K
}
Event: 133.313 GC heap after
{Heap after GC invocations=59 (full 0):
 garbage-first heap   total 346112K, used 134857K [0x0000000080000000, 0x0000000100000000)
  region size 1024K, 4 young (4096K), 4 survivors (4096K)
 Metaspace       used 131422K, committed 132288K, reserved 1179648K
  class space    used 17722K, committed 18176K, reserved 1048576K
}
Event: 133.444 GC heap before
{Heap before GC invocations=59 (full 0):
 garbage-first heap   total 346112K, used 147145K [0x0000000080000000, 0x0000000100000000)
  region size 1024K, 16 young (16384K), 4 survivors (4096K)
 Metaspace       used 131431K, committed 132288K, reserved 1179648K
  class space    used 17722K, committed 18176K, reserved 1048576K
}
Event: 133.454 GC heap after
{Heap after GC invocations=60 (full 0):
 garbage-first heap   total 346112K, used 127639K [0x0000000080000000, 0x0000000100000000)
  region size 1024K, 1 young (1024K), 1 survivors (1024K)
 Metaspace       used 131431K, committed 132288K, reserved 1179648K
  class space    used 17722K, committed 18176K, reserved 1048576K
}
Event: 134.744 GC heap before
{Heap before GC invocations=60 (full 0):
 garbage-first heap   total 346112K, used 207511K [0x0000000080000000, 0x0000000100000000)
  region size 1024K, 80 young (81920K), 1 survivors (1024K)
 Metaspace       used 131668K, committed 132544K, reserved 1179648K
  class space    used 17725K, committed 18176K, reserved 1048576K
}

Dll operation events (3 events):
Event: 0.009 Loaded shared library C:\Program Files\Android\Android Studio\jbr\bin\java.dll
Event: 0.142 Loaded shared library C:\Program Files\Android\Android Studio\jbr\bin\zip.dll
Event: 0.391 Loaded shared library C:\Program Files\Android\Android Studio\jbr\bin\verify.dll

Deoptimization events (20 events):
Event: 99.874 Thread 0x00000264e6019250 Uncommon trap: trap_request=0xffffffde fr.pc=0x00000264cdf3fdc4 relative=0x0000000000000ce4
Event: 99.874 Thread 0x00000264e6019250 Uncommon trap: reason=class_check action=maybe_recompile pc=0x00000264cdf3fdc4 method=java.util.HashMap.removeNode(ILjava/lang/Object;Ljava/lang/Object;ZZ)Ljava/util/HashMap$Node; @ 143 c2
Event: 99.874 Thread 0x00000264e6019250 DEOPT PACKING pc=0x00000264cdf3fdc4 sp=0x000000c7aebfaf30
Event: 99.874 Thread 0x00000264e6019250 DEOPT UNPACKING pc=0x00000264cd2aa1a3 sp=0x000000c7aebfaeb8 mode 2
Event: 99.959 Thread 0x00000264e601aa60 Uncommon trap: trap_request=0xffffff45 fr.pc=0x00000264cd9f7420 relative=0x0000000000000540
Event: 99.959 Thread 0x00000264e601aa60 Uncommon trap: reason=unstable_if action=reinterpret pc=0x00000264cd9f7420 method=com.esotericsoftware.kryo.io.Input.require(I)I @ 180 c2
Event: 99.959 Thread 0x00000264e601aa60 DEOPT PACKING pc=0x00000264cd9f7420 sp=0x000000c7accff1f0
Event: 99.959 Thread 0x00000264e601aa60 DEOPT UNPACKING pc=0x00000264cd2aa1a3 sp=0x000000c7accff118 mode 2
Event: 133.240 Thread 0x00000264e73df190 DEOPT PACKING pc=0x00000264c755d841 sp=0x000000c7accfe350
Event: 133.240 Thread 0x00000264e73df190 DEOPT UNPACKING pc=0x00000264cd2aace3 sp=0x000000c7accfd820 mode 0
Event: 133.385 Thread 0x00000264e6019250 Uncommon trap: trap_request=0xffffffde fr.pc=0x00000264cda205a4 relative=0x0000000000000664
Event: 133.385 Thread 0x00000264e6019250 Uncommon trap: reason=class_check action=maybe_recompile pc=0x00000264cda205a4 method=org.gradle.cache.internal.LockOnDemandCrossProcessCacheAccess.incrementLockCount()V @ 97 c2
Event: 133.385 Thread 0x00000264e6019250 DEOPT PACKING pc=0x00000264cda205a4 sp=0x000000c7aebf70a0
Event: 133.385 Thread 0x00000264e6019250 DEOPT UNPACKING pc=0x00000264cd2aa1a3 sp=0x000000c7aebf7050 mode 2
Event: 133.632 Thread 0x00000264e4316240 Uncommon trap: trap_request=0xffffff45 fr.pc=0x00000264cdda8000 relative=0x0000000000000360
Event: 133.632 Thread 0x00000264e4316240 Uncommon trap: reason=unstable_if action=reinterpret pc=0x00000264cdda8000 method=java.util.concurrent.ConcurrentLinkedQueue.offer(Ljava/lang/Object;)Z @ 42 c2
Event: 133.632 Thread 0x00000264e4316240 DEOPT PACKING pc=0x00000264cdda8000 sp=0x000000c7b08fecf0
Event: 133.632 Thread 0x00000264e4316240 DEOPT UNPACKING pc=0x00000264cd2aa1a3 sp=0x000000c7b08fec90 mode 2
Event: 134.507 Thread 0x00000264e84fa900 DEOPT PACKING pc=0x00000264c787796c sp=0x000000c7b33fdbf0
Event: 134.507 Thread 0x00000264e84fa900 DEOPT UNPACKING pc=0x00000264cd2aace3 sp=0x000000c7b33fd148 mode 0

Classes unloaded (20 events):
Event: 21.276 Thread 0x00000264dc6adf40 Unloading class 0x0000000100e58460 'com/bumptech/glide/annotation/compiler/RequestBuilderGenerator'
Event: 21.276 Thread 0x00000264dc6adf40 Unloading class 0x0000000100e58230 'com/bumptech/glide/annotation/compiler/GlideGenerator'
Event: 21.276 Thread 0x00000264dc6adf40 Unloading class 0x0000000100e58000 'com/bumptech/glide/annotation/compiler/RequestManagerFactoryGenerator'
Event: 21.276 Thread 0x00000264dc6adf40 Unloading class 0x0000000100e55d40 'com/bumptech/glide/annotation/compiler/RequestManagerGenerator'
Event: 21.276 Thread 0x00000264dc6adf40 Unloading class 0x0000000100e55b10 'com/bumptech/glide/annotation/compiler/RequestOptionsOverrideGenerator'
Event: 21.276 Thread 0x00000264dc6adf40 Unloading class 0x0000000100e558e0 'com/bumptech/glide/annotation/compiler/RequestOptionsGenerator'
Event: 21.276 Thread 0x00000264dc6adf40 Unloading class 0x0000000100e556b0 'com/bumptech/glide/annotation/compiler/AppModuleGenerator'
Event: 21.276 Thread 0x00000264dc6adf40 Unloading class 0x0000000100e55480 'com/bumptech/glide/annotation/compiler/AppModuleProcessor'
Event: 21.276 Thread 0x00000264dc6adf40 Unloading class 0x0000000100e55250 'com/bumptech/glide/annotation/compiler/LibraryModuleProcessor'
Event: 21.276 Thread 0x00000264dc6adf40 Unloading class 0x0000000100e55020 'com/bumptech/glide/annotation/compiler/IndexerGenerator'
Event: 21.276 Thread 0x00000264dc6adf40 Unloading class 0x0000000100e54df8 'com/bumptech/glide/repackaged/com/squareup/javapoet/Util'
Event: 21.276 Thread 0x00000264dc6adf40 Unloading class 0x0000000100e54b90 'com/bumptech/glide/repackaged/com/squareup/javapoet/TypeVariableName'
Event: 21.276 Thread 0x00000264dc6adf40 Unloading class 0x0000000100e54928 'com/bumptech/glide/repackaged/com/squareup/javapoet/ParameterizedTypeName'
Event: 21.276 Thread 0x00000264dc6adf40 Unloading class 0x0000000100e546c0 'com/bumptech/glide/repackaged/com/squareup/javapoet/ArrayTypeName'
Event: 21.276 Thread 0x00000264dc6adf40 Unloading class 0x0000000100e544a0 'com/bumptech/glide/repackaged/com/google/common/base/Function'
Event: 21.276 Thread 0x00000264dc6adf40 Unloading class 0x0000000100e54280 'com/bumptech/glide/repackaged/com/google/common/base/Predicate'
Event: 21.276 Thread 0x00000264dc6adf40 Unloading class 0x0000000100e54000 'com/bumptech/glide/repackaged/com/squareup/javapoet/ClassName'
Event: 21.276 Thread 0x00000264dc6adf40 Unloading class 0x0000000100da04d8 'com/bumptech/glide/repackaged/com/squareup/javapoet/TypeName'
Event: 21.276 Thread 0x00000264dc6adf40 Unloading class 0x0000000100da02a8 'com/bumptech/glide/annotation/compiler/ProcessorUtil'
Event: 21.276 Thread 0x00000264dc6adf40 Unloading class 0x0000000100da0000 'com/bumptech/glide/annotation/compiler/GlideAnnotationProcessor'

Classes redefined (0 events):
No events

Internal exceptions (20 events):
Event: 133.303 Thread 0x00000264e6019250 Exception <a 'sun/nio/fs/WindowsException'{0x000000008f674a90}> (0x000000008f674a90) 
thrown [s\src\hotspot\share\prims\jni.cpp, line 517]
Event: 133.303 Thread 0x00000264e6019250 Exception <a 'sun/nio/fs/WindowsException'{0x000000008f675ff8}> (0x000000008f675ff8) 
thrown [s\src\hotspot\share\prims\jni.cpp, line 517]
Event: 133.715 Thread 0x00000264e6019250 Exception <a 'sun/nio/fs/WindowsException'{0x00000000940bffd0}> (0x00000000940bffd0) 
thrown [s\src\hotspot\share\prims\jni.cpp, line 517]
Event: 133.812 Thread 0x00000264e6019250 Exception <a 'java/lang/NoClassDefFoundError'{0x0000000093bc2278}: org/jetbrains/kotlin/gradle/plugin/KotlinBasePluginWrapper> (0x0000000093bc2278) 
thrown [s\src\hotspot\share\oops\constantPool.cpp, line 835]
Event: 133.859 Thread 0x00000264e6019250 Exception <a 'sun/nio/fs/WindowsException'{0x0000000093891e00}> (0x0000000093891e00) 
thrown [s\src\hotspot\share\prims\jni.cpp, line 517]
Event: 133.869 Thread 0x00000264e6019250 Exception <a 'sun/nio/fs/WindowsException'{0x0000000093728aa0}> (0x0000000093728aa0) 
thrown [s\src\hotspot\share\prims\jni.cpp, line 517]
Event: 133.869 Thread 0x00000264e6019250 Exception <a 'sun/nio/fs/WindowsException'{0x0000000093729e38}> (0x0000000093729e38) 
thrown [s\src\hotspot\share\prims\jni.cpp, line 517]
Event: 133.869 Thread 0x00000264e6019250 Exception <a 'sun/nio/fs/WindowsException'{0x000000009372b220}> (0x000000009372b220) 
thrown [s\src\hotspot\share\prims\jni.cpp, line 517]
Event: 133.870 Thread 0x00000264e6019250 Exception <a 'sun/nio/fs/WindowsException'{0x000000009372c608}> (0x000000009372c608) 
thrown [s\src\hotspot\share\prims\jni.cpp, line 517]
Event: 133.937 Thread 0x00000264e6019250 Exception <a 'sun/nio/fs/WindowsException'{0x00000000934b1978}> (0x00000000934b1978) 
thrown [s\src\hotspot\share\prims\jni.cpp, line 517]
Event: 133.961 Thread 0x00000264e7187b40 Exception <a 'sun/nio/fs/WindowsException'{0x000000009328add8}> (0x000000009328add8) 
thrown [s\src\hotspot\share\prims\jni.cpp, line 517]
Event: 134.605 Thread 0x00000264e76f9430 Exception <a 'sun/nio/fs/WindowsException'{0x00000000907caf70}> (0x00000000907caf70) 
thrown [s\src\hotspot\share\prims\jni.cpp, line 517]
Event: 134.606 Thread 0x00000264e76f9430 Exception <a 'sun/nio/fs/WindowsException'{0x00000000907cbb88}> (0x00000000907cbb88) 
thrown [s\src\hotspot\share\prims\jni.cpp, line 517]
Event: 134.609 Thread 0x00000264e76f9430 Exception <a 'sun/nio/fs/WindowsException'{0x00000000907cc770}> (0x00000000907cc770) 
thrown [s\src\hotspot\share\prims\jni.cpp, line 517]
Event: 134.610 Thread 0x00000264e76f9430 Exception <a 'sun/nio/fs/WindowsException'{0x00000000907cd368}> (0x00000000907cd368) 
thrown [s\src\hotspot\share\prims\jni.cpp, line 517]
Event: 134.611 Thread 0x00000264e76f9430 Exception <a 'sun/nio/fs/WindowsException'{0x00000000907cdf60}> (0x00000000907cdf60) 
thrown [s\src\hotspot\share\prims\jni.cpp, line 517]
Event: 134.611 Thread 0x00000264e76f9430 Exception <a 'sun/nio/fs/WindowsException'{0x00000000907ceb58}> (0x00000000907ceb58) 
thrown [s\src\hotspot\share\prims\jni.cpp, line 517]
Event: 134.612 Thread 0x00000264e76f9430 Exception <a 'sun/nio/fs/WindowsException'{0x00000000907cf750}> (0x00000000907cf750) 
thrown [s\src\hotspot\share\prims\jni.cpp, line 517]
Event: 134.742 Thread 0x00000264e76f9430 Exception <a 'sun/nio/fs/WindowsException'{0x00000000902229b0}> (0x00000000902229b0) 
thrown [s\src\hotspot\share\prims\jni.cpp, line 517]
Event: 134.742 Thread 0x00000264e76f9430 Exception <a 'sun/nio/fs/WindowsException'{0x0000000090222c40}> (0x0000000090222c40) 
thrown [s\src\hotspot\share\prims\jni.cpp, line 517]

VM Operations (20 events):
Event: 98.963 Executing VM operation: ICBufferFull done
Event: 99.560 Executing VM operation: HandshakeAllThreads
Event: 99.561 Executing VM operation: HandshakeAllThreads done
Event: 99.743 Executing VM operation: ICBufferFull
Event: 99.765 Executing VM operation: ICBufferFull done
Event: 99.826 Executing VM operation: HandshakeAllThreads
Event: 99.841 Executing VM operation: HandshakeAllThreads done
Event: 99.911 Executing VM operation: HandshakeAllThreads
Event: 99.912 Executing VM operation: HandshakeAllThreads done
Event: 100.913 Executing VM operation: Cleanup
Event: 100.913 Executing VM operation: Cleanup done
Event: 111.921 Executing VM operation: Cleanup
Event: 111.921 Executing VM operation: Cleanup done
Event: 133.308 Executing VM operation: G1CollectForAllocation
Event: 133.313 Executing VM operation: G1CollectForAllocation done
Event: 133.444 Executing VM operation: G1CollectForAllocation
Event: 133.463 Executing VM operation: G1CollectForAllocation done
Event: 134.157 Executing VM operation: ICBufferFull
Event: 134.163 Executing VM operation: ICBufferFull done
Event: 134.744 Executing VM operation: G1TryInitiateConcMark

Events (20 events):
Event: 134.217 Thread 0x00000264eea1ad40 Thread added: 0x00000264eea1ad40
Event: 134.218 Thread 0x00000264eea1b6e0 Thread added: 0x00000264eea1b6e0
Event: 134.218 Thread 0x00000264eea181f0 Thread added: 0x00000264eea181f0
Event: 134.324 Thread 0x00000264e2d3d850 Thread added: 0x00000264e2d3d850
Event: 134.324 Thread 0x00000264e2d3c510 Thread added: 0x00000264e2d3c510
Event: 134.479 Thread 0x00000264e3a0ce90 Thread added: 0x00000264e3a0ce90
Event: 134.502 Thread 0x00000264e3a0c4f0 Thread added: 0x00000264e3a0c4f0
Event: 134.502 Thread 0x00000264e3a0d360 Thread added: 0x00000264e3a0d360
Event: 134.502 Thread 0x00000264e3a0c9c0 Thread added: 0x00000264e3a0c9c0
Event: 134.503 Thread 0x00000264e84fa900 Thread added: 0x00000264e84fa900
Event: 134.503 Thread 0x00000264e84f8750 Thread added: 0x00000264e84f8750
Event: 134.503 Thread 0x00000264e84f7410 Thread added: 0x00000264e84f7410
Event: 134.505 Thread 0x00000264e84f7db0 Thread added: 0x00000264e84f7db0
Event: 134.527 Thread 0x00000264e6d401e0 Thread added: 0x00000264e6d401e0
Event: 134.527 Thread 0x00000264e6d3f370 Thread added: 0x00000264e6d3f370
Event: 134.527 Thread 0x00000264e6d3eea0 Thread added: 0x00000264e6d3eea0
Event: 134.527 Thread 0x00000264e6d406b0 Thread added: 0x00000264e6d406b0
Event: 134.527 Thread 0x00000264e6d3e9d0 Thread added: 0x00000264e6d3e9d0
Event: 134.527 Thread 0x00000264e6d3f840 Thread added: 0x00000264e6d3f840
Event: 134.527 Thread 0x00000264e6d3fd10 Thread added: 0x00000264e6d3fd10


Dynamic libraries:
0x00007ff6b5ea0000 - 0x00007ff6b5eaa000 	C:\Program Files\Android\Android Studio\jbr\bin\java.exe
0x00007ffe055f0000 - 0x00007ffe05806000 	C:\WINDOWS\SYSTEM32\ntdll.dll
0x00007ffe042e0000 - 0x00007ffe043a4000 	C:\WINDOWS\System32\KERNEL32.DLL
0x00007ffe02bb0000 - 0x00007ffe02f56000 	C:\WINDOWS\System32\KERNELBASE.dll
0x00007ffe03010000 - 0x00007ffe03121000 	C:\WINDOWS\System32\ucrtbase.dll
0x00007ffd7e030000 - 0x00007ffd7e047000 	C:\Program Files\Android\Android Studio\jbr\bin\jli.dll
0x00007ffdfda30000 - 0x00007ffdfda4b000 	C:\Program Files\Android\Android Studio\jbr\bin\VCRUNTIME140.dll
0x00007ffe05400000 - 0x00007ffe055ad000 	C:\WINDOWS\System32\USER32.dll
0x00007ffdeaa00000 - 0x00007ffdeac93000 	C:\WINDOWS\WinSxS\amd64_microsoft.windows.common-controls_6595b64144ccf1df_6.0.22621.3235_none_270f74e173860f98\COMCTL32.dll
0x00007ffe029f0000 - 0x00007ffe02a16000 	C:\WINDOWS\System32\win32u.dll
0x00007ffe04980000 - 0x00007ffe04a27000 	C:\WINDOWS\System32\msvcrt.dll
0x00007ffe044b0000 - 0x00007ffe044d9000 	C:\WINDOWS\System32\GDI32.dll
0x00007ffe02a90000 - 0x00007ffe02ba8000 	C:\WINDOWS\System32\gdi32full.dll
0x00007ffe03130000 - 0x00007ffe031ca000 	C:\WINDOWS\System32\msvcp_win.dll
0x00007ffe05320000 - 0x00007ffe05351000 	C:\WINDOWS\System32\IMM32.DLL
0x00007ffdfdcb0000 - 0x00007ffdfdcbc000 	C:\Program Files\Android\Android Studio\jbr\bin\vcruntime140_1.dll
0x00007ffddd2b0000 - 0x00007ffddd33d000 	C:\Program Files\Android\Android Studio\jbr\bin\msvcp140.dll
0x00007ffd3b640000 - 0x00007ffd3c2c0000 	C:\Program Files\Android\Android Studio\jbr\bin\server\jvm.dll
0x00007ffe04840000 - 0x00007ffe048f2000 	C:\WINDOWS\System32\ADVAPI32.dll
0x00007ffe03630000 - 0x00007ffe036d8000 	C:\WINDOWS\System32\sechost.dll
0x00007ffe02fe0000 - 0x00007ffe03008000 	C:\WINDOWS\System32\bcrypt.dll
0x00007ffe04a30000 - 0x00007ffe04b45000 	C:\WINDOWS\System32\RPCRT4.dll
0x00007ffde4560000 - 0x00007ffde4569000 	C:\WINDOWS\SYSTEM32\WSOCK32.dll
0x00007ffe035b0000 - 0x00007ffe03621000 	C:\WINDOWS\System32\WS2_32.dll
0x00007ffdf90d0000 - 0x00007ffdf9104000 	C:\WINDOWS\SYSTEM32\WINMM.dll
0x00007ffdf8a40000 - 0x00007ffdf8a4a000 	C:\WINDOWS\SYSTEM32\VERSION.dll
0x00007ffe01a60000 - 0x00007ffe01a78000 	C:\WINDOWS\SYSTEM32\kernel.appcore.dll
0x00007ffd94f70000 - 0x00007ffd94f7a000 	C:\Program Files\Android\Android Studio\jbr\bin\jimage.dll
0x00007ffe001d0000 - 0x00007ffe00403000 	C:\WINDOWS\SYSTEM32\DBGHELP.DLL
0x00007ffe03f40000 - 0x00007ffe042c8000 	C:\WINDOWS\System32\combase.dll
0x00007ffe044e0000 - 0x00007ffe045b7000 	C:\WINDOWS\System32\OLEAUT32.dll
0x00007ffded7c0000 - 0x00007ffded7f2000 	C:\WINDOWS\SYSTEM32\dbgcore.DLL
0x00007ffe02f60000 - 0x00007ffe02fda000 	C:\WINDOWS\System32\bcryptPrimitives.dll
0x00007ffd7e050000 - 0x00007ffd7e05e000 	C:\Program Files\Android\Android Studio\jbr\bin\instrument.dll
0x00007ffd7dfb0000 - 0x00007ffd7dfd5000 	C:\Program Files\Android\Android Studio\jbr\bin\java.dll
0x00007ffd8a670000 - 0x00007ffd8a688000 	C:\Program Files\Android\Android Studio\jbr\bin\zip.dll
0x00007ffe036e0000 - 0x00007ffe03f3d000 	C:\WINDOWS\System32\SHELL32.dll
0x00007ffe008a0000 - 0x00007ffe01198000 	C:\WINDOWS\SYSTEM32\windows.storage.dll
0x00007ffe00760000 - 0x00007ffe0089e000 	C:\WINDOWS\SYSTEM32\wintypes.dll
0x00007ffe04c00000 - 0x00007ffe04cf3000 	C:\WINDOWS\System32\SHCORE.dll
0x00007ffe045c0000 - 0x00007ffe0461e000 	C:\WINDOWS\System32\shlwapi.dll
0x00007ffe02860000 - 0x00007ffe02886000 	C:\WINDOWS\SYSTEM32\profapi.dll
0x00007ffd83fb0000 - 0x00007ffd83fc9000 	C:\Program Files\Android\Android Studio\jbr\bin\net.dll
0x00007ffdfc200000 - 0x00007ffdfc337000 	C:\WINDOWS\SYSTEM32\WINHTTP.dll
0x00007ffe01ee0000 - 0x00007ffe01f49000 	C:\WINDOWS\system32\mswsock.dll
0x00007ffd829a0000 - 0x00007ffd829b6000 	C:\Program Files\Android\Android Studio\jbr\bin\nio.dll
0x00007ffd8ef90000 - 0x00007ffd8efa0000 	C:\Program Files\Android\Android Studio\jbr\bin\verify.dll
0x00007ffd56880000 - 0x00007ffd568a7000 	C:\Users\minhm\.gradle\native\68d5fa5c4cc2d200863cafc0d521ce42e7d3e7ee720ec0a83991735586a16f82\windows-amd64\native-platform.dll
0x00007ffddd160000 - 0x00007ffddd2a4000 	C:\Users\minhm\.gradle\native\e376f236ea51e6404a007f0833ffe2c6e607c4080706a723a18a27aeea778392\windows-amd64\native-platform-file-events.dll
0x00007ffd84240000 - 0x00007ffd84249000 	C:\Program Files\Android\Android Studio\jbr\bin\management.dll
0x00007ffd7e060000 - 0x00007ffd7e06b000 	C:\Program Files\Android\Android Studio\jbr\bin\management_ext.dll
0x00007ffe05360000 - 0x00007ffe05368000 	C:\WINDOWS\System32\PSAPI.DLL
0x00007ffe02140000 - 0x00007ffe0215b000 	C:\WINDOWS\SYSTEM32\CRYPTSP.dll
0x00007ffe019c0000 - 0x00007ffe019f5000 	C:\WINDOWS\system32\rsaenh.dll
0x00007ffe01fd0000 - 0x00007ffe01ffc000 	C:\WINDOWS\SYSTEM32\USERENV.dll
0x00007ffe02130000 - 0x00007ffe0213c000 	C:\WINDOWS\SYSTEM32\CRYPTBASE.dll
0x00007ffe01470000 - 0x00007ffe0149d000 	C:\WINDOWS\SYSTEM32\IPHLPAPI.DLL
0x00007ffe04620000 - 0x00007ffe04629000 	C:\WINDOWS\System32\NSI.dll
0x00007ffdfc020000 - 0x00007ffdfc039000 	C:\WINDOWS\SYSTEM32\dhcpcsvc6.DLL
0x00007ffdfc000000 - 0x00007ffdfc01f000 	C:\WINDOWS\SYSTEM32\dhcpcsvc.DLL
0x00007ffe014e0000 - 0x00007ffe015d9000 	C:\WINDOWS\SYSTEM32\DNSAPI.dll
0x00007ffde6d50000 - 0x00007ffde6d58000 	C:\WINDOWS\system32\wshunix.dll

dbghelp: loaded successfully - version: 4.0.5 - missing functions: none
symbol engine: initialized successfully - sym options: 0x614 - pdb path: .;C:\Program Files\Android\Android Studio\jbr\bin;C:\WINDOWS\SYSTEM32;C:\WINDOWS\WinSxS\amd64_microsoft.windows.common-controls_6595b64144ccf1df_6.0.22621.3235_none_270f74e173860f98;C:\Program Files\Android\Android Studio\jbr\bin\server;C:\Users\minhm\.gradle\native\68d5fa5c4cc2d200863cafc0d521ce42e7d3e7ee720ec0a83991735586a16f82\windows-amd64;C:\Users\minhm\.gradle\native\e376f236ea51e6404a007f0833ffe2c6e607c4080706a723a18a27aeea778392\windows-amd64

VM Arguments:
jvm_args: --add-opens=java.base/java.util=ALL-UNNAMED --add-opens=java.base/java.lang=ALL-UNNAMED --add-opens=java.base/java.lang.invoke=ALL-UNNAMED --add-opens=java.prefs/java.util.prefs=ALL-UNNAMED --add-opens=java.base/java.nio.charset=ALL-UNNAMED --add-opens=java.base/java.net=ALL-UNNAMED --add-opens=java.base/java.util.concurrent.atomic=ALL-UNNAMED -Xmx2048m -Dfile.encoding=UTF-8 -Duser.country=US -Duser.language=en -Duser.variant -javaagent:C:\Users\minhm\.gradle\wrapper\dists\gradle-8.2-bin\bbg7u40eoinfdyxsxr3z4i7ta\gradle-8.2\lib\agents\gradle-instrumentation-agent-8.2.jar 
java_command: org.gradle.launcher.daemon.bootstrap.GradleDaemon 8.2
java_class_path (initial): C:\Users\minhm\.gradle\wrapper\dists\gradle-8.2-bin\bbg7u40eoinfdyxsxr3z4i7ta\gradle-8.2\lib\gradle-launcher-8.2.jar
Launcher Type: SUN_STANDARD

[Global flags]
     intx CICompilerCount                          = 4                                         {product} {ergonomic}
     uint ConcGCThreads                            = 2                                         {product} {ergonomic}
     uint G1ConcRefinementThreads                  = 8                                         {product} {ergonomic}
   size_t G1HeapRegionSize                         = 1048576                                   {product} {ergonomic}
    uintx GCDrainStackTargetSize                   = 64                                        {product} {ergonomic}
   size_t InitialHeapSize                          = 264241152                                 {product} {ergonomic}
   size_t MarkStackSize                            = 4194304                                   {product} {ergonomic}
   size_t MaxHeapSize                              = 2147483648                                {product} {command line}
   size_t MaxNewSize                               = 1287651328                                {product} {ergonomic}
   size_t MinHeapDeltaBytes                        = 1048576                                   {product} {ergonomic}
   size_t MinHeapSize                              = 8388608                                   {product} {ergonomic}
    uintx NonNMethodCodeHeapSize                   = 5839372                                {pd product} {ergonomic}
    uintx NonProfiledCodeHeapSize                  = 122909434                              {pd product} {ergonomic}
    uintx ProfiledCodeHeapSize                     = 122909434                              {pd product} {ergonomic}
    uintx ReservedCodeCacheSize                    = 251658240                              {pd product} {ergonomic}
     bool SegmentedCodeCache                       = true                                      {product} {ergonomic}
   size_t SoftMaxHeapSize                          = 2147483648                             {manageable} {ergonomic}
     bool UseCompressedClassPointers               = true                           {product lp64_product} {ergonomic}
     bool UseCompressedOops                        = true                           {product lp64_product} {ergonomic}
     bool UseG1GC                                  = true                                      {product} {ergonomic}
     bool UseLargePagesIndividualAllocation        = false                                  {pd product} {ergonomic}

Logging:
Log output configuration:
 #0: stdout all=warning uptime,level,tags
 #1: stderr all=off uptime,level,tags

Environment Variables:
JAVA_HOME=C:\Program Files\Java\jdk-21
CLASSPATH=C:\Program Files\Java\jdk-21\lib
PATH="C:\Program Files\Java\jdk-21\bin;";C:\Program Files\Common Files\Oracle\Java\javapath;C:\Program Files\Microsoft\jdk-11.0.16.101-hotspot\bin;C:\WINDOWS\system32;C:\WINDOWS;C:\WINDOWS\System32\Wbem;C:\WINDOWS\System32\WindowsPowerShell\v1.0\;C:\WINDOWS\System32\OpenSSH\;C:\Program Files\Microsoft SQL Server\150\Tools\Binn\;C:\Program Files\Microsoft SQL Server\Client SDK\ODBC\170\Tools\Binn\;C:\Program Files (x86)\Microsoft SQL Server\160\Tools\Binn\;C:\Program Files\Microsoft SQL Server\160\Tools\Binn\;C:\Program Files\Microsoft SQL Server\160\DTS\Binn\;C:\Program Files (x86)\Microsoft SQL Server\160\DTS\Binn\;C:\Program Files\Azure Data Studio\bin;C:\MinGW\bin;C:\Program Files\Git\cmd;C:\Program Files\Java\jdk-21\bin;D:\VScode\Microsoft VS Code\bin
USERNAME=minhm
OS=Windows_NT
PROCESSOR_IDENTIFIER=Intel64 Family 6 Model 140 Stepping 1, GenuineIntel
TMP=C:\Users\minhm\AppData\Local\Temp
TEMP=C:\Users\minhm\AppData\Local\Temp


JNI global refs:
JNI global refs: 29, weak refs: 1

JNI global refs memory usage: 843, weak refs: 841

OOME stack traces (most recent first):
Classloader memory used:
Loader org.gradle.internal.classloader.VisitableURLClassLoader$InstrumentingVisitableURLClassLoader: 5500K
Loader org.gradle.internal.classloader.VisitableURLClassLoader                         : 4868K
Loader bootstrap                                                                       : 3281K
Loader org.gradle.initialization.MixInLegacyTypesClassLoader                           : 1394K
Loader jdk.internal.loader.ClassLoaders$AppClassLoader                                 : 1154K
Loader jdk.internal.reflect.DelegatingClassLoader                                      : 119K
Loader jdk.internal.loader.ClassLoaders$PlatformClassLoader                            : 99442B
Loader java.net.URLClassLoader                                                         : 33923B
Loader org.gradle.internal.classloader.VisitableURLClassLoader                         : 5171B
Loader org.gradle.groovy.scripts.internal.DefaultScriptCompilationHandler$ScriptClassLoader: 3067B
Loader org.codehaus.groovy.runtime.callsite.CallSiteClassLoader                        : 802B
Loader sun.reflect.misc.MethodUtil                                                     : 373B

Classes loaded by more than one classloader:
Class Program                                                                         : loaded 5 times (x 70B)
Class org.gradle.internal.installation.GradleInstallation                             : loaded 2 times (x 73B)
Class com.google.common.collect.Iterators$MergingIterator                             : loaded 2 times (x 79B)
Class com.google.common.io.Closer$SuppressingSuppressor                               : loaded 2 times (x 73B)
Class org.objectweb.asm.ModuleVisitor                                                 : loaded 2 times (x 78B)
Class com.google.common.collect.Maps$IteratorBasedAbstractMap$1                       : loaded 2 times (x 136B)
Class [Lcom.google.common.collect.AbstractMapEntry;                                   : loaded 2 times (x 67B)
Class com.google.common.collect.SingletonImmutableList                                : loaded 2 times (x 167B)
Class com.google.common.cache.CacheLoader$SupplierToCacheLoader                       : loaded 2 times (x 73B)
Class org.gradle.internal.classpath.ClassPath                                         : loaded 2 times (x 68B)
Class com.google.common.cache.RemovalListener                                         : loaded 2 times (x 68B)
Class org.gradle.api.internal.classpath.DefaultModuleRegistry                         : loaded 2 times (x 84B)
Class com.google.common.collect.FluentIterable$1                                      : loaded 2 times (x 79B)
Class com.google.common.collect.FluentIterable$2                                      : loaded 2 times (x 79B)
Class com.google.common.collect.FluentIterable$3                                      : loaded 2 times (x 79B)
Class Settings_gradle$1$1                                                             : loaded 2 times (x 72B)
Class com.google.common.collect.ImmutableEnumSet                                      : loaded 2 times (x 144B)
Class com.google.common.collect.ListMultimap                                          : loaded 2 times (x 68B)
Class com.google.common.base.CharMatcher$JavaDigit                                    : loaded 2 times (x 109B)
Class com.google.common.base.CharMatcher$Digit                                        : loaded 2 times (x 110B)
Class com.google.common.collect.AbstractMultimap                                      : loaded 2 times (x 121B)
Class com.google.common.cache.CacheBuilder$OneWeigher                                 : loaded 2 times (x 80B)
Class org.gradle.api.Action                                                           : loaded 2 times (x 68B)
Class com.google.common.collect.ImmutableEntry                                        : loaded 2 times (x 80B)
Class com.google.common.collect.Lists$StringAsImmutableList                           : loaded 2 times (x 167B)
Class com.google.common.cache.LocalCache$StrongEntry                                  : loaded 2 times (x 106B)
Class org.objectweb.asm.FieldWriter                                                   : loaded 2 times (x 75B)
Class com.google.common.base.CharMatcher                                              : loaded 2 times (x 109B)
Class com.google.common.base.CharMatcher$IsNot                                        : loaded 2 times (x 109B)
Class com.google.common.collect.Maps$IteratorBasedAbstractMap                         : loaded 2 times (x 123B)
Class com.google.common.base.Splitter                                                 : loaded 2 times (x 70B)
Class [Lcom.google.common.cache.Weigher;                                              : loaded 2 times (x 67B)
Class com.google.common.collect.Iterators$ArrayItr                                    : loaded 2 times (x 95B)
Class com.google.common.cache.LocalCache$Segment                                      : loaded 2 times (x 152B)
Class org.gradle.api.internal.DefaultClassPathProvider                                : loaded 2 times (x 74B)
Class org.gradle.internal.installation.GradleInstallation$1                           : loaded 2 times (x 73B)
Class com.google.common.cache.LocalCache$AbstractReferenceEntry                       : loaded 2 times (x 105B)
Class org.objectweb.asm.Type                                                          : loaded 2 times (x 70B)
Class com.google.common.util.concurrent.AbstractFuture$Failure                        : loaded 2 times (x 70B)
Class com.google.common.base.CharMatcher$BitSetMatcher                                : loaded 2 times (x 110B)
Class com.google.common.collect.ImmutableMap$IteratorBasedImmutableMap                : loaded 2 times (x 123B)
Class com.google.common.reflect.Reflection                                            : loaded 2 times (x 69B)
Class com.google.common.collect.ImmutableMap                                          : loaded 2 times (x 118B)
Class com.google.common.base.Converter                                                : loaded 2 times (x 88B)
Class com.google.common.collect.ImmutableSet$EmptySetBuilderImpl                      : loaded 2 times (x 74B)
Class com.google.common.base.Equivalence                                              : loaded 2 times (x 80B)
Class com.google.common.primitives.Ints                                               : loaded 2 times (x 69B)
Class com.google.common.cache.LocalCache$EntryFactory$1                               : loaded 2 times (x 81B)
Class com.google.common.cache.LocalCache$EntryFactory$2                               : loaded 2 times (x 81B)
Class com.google.common.cache.LocalCache$EntryFactory$3                               : loaded 2 times (x 81B)
Class [Lcom.google.common.collect.Maps$EntryFunction;                                 : loaded 2 times (x 67B)
Class com.google.common.cache.LocalCache$EntryFactory$4                               : loaded 2 times (x 81B)
Class com.google.common.cache.LocalCache$EntryFactory$5                               : loaded 2 times (x 81B)
Class com.google.common.cache.LocalCache$EntryFactory$6                               : loaded 2 times (x 81B)
Class com.google.common.reflect.TypeResolver$TypeVariableKey                          : loaded 2 times (x 70B)
Class com.google.common.cache.LocalCache$EntryFactory$7                               : loaded 2 times (x 81B)
Class com.google.common.cache.LocalCache$EntryFactory$8                               : loaded 2 times (x 81B)
Class com.google.common.base.Predicate                                                : loaded 2 times (x 68B)
Class com.google.common.cache.LocalCache$StrongValueReference                         : loaded 2 times (x 88B)
Class org.gradle.internal.classloader.FilteringClassLoader                            : loaded 2 times (x 102B)
Class com.google.common.reflect.TypeResolver$TypeTable                                : loaded 2 times (x 71B)
Class com.google.common.reflect.Invokable$MethodInvokable                             : loaded 2 times (x 103B)
Class com.google.common.collect.RegularImmutableSet                                   : loaded 2 times (x 146B)
Class [Lcom.google.common.cache.LocalCache$Strength;                                  : loaded 2 times (x 67B)
Class org.gradle.internal.classpath.DefaultClassPath$ImmutableUniqueList$Builder      : loaded 2 times (x 73B)
Class com.google.common.collect.Maps$8                                                : loaded 2 times (x 80B)
Class com.google.common.base.PatternCompiler                                          : loaded 2 times (x 68B)
Class [Lcom.google.common.cache.CacheBuilder$NullListener;                            : loaded 2 times (x 67B)
Class com.google.common.base.CharMatcher$InRange                                      : loaded 2 times (x 109B)
Class com.google.common.collect.Maps$KeySet                                           : loaded 2 times (x 135B)
Class com.google.common.collect.Sets$SetView                                          : loaded 2 times (x 136B)
Class com.google.common.collect.BiMap                                                 : loaded 2 times (x 68B)
Class com.google.common.collect.Lists                                                 : loaded 2 times (x 69B)
Class org.objectweb.asm.AnnotationWriter                                              : loaded 2 times (x 76B)
Class com.google.common.math.IntMath$1                                                : loaded 2 times (x 69B)
Class org.gradle.internal.classloader.ClassLoaderVisitor                              : loaded 2 times (x 74B)
Class [Lcom.google.common.collect.HashBiMap$BiEntry;                                  : loaded 2 times (x 67B)
Class org.objectweb.asm.Label                                                         : loaded 2 times (x 71B)
Class com.google.common.cache.CacheBuilder$NullListener                               : loaded 2 times (x 80B)
Class com.google.common.math.MathPreconditions                                        : loaded 2 times (x 69B)
Class org.gradle.internal.service.DefaultServiceLocator                               : loaded 2 times (x 81B)
Class org.gradle.internal.service.UnknownServiceException                             : loaded 2 times (x 81B)
Class com.google.common.util.concurrent.AbstractFuture$SynchronizedHelper             : loaded 2 times (x 76B)
Class com.google.common.collect.ArrayListMultimap                                     : loaded 2 times (x 170B)
Class com.google.common.collect.Collections2$FilteredCollection                       : loaded 2 times (x 117B)
Class com.google.common.base.Strings                                                  : loaded 2 times (x 69B)
Class com.google.common.io.Closer                                                     : loaded 2 times (x 76B)
Class com.google.common.cache.CacheLoader$InvalidCacheLoadException                   : loaded 2 times (x 80B)
Class org.gradle.internal.classloader.DefaultClassLoaderFactory                       : loaded 2 times (x 80B)
Class com.google.common.collect.UnmodifiableIterator                                  : loaded 2 times (x 78B)
Class com.google.common.base.Stopwatch                                                : loaded 2 times (x 70B)
Class com.google.common.reflect.Types                                                 : loaded 2 times (x 69B)
Class com.google.common.base.Platform$JdkPatternCompiler                              : loaded 2 times (x 73B)
Class com.google.common.cache.LocalCache$LoadingValueReference                        : loaded 2 times (x 94B)
Class com.google.common.base.CharMatcher$SingleWidth                                  : loaded 2 times (x 110B)
Class com.google.common.collect.Hashing                                               : loaded 2 times (x 69B)
Class [Lcom.google.common.reflect.Types$ClassOwnership;                               : loaded 2 times (x 67B)
Class com.google.common.base.JdkPattern                                               : loaded 2 times (x 73B)
Class com.google.common.base.Optional                                                 : loaded 2 times (x 78B)
Class com.google.common.collect.Multimap                                              : loaded 2 times (x 68B)
Class com.google.common.base.FunctionalEquivalence                                    : loaded 2 times (x 81B)
Class org.objectweb.asm.AnnotationVisitor                                             : loaded 2 times (x 75B)
Class org.objectweb.asm.RecordComponentWriter                                         : loaded 2 times (x 76B)
Class com.google.common.cache.LocalCache$1                                            : loaded 2 times (x 87B)
Class com.google.common.cache.LocalCache$2                                            : loaded 2 times (x 140B)
Class com.google.common.collect.RegularImmutableBiMap                                 : loaded 2 times (x 146B)
Class org.gradle.internal.classloader.VisitableURLClassLoader$Spec                    : loaded 2 times (x 72B)
Class org.gradle.api.GradleException                                                  : loaded 2 times (x 80B)
Class com.google.common.base.CharMatcher$JavaLetterOrDigit                            : loaded 2 times (x 109B)
Class org.gradle.api.internal.classpath.ModuleRegistry                                : loaded 2 times (x 68B)
Class com.google.common.collect.ForwardingObject                                      : loaded 2 times (x 70B)
Class com.google.common.reflect.TypeToken$1                                           : loaded 2 times (x 106B)
Class com.google.common.cache.CacheBuilder                                            : loaded 2 times (x 70B)
Class com.google.common.reflect.TypeToken$2                                           : loaded 2 times (x 106B)
Class org.objectweb.asm.ByteVector                                                    : loaded 2 times (x 76B)
Class com.google.common.collect.ImmutableCollection                                   : loaded 2 times (x 123B)
Class com.google.common.base.PairwiseEquivalence                                      : loaded 2 times (x 81B)
Class com.google.common.base.Ticker                                                   : loaded 2 times (x 70B)
Class org.gradle.api.internal.ClassPathProvider                                       : loaded 2 times (x 68B)
Class com.google.common.base.Ascii                                                    : loaded 2 times (x 69B)
Class com.google.common.collect.RegularImmutableMap$Values                            : loaded 2 times (x 167B)
Class org.objectweb.asm.ModuleWriter                                                  : loaded 2 times (x 79B)
Class org.gradle.internal.classloader.ClasspathUtil$1                                 : loaded 2 times (x 74B)
Class com.google.common.collect.ImmutableEnumMap                                      : loaded 2 times (x 123B)
Class com.google.common.collect.ForwardingMap                                         : loaded 2 times (x 130B)
Class com.google.common.collect.ImmutableList$ReverseImmutableList                    : loaded 2 times (x 168B)
Class com.google.common.cache.AbstractCache$StatsCounter                              : loaded 2 times (x 68B)
Class com.google.common.collect.Maps$EntryFunction$1                                  : loaded 2 times (x 89B)
Class com.google.common.collect.Maps$EntryFunction$2                                  : loaded 2 times (x 89B)
Class org.objectweb.asm.FieldVisitor                                                  : loaded 2 times (x 74B)
Class org.objectweb.asm.Symbol                                                        : loaded 2 times (x 71B)
Class com.google.common.reflect.TypeToken                                             : loaded 2 times (x 71B)
Class com.google.common.cache.LocalCache$Strength$1                                   : loaded 2 times (x 79B)
Class com.google.common.cache.LocalCache$Strength$2                                   : loaded 2 times (x 79B)
Class com.google.common.cache.LocalCache$Strength$3                                   : loaded 2 times (x 79B)
Class org.gradle.internal.classloader.ClassLoaderFactory                              : loaded 2 times (x 68B)
Class com.google.common.collect.ObjectArrays                                          : loaded 2 times (x 69B)
Class com.google.common.base.Absent                                                   : loaded 2 times (x 78B)
Class com.google.common.util.concurrent.AbstractFuture$Waiter                         : loaded 2 times (x 70B)
Class com.google.common.util.concurrent.Uninterruptibles                              : loaded 2 times (x 69B)
Class com.google.common.collect.Iterators$10                                          : loaded 2 times (x 79B)
Class com.google.common.collect.ImmutableList                                         : loaded 2 times (x 166B)
Class org.gradle.api.internal.classpath.ManifestUtil                                  : loaded 2 times (x 69B)
Class org.gradle.api.specs.Spec                                                       : loaded 2 times (x 68B)
Class com.google.common.cache.CacheLoader$UnsupportedLoadingOperationException        : loaded 2 times (x 80B)
Class com.google.common.base.CharMatcher$Whitespace                                   : loaded 2 times (x 110B)
Class com.google.common.util.concurrent.ListenableFuture                              : loaded 2 times (x 68B)
Class com.google.common.collect.Iterators$1                                           : loaded 2 times (x 79B)
Class com.google.common.collect.Iterators$4                                           : loaded 2 times (x 80B)
Class com.google.common.collect.RegularImmutableMap$BucketOverflowException           : loaded 2 times (x 80B)
Class com.google.common.collect.Iterators$5                                           : loaded 2 times (x 80B)
Class com.google.common.collect.Iterators$6                                           : loaded 2 times (x 79B)
Class com.google.common.util.concurrent.AbstractFuture$UnsafeAtomicHelper             : loaded 2 times (x 76B)
Class com.google.common.base.Joiner                                                   : loaded 2 times (x 77B)
Class com.google.common.base.Equivalence$Equals                                       : loaded 2 times (x 80B)
Class com.google.common.base.Preconditions                                            : loaded 2 times (x 69B)
Class com.google.common.base.Function                                                 : loaded 2 times (x 68B)
Class com.google.common.collect.Iterators$9                                           : loaded 2 times (x 79B)
Class org.gradle.internal.IoActions                                                   : loaded 2 times (x 69B)
Class com.google.common.cache.ReferenceEntry                                          : loaded 2 times (x 68B)
Class com.google.common.collect.RegularImmutableMap$KeySet                            : loaded 2 times (x 148B)
Class com.google.common.collect.CollectPreconditions                                  : loaded 2 times (x 69B)
Class [Lcom.google.common.base.Function;                                              : loaded 2 times (x 67B)
Class com.google.common.primitives.IntsMethodsForWeb                                  : loaded 2 times (x 69B)
Class com.google.common.collect.Maps                                                  : loaded 2 times (x 69B)
Class com.google.common.collect.RegularImmutableMap                                   : loaded 2 times (x 119B)
Class com.google.common.collect.AbstractIndexedListIterator                           : loaded 2 times (x 94B)
Class com.google.common.base.CharMatcher$None                                         : loaded 2 times (x 110B)
Class org.gradle.api.internal.classpath.EffectiveClassPath                            : loaded 2 times (x 88B)
Class com.google.common.collect.UnmodifiableListIterator                              : loaded 2 times (x 93B)
Class com.google.common.cache.CacheLoader$FunctionToCacheLoader                       : loaded 2 times (x 73B)
Class com.google.common.cache.CacheBuilder$1                                          : loaded 2 times (x 83B)
Class com.google.common.cache.CacheBuilder$2                                          : loaded 2 times (x 77B)
Class com.google.common.collect.ImmutableList$1                                       : loaded 2 times (x 95B)
Class com.google.common.base.Splitter$Strategy                                        : loaded 2 times (x 68B)
Class com.google.common.cache.CacheBuilder$3                                          : loaded 2 times (x 70B)
Class com.google.common.collect.ImmutableMapEntrySet$RegularEntrySet                  : loaded 2 times (x 149B)
Class com.google.common.base.Predicates$CompositionPredicate                          : loaded 2 times (x 86B)
Class [Lcom.google.common.cache.RemovalListener;                                      : loaded 2 times (x 67B)
Class [Lcom.google.common.collect.ImmutableMapEntry;                                  : loaded 2 times (x 67B)
Class org.gradle.internal.installation.CurrentGradleInstallation                      : loaded 2 times (x 71B)
Class org.gradle.internal.agents.InstrumentingClassLoader                             : loaded 2 times (x 68B)
Class org.gradle.internal.installation.CurrentGradleInstallationLocator               : loaded 2 times (x 69B)
Class [Lcom.google.common.cache.LocalCache$Segment;                                   : loaded 2 times (x 67B)
Class org.gradle.api.internal.classpath.Module                                        : loaded 2 times (x 68B)
Class com.google.common.base.Splitter$1$1                                             : loaded 2 times (x 84B)
Class com.google.common.collect.ImmutableSet$JdkBackedSetBuilderImpl                  : loaded 2 times (x 74B)
Class com.google.common.reflect.Types$TypeVariableInvocationHandler                   : loaded 2 times (x 73B)
Class com.google.common.reflect.Types$ClassOwnership                                  : loaded 2 times (x 78B)
Class com.google.common.collect.ImmutableSet$RegularSetBuilderImpl                    : loaded 2 times (x 75B)
Class [Lorg.objectweb.asm.AnnotationWriter;                                           : loaded 2 times (x 67B)
Class org.gradle.internal.service.CachingServiceLocator                               : loaded 2 times (x 80B)
Class [Lcom.google.common.collect.ImmutableEntry;                                     : loaded 2 times (x 67B)
Class com.google.common.collect.Sets$ImprovedAbstractSet                              : loaded 2 times (x 133B)
Class org.gradle.internal.classpath.DefaultClassPath                                  : loaded 2 times (x 88B)
Class com.google.common.util.concurrent.AbstractFuture$SetFuture                      : loaded 2 times (x 73B)
Class com.google.common.collect.TransformedIterator                                   : loaded 2 times (x 78B)
Class com.google.common.base.Splitter$SplittingIterator                               : loaded 2 times (x 82B)
Class com.google.common.reflect.TypeParameter                                         : loaded 2 times (x 70B)
Class com.google.common.cache.LocalCache$LocalManualCache$1                           : loaded 2 times (x 73B)
Class Build_gradle$1                                                                  : loaded 2 times (x 72B)
Class Build_gradle$2                                                                  : loaded 2 times (x 76B)
Class com.google.common.reflect.Types$ClassOwnership$1LocalClass                      : loaded 2 times (x 69B)
Class com.google.common.collect.Lists$RandomAccessReverseList                         : loaded 2 times (x 160B)
Class [Lcom.google.common.collect.AbstractIterator$State;                             : loaded 2 times (x 67B)
Class org.objectweb.asm.SymbolTable$Entry                                             : loaded 2 times (x 72B)
Class [Lcom.google.common.cache.LocalCache$EntryFactory;                              : loaded 2 times (x 67B)
Class com.google.common.base.CharMatcher$Is                                           : loaded 2 times (x 109B)
Class com.google.common.collect.Maps$AbstractFilteredMap                              : loaded 2 times (x 125B)
Class com.google.common.base.Platform                                                 : loaded 2 times (x 69B)
Class com.google.common.collect.RegularImmutableAsList                                : loaded 2 times (x 176B)
Class com.google.common.base.Suppliers$NonSerializableMemoizingSupplier               : loaded 2 times (x 77B)
Class com.google.common.collect.PeekingIterator                                       : loaded 2 times (x 68B)
Class com.google.common.reflect.TypeResolver$TypeTable$1                              : loaded 2 times (x 71B)
Class com.google.common.collect.ImmutableMapEntrySet                                  : loaded 2 times (x 149B)
Class com.google.common.cache.CacheLoader                                             : loaded 2 times (x 72B)
Class com.google.common.collect.ImmutableBiMapFauxverideShim                          : loaded 2 times (x 118B)
Class org.objectweb.asm.MethodTooLargeException                                       : loaded 2 times (x 81B)
Class com.google.common.collect.HashBiMap$Inverse                                     : loaded 2 times (x 140B)
Class com.google.common.cache.Cache                                                   : loaded 2 times (x 68B)
Class com.google.common.collect.Maps$EntrySet                                         : loaded 2 times (x 134B)
Class org.gradle.internal.classloader.SystemClassLoaderSpec                           : loaded 2 times (x 69B)
Class com.google.common.util.concurrent.internal.InternalFutureFailureAccess          : loaded 2 times (x 70B)
Class com.google.common.base.Charsets                                                 : loaded 2 times (x 69B)
Class com.google.common.primitives.Ints$IntConverter                                  : loaded 2 times (x 88B)
Class com.google.common.collect.SingletonImmutableSet                                 : loaded 2 times (x 144B)
Class com.google.common.reflect.Types$TypeVariableImpl                                : loaded 2 times (x 70B)
Class [Lcom.google.common.base.AbstractIterator$State;                                : loaded 2 times (x 67B)
Class com.google.common.collect.ImmutableMap$Builder                                  : loaded 2 times (x 80B)
Class com.google.common.base.AbstractIterator                                         : loaded 2 times (x 78B)
Class org.objectweb.asm.ClassWriter                                                   : loaded 2 times (x 102B)
Class com.google.common.base.AbstractIterator$1                                       : loaded 2 times (x 69B)
Class [Lcom.google.common.cache.CacheBuilder$OneWeigher;                              : loaded 2 times (x 67B)
Class com.google.common.collect.Iterators                                             : loaded 2 times (x 69B)
Class com.google.common.base.CharMatcher$1                                            : loaded 2 times (x 111B)
Class com.google.common.base.CharMatcher$Ascii                                        : loaded 2 times (x 110B)
Class com.google.common.cache.LocalCache$ComputingValueReference                      : loaded 2 times (x 94B)
Class com.google.common.collect.ImmutableList$SerializedForm                          : loaded 2 times (x 71B)
Class org.gradle.api.UncheckedIOException                                             : loaded 2 times (x 80B)
Class com.google.common.base.CharMatcher$And                                          : loaded 2 times (x 110B)
Class com.google.common.collect.IndexedImmutableSet                                   : loaded 2 times (x 148B)
Class com.google.common.base.ExtraObjectsMethodsForWeb                                : loaded 2 times (x 69B)
Class com.google.common.collect.IndexedImmutableSet$1                                 : loaded 2 times (x 172B)
Class com.google.common.collect.AbstractListMultimap                                  : loaded 2 times (x 170B)
Class com.google.common.base.CharMatcher$Any                                          : loaded 2 times (x 110B)
Class com.google.common.reflect.TypeCapture                                           : loaded 2 times (x 69B)
Class com.google.common.cache.LocalCache$Strength                                     : loaded 2 times (x 79B)
Class com.google.common.collect.AbstractMapBasedMultimap$KeySet                       : loaded 2 times (x 135B)
Class com.google.common.collect.ArrayListMultimapGwtSerializationDependencies         : loaded 2 times (x 170B)
Class com.google.common.base.CharMatcher$RangesMatcher                                : loaded 2 times (x 110B)
Class org.objectweb.asm.Handler                                                       : loaded 2 times (x 70B)
Class com.google.common.collect.ImmutableList$SubList                                 : loaded 2 times (x 168B)
Class com.google.common.cache.LocalCache$ValueReference                               : loaded 2 times (x 68B)
Class com.google.common.collect.CollectSpliterators                                   : loaded 2 times (x 69B)
Class org.gradle.internal.classloader.ClasspathUtil                                   : loaded 2 times (x 69B)
Class org.objectweb.asm.CurrentFrame                                                  : loaded 2 times (x 71B)
Class com.google.common.util.concurrent.AbstractFuture                                : loaded 2 times (x 93B)
Class com.google.common.reflect.TypeResolver                                          : loaded 2 times (x 70B)
Class com.google.common.base.Splitter$1                                               : loaded 2 times (x 75B)
Class com.google.common.base.Ticker$1                                                 : loaded 2 times (x 70B)
Class com.google.common.collect.Maps$BiMapConverter                                   : loaded 2 times (x 88B)
Class org.gradle.api.internal.DefaultClassPathRegistry                                : loaded 2 times (x 74B)
Class com.google.common.collect.AbstractIterator$State                                : loaded 2 times (x 77B)
Class [Lorg.objectweb.asm.Symbol;                                                     : loaded 2 times (x 67B)
Class com.google.common.util.concurrent.AbstractFuture$Cancellation                   : loaded 2 times (x 70B)
Class com.google.common.base.Predicates                                               : loaded 2 times (x 69B)
Class com.google.common.collect.ImmutableSet$SetBuilderImpl                           : loaded 2 times (x 74B)
Class org.gradle.api.internal.classpath.DefaultModuleRegistry$DefaultModule           : loaded 2 times (x 84B)
Class com.google.common.base.CharMatcher$JavaIsoControl                               : loaded 2 times (x 110B)
Class com.google.common.collect.ImmutableMap$1                                        : loaded 2 times (x 79B)
Class com.google.common.base.CharMatcher$Or                                           : loaded 2 times (x 110B)
Class com.google.common.base.Suppliers$SupplierOfInstance                             : loaded 2 times (x 77B)
Class org.objectweb.asm.RecordComponentVisitor                                        : loaded 2 times (x 75B)
Class com.google.common.reflect.Types$ClassOwnership$1                                : loaded 2 times (x 78B)
Class com.google.common.reflect.Invokable                                             : loaded 2 times (x 99B)
Class com.google.common.reflect.Types$ClassOwnership$2                                : loaded 2 times (x 78B)
Class com.google.common.reflect.Types$ClassOwnership$3                                : loaded 2 times (x 69B)
Class com.google.common.cache.LocalCache$HashIterator                                 : loaded 2 times (x 84B)
Class com.google.common.collect.Iterables                                             : loaded 2 times (x 69B)
Class com.google.common.base.CharMatcher$JavaLowerCase                                : loaded 2 times (x 109B)
Class com.google.common.cache.LocalCache$WriteThroughEntry                            : loaded 2 times (x 77B)
Class org.objectweb.asm.ClassTooLargeException                                        : loaded 2 times (x 81B)
Class org.gradle.api.internal.classpath.UnknownModuleException                        : loaded 2 times (x 80B)
Class com.google.common.collect.FluentIterable                                        : loaded 2 times (x 79B)
Class com.google.common.util.concurrent.AbstractFuture$Listener                       : loaded 2 times (x 70B)
Class com.google.common.collect.Iterables$5                                           : loaded 2 times (x 79B)
Class org.objectweb.asm.Edge                                                          : loaded 2 times (x 70B)
Class com.google.common.collect.Maps$EntryTransformer                                 : loaded 2 times (x 68B)
Class com.google.common.collect.ImmutableCollection$Builder                           : loaded 2 times (x 74B)
Class [Lorg.objectweb.asm.SymbolTable$Entry;                                          : loaded 2 times (x 67B)
Class com.google.common.reflect.Types$JavaVersion                                     : loaded 2 times (x 81B)
Class com.google.common.collect.SingletonImmutableBiMap                               : loaded 2 times (x 141B)
Class com.google.common.base.CommonPattern                                            : loaded 2 times (x 72B)
Class com.google.common.base.Suppliers$MemoizingSupplier                              : loaded 2 times (x 77B)
Class com.google.common.base.Suppliers                                                : loaded 2 times (x 69B)
Class com.bumptech.glide.annotation.compiler.GlideAnnotationProcessor                 : loaded 2 times (x 85B)
Class org.objectweb.asm.ClassVisitor                                                  : loaded 2 times (x 85B)
Class com.google.common.cache.LoadingCache                                            : loaded 2 times (x 68B)
Class org.gradle.internal.service.ServiceLookupException                              : loaded 2 times (x 80B)
Class org.gradle.cache.GlobalCache                                                    : loaded 2 times (x 68B)
Class com.google.common.base.Present                                                  : loaded 2 times (x 79B)
Class com.google.common.base.CharMatcher$NegatedFastMatcher                           : loaded 2 times (x 111B)
Class [Lorg.gradle.api.internal.ClassPathProvider;                                    : loaded 2 times (x 67B)
Class com.google.common.util.concurrent.AbstractFuture$SafeAtomicHelper               : loaded 2 times (x 77B)
Class org.gradle.util.internal.GUtil                                                  : loaded 2 times (x 69B)
Class com.google.common.math.IntMath                                                  : loaded 2 times (x 69B)
Class [Lcom.google.common.reflect.Types$JavaVersion;                                  : loaded 2 times (x 67B)
Class com.google.common.collect.AbstractIterator                                      : loaded 2 times (x 80B)
Class org.gradle.internal.classloader.ClassLoaderSpec                                 : loaded 2 times (x 69B)
Class com.google.common.base.NullnessCasts                                            : loaded 2 times (x 69B)
Class org.objectweb.asm.Frame                                                         : loaded 2 times (x 71B)
Class com.google.common.cache.LocalCache$LocalManualCache                             : loaded 2 times (x 97B)
Class com.google.common.collect.AbstractMapEntry                                      : loaded 2 times (x 79B)
Class com.google.common.collect.ImmutableList$Builder                                 : loaded 2 times (x 75B)
Class com.google.common.base.CharMatcher$Negated                                      : loaded 2 times (x 111B)
Class com.google.common.cache.CacheLoader$1                                           : loaded 2 times (x 73B)
Class com.google.common.util.concurrent.AbstractFuture$TrustedFuture                  : loaded 2 times (x 95B)
Class com.google.common.collect.Maps$ViewCachingAbstractMap                           : loaded 2 times (x 123B)
Class com.google.common.collect.Sets                                                  : loaded 2 times (x 69B)
Class com.google.common.collect.ImmutableSet$Builder                                  : loaded 2 times (x 83B)
Class com.google.common.collect.Sets$FilteredSet                                      : loaded 2 times (x 135B)
Class com.google.common.base.CharMatcher$ForPredicate                                 : loaded 2 times (x 110B)
Class com.google.common.collect.ImmutableMap$MapViewOfValuesAsSingletonSets           : loaded 2 times (x 123B)
Class com.google.common.base.MoreObjects                                              : loaded 2 times (x 69B)
Class com.google.common.collect.SortedMapDifference                                   : loaded 2 times (x 68B)
Class org.objectweb.asm.SymbolTable                                                   : loaded 2 times (x 70B)
Class [Lorg.objectweb.asm.AnnotationVisitor;                                          : loaded 2 times (x 67B)
Class com.google.common.cache.CacheStats                                              : loaded 2 times (x 69B)
Class org.objectweb.asm.Attribute                                                     : loaded 2 times (x 75B)
Class org.gradle.internal.classloader.VisitableURLClassLoader                         : loaded 2 times (x 114B)
Class com.google.common.cache.LocalCache$LocalLoadingCache                            : loaded 2 times (x 132B)
Class com.google.common.base.Supplier                                                 : loaded 2 times (x 68B)
Class com.google.common.collect.HashBiMap$BiEntry                                     : loaded 2 times (x 81B)
Class com.google.common.base.Objects                                                  : loaded 2 times (x 69B)
Class com.google.common.util.concurrent.AbstractFuture$AtomicHelper                   : loaded 2 times (x 76B)
Class com.google.common.collect.ImmutableBiMap                                        : loaded 2 times (x 141B)
Class org.gradle.internal.Cast                                                        : loaded 2 times (x 69B)
Class com.google.common.hash.PrimitiveSink                                            : loaded 2 times (x 68B)
Class Build_gradle                                                                    : loaded 2 times (x 128B)
Class org.gradle.api.internal.ClassPathRegistry                                       : loaded 2 times (x 68B)
Class com.google.common.cache.LocalCache$EntryFactory                                 : loaded 2 times (x 81B)
Class com.google.common.util.concurrent.UncheckedExecutionException                   : loaded 2 times (x 80B)
Class com.google.common.collect.ImmutableSet                                          : loaded 2 times (x 143B)
Class org.gradle.internal.classloader.VisitableURLClassLoader$InstrumentingVisitableURLClassLoader: loaded 2 times (x 120B)
Class org.gradle.internal.classloader.ClassLoaderHierarchy                            : loaded 2 times (x 68B)
Class com.google.common.collect.Lists$ReverseList                                     : loaded 2 times (x 160B)
Class com.google.common.io.Closer$Suppressor                                          : loaded 2 times (x 68B)
Class [Lorg.objectweb.asm.Type;                                                       : loaded 2 times (x 67B)
Class com.google.common.collect.Lists$ReverseList$1                                   : loaded 2 times (x 97B)
Class com.google.common.base.AbstractIterator$State                                   : loaded 2 times (x 77B)
Class com.google.common.cache.Weigher                                                 : loaded 2 times (x 68B)
Class com.google.common.base.CharMatcher$NamedFastMatcher                             : loaded 2 times (x 110B)
Class org.gradle.internal.InternalTransformer                                         : loaded 2 times (x 68B)
Class org.gradle.internal.service.ServiceLocator                                      : loaded 2 times (x 68B)
Class Settings_gradle$1                                                               : loaded 2 times (x 72B)
Class com.google.common.util.concurrent.SettableFuture                                : loaded 2 times (x 95B)
Class com.google.common.collect.ImmutableMapEntry                                     : loaded 2 times (x 83B)
Class com.google.common.reflect.Types$ParameterizedTypeImpl                           : loaded 2 times (x 79B)
Class com.google.common.collect.Maps$EntryFunction                                    : loaded 2 times (x 89B)
Class com.google.common.base.CharMatcher$Invisible                                    : loaded 2 times (x 110B)
Class com.google.common.base.Joiner$1                                                 : loaded 2 times (x 78B)
Class com.google.common.base.Joiner$2                                                 : loaded 2 times (x 77B)
Class com.google.common.collect.HashBiMap                                             : loaded 2 times (x 141B)
Class com.google.common.reflect.Types$JavaVersion$1                                   : loaded 2 times (x 81B)
Class com.google.common.base.CharMatcher$FastMatcher                                  : loaded 2 times (x 109B)
Class com.google.common.reflect.Types$JavaVersion$2                                   : loaded 2 times (x 81B)
Class com.google.common.reflect.Types$JavaVersion$3                                   : loaded 2 times (x 81B)
Class org.gradle.internal.classpath.DefaultClassPath$ImmutableUniqueList              : loaded 2 times (x 159B)
Class com.google.common.reflect.Types$JavaVersion$4                                   : loaded 2 times (x 81B)
Class com.google.common.reflect.Types$JavaVersion$5                                   : loaded 2 times (x 69B)
Class com.google.common.base.CharMatcher$JavaLetter                                   : loaded 2 times (x 109B)
Class org.gradle.internal.classpath.TransformedClassPath                              : loaded 2 times (x 94B)
Class com.google.common.collect.MapDifference                                         : loaded 2 times (x 68B)
Class com.google.common.reflect.TypeToken$SimpleTypeToken                             : loaded 2 times (x 71B)
Class com.google.common.collect.Sets$1                                                : loaded 2 times (x 137B)
Class com.google.common.collect.Sets$2                                                : loaded 2 times (x 137B)
Class com.google.common.util.concurrent.AbstractFuture$Trusted                        : loaded 2 times (x 68B)
Class com.google.common.collect.Sets$3                                                : loaded 2 times (x 137B)
Class com.google.common.collect.Sets$4                                                : loaded 2 times (x 137B)
Class com.google.common.reflect.Types$NativeTypeVariableEquals                        : loaded 2 times (x 69B)
Class Settings_gradle                                                                 : loaded 2 times (x 126B)
Class org.objectweb.asm.MethodWriter                                                  : loaded 2 times (x 103B)
Class com.google.common.collect.Platform                                              : loaded 2 times (x 69B)
Class com.google.common.collect.ImmutableAsList                                       : loaded 2 times (x 169B)
Class com.google.common.util.concurrent.ExecutionError                                : loaded 2 times (x 80B)
Class com.google.common.base.Equivalence$Identity                                     : loaded 2 times (x 80B)
Class com.google.common.base.CharMatcher$AnyOf                                        : loaded 2 times (x 110B)
Class com.google.common.base.CharMatcher$IsEither                                     : loaded 2 times (x 109B)
Class com.google.common.collect.AbstractIterator$1                                    : loaded 2 times (x 69B)
Class com.google.common.cache.LocalCache                                              : loaded 2 times (x 185B)
Class com.google.common.collect.RegularImmutableList                                  : loaded 2 times (x 172B)
Class com.google.common.util.concurrent.AbstractFuture$UnsafeAtomicHelper$1           : loaded 2 times (x 74B)
Class com.google.common.base.CharMatcher$JavaUpperCase                                : loaded 2 times (x 109B)
Class com.google.common.collect.Multiset                                              : loaded 2 times (x 68B)
Class com.google.common.collect.ImmutableSet$CachingAsList                            : loaded 2 times (x 145B)
Class com.google.common.reflect.Invokable$ConstructorInvokable                        : loaded 2 times (x 103B)
Class org.objectweb.asm.MethodVisitor                                                 : loaded 2 times (x 102B)
Class com.google.common.collect.AbstractMapBasedMultimap$KeySet$1                     : loaded 2 times (x 80B)
Class com.google.common.collect.ImmutableMapEntry$NonTerminalImmutableMapEntry        : loaded 2 times (x 83B)
Class com.google.common.collect.AbstractMapBasedMultimap                              : loaded 2 times (x 137B)


---------------  S Y S T E M  ---------------

OS:
 Windows 11 , 64 bit Build 22621 (10.0.22621.3235)
OS uptime: 0 days 0:25 hours

CPU: total 8 (initial active 8) (4 cores per cpu, 2 threads per core) family 6 model 140 stepping 1 microcode 0xb4, cx8, cmov, fxsr, ht, mmx, 3dnowpref, sse, sse2, sse3, ssse3, sse4.1, sse4.2, popcnt, lzcnt, tsc, tscinvbit, avx, avx2, aes, erms, clmul, bmi1, bmi2, adx, avx512f, avx512dq, avx512cd, avx512bw, avx512vl, sha, fma, vzeroupper, avx512_vpopcntdq, avx512_vpclmulqdq, avx512_vaes, avx512_vnni, clflush, clflushopt, clwb, avx512_vbmi2, avx512_vbmi

Memory: 4k page, system-wide physical 16106M (2534M free)
TotalPageFile size 19106M (AvailPageFile size 51M)
current process WorkingSet (physical memory assigned to process): 690M, peak: 711M
current process commit charge ("private bytes"): 721M, peak: 783M

vm_info: OpenJDK 64-Bit Server VM (17.0.7+0-b2043.56-10550314) for windows-amd64 JRE (17.0.7+0-b2043.56-10550314), built on Jul 24 2023 18:27:45 by "androidbuild" with MS VC++ 16.10 / 16.11 (VS2019)

END.
