#
# There is insufficient memory for the Java Runtime Environment to continue.
# Native memory allocation (mmap) failed to map 540016640 bytes for G1 virtual space
# Possible reasons:
#   The system is out of physical RAM or swap space
#   The process is running with CompressedOops enabled, and the Java Heap may be blocking the growth of the native heap
# Possible solutions:
#   Reduce memory load on the system
#   Increase physical memory or swap space
#   Check if swap backing store is full
#   Decrease Java heap size (-Xmx/-Xms)
#   Decrease number of Java threads
#   Decrease Java thread stack sizes (-Xss)
#   Set larger code cache with -XX:ReservedCodeCacheSize=
#   JVM is running with Unscaled Compressed Oops mode in which the Java heap is
#     placed in the first 4GB address space. The Java Heap base address is the
#     maximum limit for the native heap growth. Please use -XX:HeapBaseMinAddress
#     to set the Java Heap base and to place the Java Heap above 4GB virtual address.
# This output file may be truncated or incomplete.
#
#  Out of Memory Error (os_windows.cpp:3771), pid=11664, tid=7412
#
# JRE version: OpenJDK Runtime Environment (17.0.7) (build 17.0.7+0-b2043.56-10550314)
# Java VM: OpenJDK 64-Bit Server VM (17.0.7+0-b2043.56-10550314, mixed mode, tiered, compressed oops, compressed class ptrs, g1 gc, windows-amd64)
# No core dump will be written. Minidumps are not enabled by default on client versions of Windows
#

---------------  S U M M A R Y ------------

Command Line: --add-opens=java.base/java.util=ALL-UNNAMED --add-opens=java.base/java.lang=ALL-UNNAMED --add-opens=java.base/java.lang.invoke=ALL-UNNAMED --add-opens=java.prefs/java.util.prefs=ALL-UNNAMED --add-opens=java.base/java.nio.charset=ALL-UNNAMED --add-opens=java.base/java.net=ALL-UNNAMED --add-opens=java.base/java.util.concurrent.atomic=ALL-UNNAMED -Xmx2048m -Dfile.encoding=UTF-8 -Duser.country=US -Duser.language=en -Duser.variant -javaagent:C:\Users\minhm\.gradle\wrapper\dists\gradle-8.2-bin\bbg7u40eoinfdyxsxr3z4i7ta\gradle-8.2\lib\agents\gradle-instrumentation-agent-8.2.jar org.gradle.launcher.daemon.bootstrap.GradleDaemon 8.2

Host: 11th Gen Intel(R) Core(TM) i5-1135G7 @ 2.40GHz, 8 cores, 15G,  Windows 11 , 64 bit Build 22621 (10.0.22621.3235)
Time: Sun Apr  7 15:33:58 2024 SE Asia Standard Time elapsed time: 724.933978 seconds (0d 0h 12m 4s)

---------------  T H R E A D  ---------------

Current thread (0x0000020dfea91210):  VMThread "VM Thread" [stack: 0x0000009bf0900000,0x0000009bf0a00000] [id=7412]

Stack: [0x0000009bf0900000,0x0000009bf0a00000]
Native frames: (J=compiled Java code, j=interpreted, Vv=VM code, C=native code)
V  [jvm.dll+0x683bfa]
V  [jvm.dll+0x8430a4]
V  [jvm.dll+0x8449be]
V  [jvm.dll+0x845023]
V  [jvm.dll+0x24ad2f]
V  [jvm.dll+0x680ac9]
V  [jvm.dll+0x67519a]
V  [jvm.dll+0x30b3cb]
V  [jvm.dll+0x312876]
V  [jvm.dll+0x36221e]
V  [jvm.dll+0x36244f]
V  [jvm.dll+0x2e14a8]
V  [jvm.dll+0x2df684]
V  [jvm.dll+0x2dec8c]
V  [jvm.dll+0x323b51]
V  [jvm.dll+0x8496eb]
V  [jvm.dll+0x84a424]
V  [jvm.dll+0x84a93d]
V  [jvm.dll+0x84ad14]
V  [jvm.dll+0x84ade0]
V  [jvm.dll+0x7f2aea]
V  [jvm.dll+0x682a35]
C  [ucrtbase.dll+0x29363]
C  [KERNEL32.DLL+0x1257d]
C  [ntdll.dll+0x5aa58]

VM_Operation (0x0000009bf80fe7a0): G1TryInitiateConcMark, mode: safepoint, requested by thread 0x0000020d88ce2020


---------------  P R O C E S S  ---------------

Threads class SMR info:
_java_thread_list=0x0000020d8f2fc8e0, length=117, elements={
0x0000020de4c386b0, 0x0000020dfea91830, 0x0000020dfec1c420, 0x0000020dfec632a0,
0x0000020dfec63d60, 0x0000020dfec66b30, 0x0000020dfec69400, 0x0000020dfec6a0a0,
0x0000020dfec75f60, 0x0000020dfec7f030, 0x0000020dfed74f00, 0x0000020dfeeded40,
0x0000020d851ed100, 0x0000020d845bd8b0, 0x0000020d8472a700, 0x0000020d851c2870,
0x0000020d851c4080, 0x0000020d851c1530, 0x0000020d851c23a0, 0x0000020d851c2d40,
0x0000020d87468f90, 0x0000020d87464290, 0x0000020d8746a2d0, 0x0000020d87469e00,
0x0000020d87469460, 0x0000020d8746a7a0, 0x0000020d87466910, 0x0000020d87468120,
0x0000020d87466de0, 0x0000020d87467c50, 0x0000020d87465100, 0x0000020d853dbe20,
0x0000020d853db950, 0x0000020d88ce29c0, 0x0000020d8a87d330, 0x0000020d8f6c8a80,
0x0000020d853d62b0, 0x0000020d853d92d0, 0x0000020d853d6780, 0x0000020d853da610,
0x0000020d853db480, 0x0000020d853d6c50, 0x0000020d8ac46220, 0x0000020d8ac49ee0,
0x0000020d853dc7c0, 0x0000020d8f46e460, 0x0000020d8f46e930, 0x0000020d8f46cc50,
0x0000020d8fe28e10, 0x0000020d8fe28940, 0x0000020d8fe297b0, 0x0000020d8fe29c80,
0x0000020d8fe2a150, 0x0000020d8f310b10, 0x0000020d8f310fe0, 0x0000020d8f310640,
0x0000020d8f3114b0, 0x0000020d8f311980, 0x0000020d8f310170, 0x0000020d87360530,
0x0000020d8f46d5f0, 0x0000020d853d97a0, 0x0000020d853dafb0, 0x0000020d853d7120,
0x0000020d853d9c70, 0x0000020d853da140, 0x0000020d87363080, 0x0000020d87362210,
0x0000020d87363550, 0x0000020d8f46fc70, 0x0000020d8f46c780, 0x0000020d8f46c2b0,
0x0000020d8f46dac0, 0x0000020d88456ef0, 0x0000020d884573c0, 0x0000020d88455bb0,
0x0000020d88456080, 0x0000020d88456a20, 0x0000020d8a0dd490, 0x0000020d8a0da940,
0x0000020d8a0dde30, 0x0000020d8a0dc620, 0x0000020d8a0da470, 0x0000020d8a0dae10,
0x0000020d853daae0, 0x0000020d853dc2f0, 0x0000020d8fb58e50, 0x0000020d8fb57fe0,
0x0000020d8fb59cc0, 0x0000020d8fb5a190, 0x0000020d8fb57170, 0x0000020d8fb5db50,
0x0000020d8fb5be70, 0x0000020d8fb5c340, 0x0000020d8fb5d680, 0x0000020d8fb59320,
0x0000020d8fb597f0, 0x0000020d8f6c68d0, 0x0000020d8f6c7270, 0x0000020d88ad41a0,
0x0000020d89f863b0, 0x0000020d8fb5ab30, 0x0000020d8fb5c810, 0x0000020d8fb57b10,
0x0000020d8fb56300, 0x0000020d8fb58980, 0x0000020d8fb567d0, 0x0000020d8fb5b4d0,
0x0000020d8fb5cce0, 0x0000020d8fb56ca0, 0x0000020d8fb57640, 0x0000020d851c4a20,
0x0000020d88cdf000, 0x0000020d88ce2020, 0x0000020d89f86880, 0x0000020d89f85070,
0x0000020d851c1ed0
}

Java Threads: ( => current thread )
  0x0000020de4c386b0 JavaThread "main" [_thread_blocked, id=9576, stack(0x0000009bf0300000,0x0000009bf0400000)]
  0x0000020dfea91830 JavaThread "Reference Handler" daemon [_thread_blocked, id=6444, stack(0x0000009bf0a00000,0x0000009bf0b00000)]
  0x0000020dfec1c420 JavaThread "Finalizer" daemon [_thread_blocked, id=10804, stack(0x0000009bf0b00000,0x0000009bf0c00000)]
  0x0000020dfec632a0 JavaThread "Signal Dispatcher" daemon [_thread_blocked, id=16468, stack(0x0000009bf0c00000,0x0000009bf0d00000)]
  0x0000020dfec63d60 JavaThread "Attach Listener" daemon [_thread_blocked, id=16560, stack(0x0000009bf0d00000,0x0000009bf0e00000)]
  0x0000020dfec66b30 JavaThread "Service Thread" daemon [_thread_blocked, id=6680, stack(0x0000009bf0e00000,0x0000009bf0f00000)]
  0x0000020dfec69400 JavaThread "Monitor Deflation Thread" daemon [_thread_blocked, id=7584, stack(0x0000009bf0f00000,0x0000009bf1000000)]
  0x0000020dfec6a0a0 JavaThread "C2 CompilerThread0" daemon [_thread_blocked, id=10808, stack(0x0000009bf1000000,0x0000009bf1100000)]
  0x0000020dfec75f60 JavaThread "C1 CompilerThread0" daemon [_thread_blocked, id=11048, stack(0x0000009bf1100000,0x0000009bf1200000)]
  0x0000020dfec7f030 JavaThread "Sweeper thread" daemon [_thread_blocked, id=10620, stack(0x0000009bf1200000,0x0000009bf1300000)]
  0x0000020dfed74f00 JavaThread "Common-Cleaner" daemon [_thread_blocked, id=4404, stack(0x0000009bf1300000,0x0000009bf1400000)]
  0x0000020dfeeded40 JavaThread "Notification Thread" daemon [_thread_blocked, id=10216, stack(0x0000009bf1400000,0x0000009bf1500000)]
  0x0000020d851ed100 JavaThread "Daemon health stats" [_thread_blocked, id=15568, stack(0x0000009bf1d00000,0x0000009bf1e00000)]
  0x0000020d845bd8b0 JavaThread "Incoming local TCP Connector on port 50165" [_thread_in_native, id=12588, stack(0x0000009bf1e00000,0x0000009bf1f00000)]
  0x0000020d8472a700 JavaThread "Daemon periodic checks" [_thread_blocked, id=12300, stack(0x0000009bf1f00000,0x0000009bf2000000)]
  0x0000020d851c2870 JavaThread "Cache worker for journal cache (C:\Users\minhm\.gradle\caches\journal-1)" [_thread_blocked, id=6232, stack(0x0000009bf2a00000,0x0000009bf2b00000)]
  0x0000020d851c4080 JavaThread "File lock request listener" [_thread_in_native, id=2524, stack(0x0000009bf2b00000,0x0000009bf2c00000)]
  0x0000020d851c1530 JavaThread "Cache worker for file hash cache (C:\Users\minhm\.gradle\caches\8.2\fileHashes)" [_thread_blocked, id=17116, stack(0x0000009bf2c00000,0x0000009bf2d00000)]
  0x0000020d851c23a0 JavaThread "File watcher server" daemon [_thread_blocked, id=3284, stack(0x0000009bf1600000,0x0000009bf1700000)]
  0x0000020d851c2d40 JavaThread "File watcher consumer" daemon [_thread_blocked, id=18084, stack(0x0000009bf1c00000,0x0000009bf1d00000)]
  0x0000020d87468f90 JavaThread "Cache worker for file content cache (C:\Users\minhm\.gradle\caches\8.2\fileContent)" [_thread_blocked, id=11992, stack(0x0000009bf2f00000,0x0000009bf3000000)]
  0x0000020d87464290 JavaThread "Cache worker for execution history cache (C:\Users\minhm\.gradle\caches\8.2\executionHistory)" [_thread_blocked, id=19152, stack(0x0000009bf3200000,0x0000009bf3300000)]
  0x0000020d8746a2d0 JavaThread "jar transforms" [_thread_blocked, id=15232, stack(0x0000009bf3600000,0x0000009bf3700000)]
  0x0000020d87469e00 JavaThread "jar transforms Thread 2" [_thread_blocked, id=13336, stack(0x0000009bf3700000,0x0000009bf3800000)]
  0x0000020d87469460 JavaThread "Cache worker for kotlin-dsl (C:\Users\minhm\.gradle\caches\8.2\kotlin-dsl)" [_thread_blocked, id=13512, stack(0x0000009bf3800000,0x0000009bf3900000)]
  0x0000020d8746a7a0 JavaThread "jar transforms Thread 3" [_thread_blocked, id=8012, stack(0x0000009bf3900000,0x0000009bf3a00000)]
  0x0000020d87466910 JavaThread "jar transforms Thread 4" [_thread_blocked, id=13644, stack(0x0000009bf3a00000,0x0000009bf3b00000)]
  0x0000020d87468120 JavaThread "jar transforms Thread 5" [_thread_blocked, id=17752, stack(0x0000009bf3400000,0x0000009bf3500000)]
  0x0000020d87466de0 JavaThread "jar transforms Thread 6" [_thread_blocked, id=3884, stack(0x0000009bf3b00000,0x0000009bf3c00000)]
  0x0000020d87467c50 JavaThread "jar transforms Thread 7" [_thread_blocked, id=15632, stack(0x0000009bf3e00000,0x0000009bf3f00000)]
  0x0000020d87465100 JavaThread "jar transforms Thread 8" [_thread_blocked, id=8988, stack(0x0000009bf3f00000,0x0000009bf4000000)]
  0x0000020d853dbe20 JavaThread "Memory manager" [_thread_blocked, id=11648, stack(0x0000009bf4900000,0x0000009bf4a00000)]
  0x0000020d853db950 JavaThread "pool-3-thread-1" [_thread_blocked, id=12440, stack(0x0000009bf4a00000,0x0000009bf4b00000)]
  0x0000020d88ce29c0 JavaThread "Cache worker for Java compile cache (C:\Users\minhm\.gradle\caches\8.2\javaCompile)" [_thread_blocked, id=12432, stack(0x0000009bf9e00000,0x0000009bf9f00000)]
  0x0000020d8a87d330 JavaThread "pool-7-thread-1" [_thread_blocked, id=6540, stack(0x0000009bf4600000,0x0000009bf4700000)]
  0x0000020d8f6c8a80 JavaThread "Daemon Thread 3" [_thread_blocked, id=10612, stack(0x0000009bf0000000,0x0000009bf0100000)]
  0x0000020d853d62b0 JavaThread "Handler for socket connection from /127.0.0.1:50165 to /127.0.0.1:50454" [_thread_in_native, id=3932, stack(0x0000009bf0100000,0x0000009bf0200000)]
  0x0000020d853d92d0 JavaThread "Cancel handler" [_thread_blocked, id=11816, stack(0x0000009bf0200000,0x0000009bf0300000)]
  0x0000020d853d6780 JavaThread "Daemon worker Thread 3" [_thread_blocked, id=12304, stack(0x0000009bf2000000,0x0000009bf2100000)]
  0x0000020d853da610 JavaThread "Asynchronous log dispatcher for DefaultDaemonConnection: socket connection from /127.0.0.1:50165 to /127.0.0.1:50454" [_thread_blocked, id=8544, stack(0x0000009bf2100000,0x0000009bf2200000)]
  0x0000020d853db480 JavaThread "Stdin handler" [_thread_blocked, id=8260, stack(0x0000009bf2200000,0x0000009bf2300000)]
  0x0000020d853d6c50 JavaThread "Daemon client event forwarder" [_thread_blocked, id=13232, stack(0x0000009bf2300000,0x0000009bf2400000)]
  0x0000020d8ac46220 JavaThread "C2 CompilerThread1" daemon [_thread_in_native, id=10160, stack(0x0000009bf2400000,0x0000009bf2500000)]
  0x0000020d8ac49ee0 JavaThread "C2 CompilerThread2" daemon [_thread_blocked, id=9988, stack(0x0000009bf2500000,0x0000009bf2600000)]
  0x0000020d853dc7c0 JavaThread "Cache worker for checksums cache (D:\study\Android\appBaoHanh\.gradle\8.2\checksums)" [_thread_blocked, id=8920, stack(0x0000009bf2600000,0x0000009bf2700000)]
  0x0000020d8f46e460 JavaThread "Cache worker for cache directory md-rule (C:\Users\minhm\.gradle\caches\8.2\md-rule)" [_thread_blocked, id=3132, stack(0x0000009bf2d00000,0x0000009bf2e00000)]
  0x0000020d8f46e930 JavaThread "Cache worker for file hash cache (D:\study\Android\appBaoHanh\.gradle\8.2\fileHashes)" [_thread_blocked, id=4508, stack(0x0000009bf2e00000,0x0000009bf2f00000)]
  0x0000020d8f46cc50 JavaThread "Cache worker for cache directory md-supplier (C:\Users\minhm\.gradle\caches\8.2\md-supplier)" [_thread_blocked, id=6472, stack(0x0000009bf3000000,0x0000009bf3100000)]
  0x0000020d8fe28e10 JavaThread "Cache worker for dependencies-accessors (D:\study\Android\appBaoHanh\.gradle\8.2\dependencies-accessors)" [_thread_blocked, id=6464, stack(0x0000009bf3100000,0x0000009bf3200000)]
  0x0000020d8fe28940 JavaThread "Cache worker for Build Output Cleanup Cache (D:\study\Android\appBaoHanh\.gradle\buildOutputCleanup)" [_thread_blocked, id=11300, stack(0x0000009bf3300000,0x0000009bf3400000)]
  0x0000020d8fe297b0 JavaThread "Unconstrained build operations" [_thread_blocked, id=4164, stack(0x0000009bf3c00000,0x0000009bf3d00000)]
  0x0000020d8fe29c80 JavaThread "Unconstrained build operations Thread 2" [_thread_blocked, id=1960, stack(0x0000009bf3d00000,0x0000009bf3e00000)]
  0x0000020d8fe2a150 JavaThread "Unconstrained build operations Thread 3" [_thread_blocked, id=4840, stack(0x0000009bf4000000,0x0000009bf4100000)]
  0x0000020d8f310b10 JavaThread "Unconstrained build operations Thread 4" [_thread_blocked, id=15696, stack(0x0000009bf4100000,0x0000009bf4200000)]
  0x0000020d8f310fe0 JavaThread "Unconstrained build operations Thread 5" [_thread_blocked, id=5984, stack(0x0000009bf4200000,0x0000009bf4300000)]
  0x0000020d8f310640 JavaThread "Unconstrained build operations Thread 6" [_thread_blocked, id=10592, stack(0x0000009bf4300000,0x0000009bf4400000)]
  0x0000020d8f3114b0 JavaThread "Unconstrained build operations Thread 7" [_thread_blocked, id=6448, stack(0x0000009bf4400000,0x0000009bf4500000)]
  0x0000020d8f311980 JavaThread "build event listener" [_thread_blocked, id=13992, stack(0x0000009bf4500000,0x0000009bf4600000)]
  0x0000020d8f310170 JavaThread "pool-10-thread-1" [_thread_blocked, id=5080, stack(0x0000009bf4700000,0x0000009bf4800000)]
  0x0000020d87360530 JavaThread "build event listener" [_thread_blocked, id=15680, stack(0x0000009bf4800000,0x0000009bf4900000)]
  0x0000020d8f46d5f0 JavaThread "included builds" [_thread_blocked, id=5364, stack(0x0000009bf4b00000,0x0000009bf4c00000)]
  0x0000020d853d97a0 JavaThread "Execution worker" [_thread_blocked, id=16464, stack(0x0000009bf4c00000,0x0000009bf4d00000)]
  0x0000020d853dafb0 JavaThread "Execution worker Thread 2" [_thread_blocked, id=11784, stack(0x0000009bf4d00000,0x0000009bf4e00000)]
  0x0000020d853d7120 JavaThread "Execution worker Thread 3" [_thread_blocked, id=5184, stack(0x0000009bf4e00000,0x0000009bf4f00000)]
  0x0000020d853d9c70 JavaThread "Execution worker Thread 4" [_thread_blocked, id=7564, stack(0x0000009bf4f00000,0x0000009bf5000000)]
  0x0000020d853da140 JavaThread "Execution worker Thread 5" [_thread_blocked, id=9232, stack(0x0000009bf5000000,0x0000009bf5100000)]
  0x0000020d87363080 JavaThread "Execution worker Thread 6" [_thread_blocked, id=11192, stack(0x0000009bf5100000,0x0000009bf5200000)]
  0x0000020d87362210 JavaThread "Execution worker Thread 7" [_thread_blocked, id=7492, stack(0x0000009bf5200000,0x0000009bf5300000)]
  0x0000020d87363550 JavaThread "Cache worker for execution history cache (D:\study\Android\appBaoHanh\.gradle\8.2\executionHistory)" [_thread_blocked, id=1364, stack(0x0000009bf5300000,0x0000009bf5400000)]
  0x0000020d8f46fc70 JavaThread "Unconstrained build operations Thread 8" [_thread_blocked, id=8100, stack(0x0000009bf5400000,0x0000009bf5500000)]
  0x0000020d8f46c780 JavaThread "Unconstrained build operations Thread 9" [_thread_blocked, id=12892, stack(0x0000009bf5500000,0x0000009bf5600000)]
  0x0000020d8f46c2b0 JavaThread "Unconstrained build operations Thread 10" [_thread_blocked, id=10860, stack(0x0000009bf5600000,0x0000009bf5700000)]
  0x0000020d8f46dac0 JavaThread "Unconstrained build operations Thread 11" [_thread_blocked, id=12544, stack(0x0000009bf5700000,0x0000009bf5800000)]
  0x0000020d88456ef0 JavaThread "Unconstrained build operations Thread 12" [_thread_blocked, id=2440, stack(0x0000009bf5800000,0x0000009bf5900000)]
  0x0000020d884573c0 JavaThread "Unconstrained build operations Thread 13" [_thread_blocked, id=8860, stack(0x0000009bf5900000,0x0000009bf5a00000)]
  0x0000020d88455bb0 JavaThread "Unconstrained build operations Thread 14" [_thread_blocked, id=6916, stack(0x0000009bf5a00000,0x0000009bf5b00000)]
  0x0000020d88456080 JavaThread "Unconstrained build operations Thread 15" [_thread_blocked, id=13928, stack(0x0000009bf5b00000,0x0000009bf5c00000)]
  0x0000020d88456a20 JavaThread "Unconstrained build operations Thread 16" [_thread_blocked, id=18764, stack(0x0000009bf5c00000,0x0000009bf5d00000)]
  0x0000020d8a0dd490 JavaThread "Unconstrained build operations Thread 17" [_thread_blocked, id=16936, stack(0x0000009bf5d00000,0x0000009bf5e00000)]
  0x0000020d8a0da940 JavaThread "Unconstrained build operations Thread 18" [_thread_blocked, id=5540, stack(0x0000009bf5e00000,0x0000009bf5f00000)]
  0x0000020d8a0dde30 JavaThread "Unconstrained build operations Thread 19" [_thread_blocked, id=7888, stack(0x0000009bf5f00000,0x0000009bf6000000)]
  0x0000020d8a0dc620 JavaThread "Unconstrained build operations Thread 20" [_thread_blocked, id=11552, stack(0x0000009bf6000000,0x0000009bf6100000)]
  0x0000020d8a0da470 JavaThread "Unconstrained build operations Thread 21" [_thread_blocked, id=1076, stack(0x0000009bf6100000,0x0000009bf6200000)]
  0x0000020d8a0dae10 JavaThread "Unconstrained build operations Thread 22" [_thread_blocked, id=9696, stack(0x0000009bf6200000,0x0000009bf6300000)]
  0x0000020d853daae0 JavaThread "Unconstrained build operations Thread 23" [_thread_blocked, id=17492, stack(0x0000009bf6300000,0x0000009bf6400000)]
  0x0000020d853dc2f0 JavaThread "Unconstrained build operations Thread 24" [_thread_blocked, id=13628, stack(0x0000009bf6400000,0x0000009bf6500000)]
  0x0000020d8fb58e50 JavaThread "Unconstrained build operations Thread 25" [_thread_blocked, id=13240, stack(0x0000009bf6500000,0x0000009bf6600000)]
  0x0000020d8fb57fe0 JavaThread "Unconstrained build operations Thread 26" [_thread_blocked, id=15604, stack(0x0000009bf6600000,0x0000009bf6700000)]
  0x0000020d8fb59cc0 JavaThread "Unconstrained build operations Thread 27" [_thread_blocked, id=2692, stack(0x0000009bf6700000,0x0000009bf6800000)]
  0x0000020d8fb5a190 JavaThread "Unconstrained build operations Thread 28" [_thread_blocked, id=620, stack(0x0000009bf6800000,0x0000009bf6900000)]
  0x0000020d8fb57170 JavaThread "Unconstrained build operations Thread 29" [_thread_blocked, id=16444, stack(0x0000009bf6900000,0x0000009bf6a00000)]
  0x0000020d8fb5db50 JavaThread "Unconstrained build operations Thread 30" [_thread_blocked, id=8768, stack(0x0000009bf6a00000,0x0000009bf6b00000)]
  0x0000020d8fb5be70 JavaThread "Build operations" [_thread_blocked, id=7756, stack(0x0000009bf6b00000,0x0000009bf6c00000)]
  0x0000020d8fb5c340 JavaThread "Build operations Thread 2" [_thread_blocked, id=10740, stack(0x0000009bf6c00000,0x0000009bf6d00000)]
  0x0000020d8fb5d680 JavaThread "Build operations Thread 3" [_thread_blocked, id=7240, stack(0x0000009bf6d00000,0x0000009bf6e00000)]
  0x0000020d8fb59320 JavaThread "Build operations Thread 4" [_thread_blocked, id=6352, stack(0x0000009bf6e00000,0x0000009bf6f00000)]
  0x0000020d8fb597f0 JavaThread "Build operations Thread 5" [_thread_blocked, id=11096, stack(0x0000009bf6f00000,0x0000009bf7000000)]
  0x0000020d8f6c68d0 JavaThread "Build operations Thread 6" [_thread_blocked, id=10236, stack(0x0000009bf7000000,0x0000009bf7100000)]
  0x0000020d8f6c7270 JavaThread "Build operations Thread 7" [_thread_blocked, id=10188, stack(0x0000009bf7100000,0x0000009bf7200000)]
  0x0000020d88ad41a0 JavaThread "Unconstrained build operations Thread 31" [_thread_blocked, id=5488, stack(0x0000009bf7200000,0x0000009bf7300000)]
  0x0000020d89f863b0 JavaThread "Unconstrained build operations Thread 32" [_thread_blocked, id=13648, stack(0x0000009bf7300000,0x0000009bf7400000)]
  0x0000020d8fb5ab30 JavaThread "WorkerExecutor Queue" [_thread_blocked, id=10400, stack(0x0000009bf7400000,0x0000009bf7500000)]
  0x0000020d8fb5c810 JavaThread "WorkerExecutor Queue Thread 2" [_thread_blocked, id=2568, stack(0x0000009bf7500000,0x0000009bf7600000)]
  0x0000020d8fb57b10 JavaThread "WorkerExecutor Queue Thread 3" [_thread_blocked, id=7124, stack(0x0000009bf7600000,0x0000009bf7700000)]
  0x0000020d8fb56300 JavaThread "WorkerExecutor Queue Thread 4" [_thread_blocked, id=14400, stack(0x0000009bf7700000,0x0000009bf7800000)]
  0x0000020d8fb58980 JavaThread "WorkerExecutor Queue Thread 5" [_thread_blocked, id=16504, stack(0x0000009bf7800000,0x0000009bf7900000)]
  0x0000020d8fb567d0 JavaThread "WorkerExecutor Queue Thread 6" [_thread_blocked, id=9604, stack(0x0000009bf7900000,0x0000009bf7a00000)]
  0x0000020d8fb5b4d0 JavaThread "WorkerExecutor Queue Thread 7" [_thread_blocked, id=8152, stack(0x0000009bf7a00000,0x0000009bf7b00000)]
  0x0000020d8fb5cce0 JavaThread "WorkerExecutor Queue Thread 8" [_thread_blocked, id=2264, stack(0x0000009bf7b00000,0x0000009bf7c00000)]
  0x0000020d8fb56ca0 JavaThread "WorkerExecutor Queue Thread 9" [_thread_blocked, id=10696, stack(0x0000009bf7c00000,0x0000009bf7d00000)]
  0x0000020d8fb57640 JavaThread "ForkJoinPool.commonPool-worker-7" daemon [_thread_blocked, id=18180, stack(0x0000009bf7d00000,0x0000009bf7e00000)]
  0x0000020d851c4a20 JavaThread "ForkJoinPool.commonPool-worker-8" daemon [_thread_blocked, id=4680, stack(0x0000009bf7e00000,0x0000009bf7f00000)]
  0x0000020d88cdf000 JavaThread "ForkJoinPool.commonPool-worker-9" daemon [_thread_blocked, id=10692, stack(0x0000009bf7f00000,0x0000009bf8000000)]
  0x0000020d88ce2020 JavaThread "ForkJoinPool.commonPool-worker-10" daemon [_thread_blocked, id=1156, stack(0x0000009bf8000000,0x0000009bf8100000)]
  0x0000020d89f86880 JavaThread "ForkJoinPool.commonPool-worker-11" daemon [_thread_blocked, id=13556, stack(0x0000009bf8100000,0x0000009bf8200000)]
  0x0000020d89f85070 JavaThread "ForkJoinPool.commonPool-worker-12" daemon [_thread_blocked, id=18000, stack(0x0000009bf8200000,0x0000009bf8300000)]
  0x0000020d851c1ed0 JavaThread "ForkJoinPool.commonPool-worker-13" daemon [_thread_blocked, id=6672, stack(0x0000009bf8300000,0x0000009bf8400000)]

Other Threads:
=>0x0000020dfea91210 VMThread "VM Thread" [stack: 0x0000009bf0900000,0x0000009bf0a00000] [id=7412]
  0x0000020dfefd7ce0 WatcherThread [stack: 0x0000009bf1500000,0x0000009bf1600000] [id=13020]
  0x0000020de4c942b0 GCTaskThread "GC Thread#0" [stack: 0x0000009bf0400000,0x0000009bf0500000] [id=14004]
  0x0000020d84486140 GCTaskThread "GC Thread#1" [stack: 0x0000009bf1700000,0x0000009bf1800000] [id=4600]
  0x0000020d844863f0 GCTaskThread "GC Thread#2" [stack: 0x0000009bf1800000,0x0000009bf1900000] [id=2968]
  0x0000020dff483ab0 GCTaskThread "GC Thread#3" [stack: 0x0000009bf1900000,0x0000009bf1a00000] [id=16780]
  0x0000020d846f5c90 GCTaskThread "GC Thread#4" [stack: 0x0000009bf1a00000,0x0000009bf1b00000] [id=13552]
  0x0000020d846f4f20 GCTaskThread "GC Thread#5" [stack: 0x0000009bf1b00000,0x0000009bf1c00000] [id=4716]
  0x0000020d846f5f40 GCTaskThread "GC Thread#6" [stack: 0x0000009bf2700000,0x0000009bf2800000] [id=1920]
  0x0000020d846f51d0 GCTaskThread "GC Thread#7" [stack: 0x0000009bf2800000,0x0000009bf2900000] [id=4688]
  0x0000020de2b1dfe0 ConcurrentGCThread "G1 Main Marker" [stack: 0x0000009bf0500000,0x0000009bf0600000] [id=9848]
  0x0000020de2b1e900 ConcurrentGCThread "G1 Conc#0" [stack: 0x0000009bf0600000,0x0000009bf0700000] [id=13680]
  0x0000020d846f61f0 ConcurrentGCThread "G1 Conc#1" [stack: 0x0000009bf2900000,0x0000009bf2a00000] [id=992]
  0x0000020dfe93c9c0 ConcurrentGCThread "G1 Refine#0" [stack: 0x0000009bf0700000,0x0000009bf0800000] [id=14620]
  0x0000020d8782b1b0 ConcurrentGCThread "G1 Refine#1" [stack: 0x0000009bf3500000,0x0000009bf3600000] [id=8504]
  0x0000020dfe93d2f0 ConcurrentGCThread "G1 Service" [stack: 0x0000009bf0800000,0x0000009bf0900000] [id=7112]

Threads with active compile tasks:
C2 CompilerThread1   724968 17702       4       java.io.ObjectOutputStream::writeClassDesc (60 bytes)

VM state: at safepoint (normal execution)

VM Mutex/Monitor currently owned by a thread:  ([mutex/lock_event])
[0x0000020de4c33340] Threads_lock - owner thread: 0x0000020dfea91210
[0x0000020de4c349c0] Heap_lock - owner thread: 0x0000020d88ce2020

Heap address: 0x0000000080000000, size: 2048 MB, Compressed Oops mode: 32-bit

CDS archive(s) not mapped
Compressed class space mapped at: 0x0000000100000000-0x0000000140000000, reserved size: 1073741824
Narrow klass base: 0x0000000000000000, Narrow klass shift: 3, Narrow klass range: 0x140000000

GC Precious Log:
 CPUs: 8 total, 8 available
 Memory: 16106M
 Large Page Support: Disabled
 NUMA Support: Disabled
 Compressed Oops: Enabled (32-bit)
 Heap Region Size: 1M
 Heap Min Capacity: 8M
 Heap Initial Capacity: 252M
 Heap Max Capacity: 2G
 Pre-touch: Disabled
 Parallel Workers: 8
 Concurrent Workers: 2
 Concurrent Refinement Workers: 8
 Periodic GC: Disabled

Heap:
 garbage-first heap   total 318464K, used 156515K [0x0000000080000000, 0x0000000100000000)
  region size 1024K, 3 young (3072K), 3 survivors (3072K)
 Metaspace       used 131790K, committed 132736K, reserved 1179648K
  class space    used 17813K, committed 18304K, reserved 1048576K

Heap Regions: E=young(eden), S=young(survivor), O=old, HS=humongous(starts), HC=humongous(continues), CS=collection set, F=free, OA=open archive, CA=closed archive, TAMS=top-at-mark-start (previous, next)
|   0|0x0000000080000000, 0x0000000080100000, 0x0000000080100000|100%|HS|  |TAMS 0x0000000080100000, 0x0000000080100000| Complete 
|   1|0x0000000080100000, 0x0000000080200000, 0x0000000080200000|100%|HC|  |TAMS 0x0000000080200000, 0x0000000080200000| Complete 
|   2|0x0000000080200000, 0x0000000080300000, 0x0000000080300000|100%|HC|  |TAMS 0x0000000080300000, 0x0000000080300000| Complete 
|   3|0x0000000080300000, 0x0000000080400000, 0x0000000080400000|100%|HC|  |TAMS 0x0000000080400000, 0x0000000080400000| Complete 
|   4|0x0000000080400000, 0x0000000080500000, 0x0000000080500000|100%| O|  |TAMS 0x0000000080500000, 0x0000000080500000| Untracked 
|   5|0x0000000080500000, 0x0000000080600000, 0x0000000080600000|100%| O|  |TAMS 0x0000000080600000, 0x0000000080600000| Untracked 
|   6|0x0000000080600000, 0x0000000080700000, 0x0000000080700000|100%| O|  |TAMS 0x0000000080700000, 0x0000000080700000| Untracked 
|   7|0x0000000080700000, 0x0000000080800000, 0x0000000080800000|100%| O|  |TAMS 0x0000000080800000, 0x0000000080800000| Untracked 
|   8|0x0000000080800000, 0x0000000080900000, 0x0000000080900000|100%| O|  |TAMS 0x0000000080900000, 0x0000000080900000| Untracked 
|   9|0x0000000080900000, 0x0000000080a00000, 0x0000000080a00000|100%| O|  |TAMS 0x0000000080a00000, 0x0000000080a00000| Untracked 
|  10|0x0000000080a00000, 0x0000000080b00000, 0x0000000080b00000|100%| O|  |TAMS 0x0000000080b00000, 0x0000000080b00000| Untracked 
|  11|0x0000000080b00000, 0x0000000080c00000, 0x0000000080c00000|100%| O|  |TAMS 0x0000000080c00000, 0x0000000080c00000| Untracked 
|  12|0x0000000080c00000, 0x0000000080d00000, 0x0000000080d00000|100%| O|  |TAMS 0x0000000080d00000, 0x0000000080d00000| Untracked 
|  13|0x0000000080d00000, 0x0000000080e00000, 0x0000000080e00000|100%| O|  |TAMS 0x0000000080e00000, 0x0000000080e00000| Untracked 
|  14|0x0000000080e00000, 0x0000000080f00000, 0x0000000080f00000|100%| O|  |TAMS 0x0000000080f00000, 0x0000000080f00000| Untracked 
|  15|0x0000000080f00000, 0x0000000081000000, 0x0000000081000000|100%| O|  |TAMS 0x0000000081000000, 0x0000000081000000| Untracked 
|  16|0x0000000081000000, 0x0000000081100000, 0x0000000081100000|100%| O|  |TAMS 0x0000000081100000, 0x0000000081100000| Untracked 
|  17|0x0000000081100000, 0x0000000081200000, 0x0000000081200000|100%| O|  |TAMS 0x0000000081200000, 0x0000000081200000| Untracked 
|  18|0x0000000081200000, 0x0000000081300000, 0x0000000081300000|100%| O|  |TAMS 0x0000000081300000, 0x0000000081300000| Untracked 
|  19|0x0000000081300000, 0x0000000081400000, 0x0000000081400000|100%| O|  |TAMS 0x0000000081400000, 0x0000000081400000| Untracked 
|  20|0x0000000081400000, 0x0000000081500000, 0x0000000081500000|100%| O|  |TAMS 0x0000000081500000, 0x0000000081500000| Untracked 
|  21|0x0000000081500000, 0x0000000081600000, 0x0000000081600000|100%| O|  |TAMS 0x0000000081600000, 0x0000000081600000| Untracked 
|  22|0x0000000081600000, 0x0000000081700000, 0x0000000081700000|100%| O|  |TAMS 0x0000000081700000, 0x0000000081700000| Untracked 
|  23|0x0000000081700000, 0x0000000081800000, 0x0000000081800000|100%| O|  |TAMS 0x0000000081700000, 0x0000000081800000| Untracked 
|  24|0x0000000081800000, 0x0000000081900000, 0x0000000081900000|100%| O|  |TAMS 0x0000000081900000, 0x0000000081900000| Untracked 
|  25|0x0000000081900000, 0x0000000081a00000, 0x0000000081a00000|100%| O|  |TAMS 0x0000000081a00000, 0x0000000081a00000| Untracked 
|  26|0x0000000081a00000, 0x0000000081b00000, 0x0000000081b00000|100%| O|  |TAMS 0x0000000081b00000, 0x0000000081b00000| Untracked 
|  27|0x0000000081b00000, 0x0000000081c00000, 0x0000000081c00000|100%| O|  |TAMS 0x0000000081c00000, 0x0000000081c00000| Untracked 
|  28|0x0000000081c00000, 0x0000000081d00000, 0x0000000081d00000|100%|HS|  |TAMS 0x0000000081d00000, 0x0000000081d00000| Complete 
|  29|0x0000000081d00000, 0x0000000081e00000, 0x0000000081e00000|100%|HS|  |TAMS 0x0000000081e00000, 0x0000000081e00000| Complete 
|  30|0x0000000081e00000, 0x0000000081f00000, 0x0000000081f00000|100%|HS|  |TAMS 0x0000000081f00000, 0x0000000081f00000| Complete 
|  31|0x0000000081f00000, 0x0000000082000000, 0x0000000082000000|100%| O|  |TAMS 0x0000000082000000, 0x0000000082000000| Untracked 
|  32|0x0000000082000000, 0x0000000082100000, 0x0000000082100000|100%| O|  |TAMS 0x0000000082100000, 0x0000000082100000| Untracked 
|  33|0x0000000082100000, 0x0000000082200000, 0x0000000082200000|100%| O|  |TAMS 0x0000000082200000, 0x0000000082200000| Untracked 
|  34|0x0000000082200000, 0x0000000082300000, 0x0000000082300000|100%| O|  |TAMS 0x0000000082300000, 0x0000000082300000| Untracked 
|  35|0x0000000082300000, 0x0000000082400000, 0x0000000082400000|100%| O|  |TAMS 0x0000000082400000, 0x0000000082400000| Untracked 
|  36|0x0000000082400000, 0x0000000082500000, 0x0000000082500000|100%| O|  |TAMS 0x0000000082500000, 0x0000000082500000| Untracked 
|  37|0x0000000082500000, 0x0000000082600000, 0x0000000082600000|100%| O|  |TAMS 0x0000000082500000, 0x0000000082600000| Untracked 
|  38|0x0000000082600000, 0x0000000082700000, 0x0000000082700000|100%| O|  |TAMS 0x0000000082700000, 0x0000000082700000| Untracked 
|  39|0x0000000082700000, 0x0000000082800000, 0x0000000082800000|100%| O|  |TAMS 0x0000000082800000, 0x0000000082800000| Untracked 
|  40|0x0000000082800000, 0x0000000082900000, 0x0000000082900000|100%| O|  |TAMS 0x0000000082900000, 0x0000000082900000| Untracked 
|  41|0x0000000082900000, 0x0000000082a00000, 0x0000000082a00000|100%|HS|  |TAMS 0x0000000082a00000, 0x0000000082a00000| Complete 
|  42|0x0000000082a00000, 0x0000000082b00000, 0x0000000082b00000|100%| O|  |TAMS 0x0000000082b00000, 0x0000000082b00000| Untracked 
|  43|0x0000000082b00000, 0x0000000082c00000, 0x0000000082c00000|100%| O|  |TAMS 0x0000000082c00000, 0x0000000082c00000| Untracked 
|  44|0x0000000082c00000, 0x0000000082d00000, 0x0000000082d00000|100%| O|  |TAMS 0x0000000082d00000, 0x0000000082d00000| Untracked 
|  45|0x0000000082d00000, 0x0000000082e00000, 0x0000000082e00000|100%| O|  |TAMS 0x0000000082e00000, 0x0000000082e00000| Untracked 
|  46|0x0000000082e00000, 0x0000000082f00000, 0x0000000082f00000|100%| O|  |TAMS 0x0000000082f00000, 0x0000000082f00000| Untracked 
|  47|0x0000000082f00000, 0x0000000083000000, 0x0000000083000000|100%| O|  |TAMS 0x0000000083000000, 0x0000000083000000| Untracked 
|  48|0x0000000083000000, 0x0000000083100000, 0x0000000083100000|100%|HS|  |TAMS 0x0000000083100000, 0x0000000083100000| Complete 
|  49|0x0000000083100000, 0x0000000083200000, 0x0000000083200000|100%| O|  |TAMS 0x0000000083200000, 0x0000000083200000| Untracked 
|  50|0x0000000083200000, 0x0000000083300000, 0x0000000083300000|100%| O|  |TAMS 0x0000000083300000, 0x0000000083300000| Untracked 
|  51|0x0000000083300000, 0x0000000083400000, 0x0000000083400000|100%| O|  |TAMS 0x0000000083400000, 0x0000000083400000| Untracked 
|  52|0x0000000083400000, 0x0000000083500000, 0x0000000083500000|100%| O|  |TAMS 0x0000000083500000, 0x0000000083500000| Untracked 
|  53|0x0000000083500000, 0x0000000083600000, 0x0000000083600000|100%| O|  |TAMS 0x0000000083600000, 0x0000000083600000| Untracked 
|  54|0x0000000083600000, 0x0000000083700000, 0x0000000083700000|100%| O|  |TAMS 0x0000000083700000, 0x0000000083700000| Untracked 
|  55|0x0000000083700000, 0x0000000083800000, 0x0000000083800000|100%| O|  |TAMS 0x0000000083800000, 0x0000000083800000| Untracked 
|  56|0x0000000083800000, 0x0000000083900000, 0x0000000083900000|100%| O|  |TAMS 0x0000000083900000, 0x0000000083900000| Untracked 
|  57|0x0000000083900000, 0x0000000083a00000, 0x0000000083a00000|100%| O|  |TAMS 0x0000000083a00000, 0x0000000083a00000| Untracked 
|  58|0x0000000083a00000, 0x0000000083b00000, 0x0000000083b00000|100%| O|  |TAMS 0x0000000083b00000, 0x0000000083b00000| Untracked 
|  59|0x0000000083b00000, 0x0000000083c00000, 0x0000000083c00000|100%| O|  |TAMS 0x0000000083c00000, 0x0000000083c00000| Untracked 
|  60|0x0000000083c00000, 0x0000000083d00000, 0x0000000083d00000|100%| O|  |TAMS 0x0000000083d00000, 0x0000000083d00000| Untracked 
|  61|0x0000000083d00000, 0x0000000083e00000, 0x0000000083e00000|100%| O|  |TAMS 0x0000000083e00000, 0x0000000083e00000| Untracked 
|  62|0x0000000083e00000, 0x0000000083f00000, 0x0000000083f00000|100%| O|  |TAMS 0x0000000083f00000, 0x0000000083f00000| Untracked 
|  63|0x0000000083f00000, 0x0000000084000000, 0x0000000084000000|100%| O|  |TAMS 0x0000000084000000, 0x0000000084000000| Untracked 
|  64|0x0000000084000000, 0x0000000084100000, 0x0000000084100000|100%| O|  |TAMS 0x0000000084100000, 0x0000000084100000| Untracked 
|  65|0x0000000084100000, 0x0000000084200000, 0x0000000084200000|100%| O|  |TAMS 0x0000000084200000, 0x0000000084200000| Untracked 
|  66|0x0000000084200000, 0x0000000084300000, 0x0000000084300000|100%| O|  |TAMS 0x0000000084300000, 0x0000000084300000| Untracked 
|  67|0x0000000084300000, 0x0000000084400000, 0x0000000084400000|100%| O|  |TAMS 0x0000000084394200, 0x0000000084400000| Untracked 
|  68|0x0000000084400000, 0x0000000084500000, 0x0000000084500000|100%| O|  |TAMS 0x0000000084400000, 0x0000000084500000| Untracked 
|  69|0x0000000084500000, 0x0000000084600000, 0x0000000084600000|100%| O|  |TAMS 0x0000000084500000, 0x0000000084600000| Untracked 
|  70|0x0000000084600000, 0x0000000084700000, 0x0000000084700000|100%| O|  |TAMS 0x0000000084600000, 0x0000000084700000| Untracked 
|  71|0x0000000084700000, 0x0000000084800000, 0x0000000084800000|100%| O|  |TAMS 0x0000000084700000, 0x0000000084800000| Untracked 
|  72|0x0000000084800000, 0x0000000084900000, 0x0000000084900000|100%| O|  |TAMS 0x0000000084800000, 0x0000000084900000| Untracked 
|  73|0x0000000084900000, 0x0000000084a00000, 0x0000000084a00000|100%| O|  |TAMS 0x0000000084900000, 0x0000000084a00000| Untracked 
|  74|0x0000000084a00000, 0x0000000084b00000, 0x0000000084b00000|100%| O|  |TAMS 0x0000000084a00000, 0x0000000084b00000| Untracked 
|  75|0x0000000084b00000, 0x0000000084c00000, 0x0000000084c00000|100%| O|  |TAMS 0x0000000084b00000, 0x0000000084c00000| Untracked 
|  76|0x0000000084c00000, 0x0000000084d00000, 0x0000000084d00000|100%| O|  |TAMS 0x0000000084c00000, 0x0000000084d00000| Untracked 
|  77|0x0000000084d00000, 0x0000000084e00000, 0x0000000084e00000|100%| O|  |TAMS 0x0000000084d00000, 0x0000000084e00000| Untracked 
|  78|0x0000000084e00000, 0x0000000084f00000, 0x0000000084f00000|100%| O|  |TAMS 0x0000000084e00000, 0x0000000084f00000| Untracked 
|  79|0x0000000084f00000, 0x0000000085000000, 0x0000000085000000|100%| O|  |TAMS 0x0000000084f00000, 0x0000000085000000| Untracked 
|  80|0x0000000085000000, 0x0000000085100000, 0x0000000085100000|100%| O|  |TAMS 0x0000000085000000, 0x0000000085100000| Untracked 
|  81|0x0000000085100000, 0x0000000085200000, 0x0000000085200000|100%|HS|  |TAMS 0x0000000085100000, 0x0000000085200000| Complete 
|  82|0x0000000085200000, 0x0000000085300000, 0x0000000085300000|100%|HC|  |TAMS 0x0000000085200000, 0x0000000085300000| Complete 
|  83|0x0000000085300000, 0x0000000085400000, 0x0000000085400000|100%| O|  |TAMS 0x0000000085300000, 0x0000000085400000| Untracked 
|  84|0x0000000085400000, 0x0000000085500000, 0x0000000085500000|100%| O|  |TAMS 0x0000000085400000, 0x0000000085500000| Untracked 
|  85|0x0000000085500000, 0x0000000085600000, 0x0000000085600000|100%| O|  |TAMS 0x0000000085500000, 0x0000000085600000| Untracked 
|  86|0x0000000085600000, 0x0000000085700000, 0x0000000085700000|100%| O|  |TAMS 0x0000000085600000, 0x0000000085700000| Untracked 
|  87|0x0000000085700000, 0x0000000085800000, 0x0000000085800000|100%| O|  |TAMS 0x0000000085700000, 0x0000000085800000| Untracked 
|  88|0x0000000085800000, 0x0000000085900000, 0x0000000085900000|100%| O|  |TAMS 0x0000000085800000, 0x0000000085900000| Untracked 
|  89|0x0000000085900000, 0x0000000085a00000, 0x0000000085a00000|100%| O|  |TAMS 0x0000000085900000, 0x0000000085a00000| Untracked 
|  90|0x0000000085a00000, 0x0000000085b00000, 0x0000000085b00000|100%| O|  |TAMS 0x0000000085a00000, 0x0000000085b00000| Untracked 
|  91|0x0000000085b00000, 0x0000000085c00000, 0x0000000085c00000|100%| O|  |TAMS 0x0000000085b00000, 0x0000000085c00000| Untracked 
|  92|0x0000000085c00000, 0x0000000085d00000, 0x0000000085d00000|100%| O|  |TAMS 0x0000000085c00000, 0x0000000085d00000| Untracked 
|  93|0x0000000085d00000, 0x0000000085e00000, 0x0000000085e00000|100%| O|  |TAMS 0x0000000085d00000, 0x0000000085e00000| Untracked 
|  94|0x0000000085e00000, 0x0000000085f00000, 0x0000000085f00000|100%| O|  |TAMS 0x0000000085e00000, 0x0000000085f00000| Untracked 
|  95|0x0000000085f00000, 0x0000000086000000, 0x0000000086000000|100%| O|  |TAMS 0x0000000085f00000, 0x0000000086000000| Untracked 
|  96|0x0000000086000000, 0x0000000086100000, 0x0000000086100000|100%| O|  |TAMS 0x0000000086000000, 0x0000000086100000| Untracked 
|  97|0x0000000086100000, 0x0000000086200000, 0x0000000086200000|100%| O|  |TAMS 0x0000000086100000, 0x0000000086200000| Untracked 
|  98|0x0000000086200000, 0x0000000086300000, 0x0000000086300000|100%| O|  |TAMS 0x0000000086200000, 0x0000000086300000| Untracked 
|  99|0x0000000086300000, 0x0000000086400000, 0x0000000086400000|100%| O|  |TAMS 0x0000000086300000, 0x0000000086400000| Untracked 
| 100|0x0000000086400000, 0x0000000086500000, 0x0000000086500000|100%| O|  |TAMS 0x0000000086400000, 0x0000000086500000| Untracked 
| 101|0x0000000086500000, 0x0000000086600000, 0x0000000086600000|100%| O|  |TAMS 0x0000000086500000, 0x0000000086600000| Untracked 
| 102|0x0000000086600000, 0x0000000086700000, 0x0000000086700000|100%| O|  |TAMS 0x0000000086600000, 0x0000000086700000| Untracked 
| 103|0x0000000086700000, 0x0000000086800000, 0x0000000086800000|100%| O|  |TAMS 0x0000000086700000, 0x0000000086800000| Untracked 
| 104|0x0000000086800000, 0x0000000086900000, 0x0000000086900000|100%| O|  |TAMS 0x0000000086800000, 0x0000000086900000| Untracked 
| 105|0x0000000086900000, 0x0000000086a00000, 0x0000000086a00000|100%|HS|  |TAMS 0x0000000086900000, 0x0000000086a00000| Complete 
| 106|0x0000000086a00000, 0x0000000086b00000, 0x0000000086b00000|100%|HC|  |TAMS 0x0000000086a00000, 0x0000000086b00000| Complete 
| 107|0x0000000086b00000, 0x0000000086c00000, 0x0000000086c00000|100%| O|  |TAMS 0x0000000086b00000, 0x0000000086c00000| Untracked 
| 108|0x0000000086c00000, 0x0000000086d00000, 0x0000000086d00000|100%| O|  |TAMS 0x0000000086c00000, 0x0000000086d00000| Untracked 
| 109|0x0000000086d00000, 0x0000000086e00000, 0x0000000086e00000|100%| O|  |TAMS 0x0000000086d00000, 0x0000000086e00000| Untracked 
| 110|0x0000000086e00000, 0x0000000086f00000, 0x0000000086f00000|100%| O|  |TAMS 0x0000000086e00000, 0x0000000086f00000| Untracked 
| 111|0x0000000086f00000, 0x0000000087000000, 0x0000000087000000|100%| O|  |TAMS 0x0000000086f00000, 0x0000000087000000| Untracked 
| 112|0x0000000087000000, 0x0000000087100000, 0x0000000087100000|100%| O|  |TAMS 0x0000000087000000, 0x0000000087100000| Untracked 
| 113|0x0000000087100000, 0x0000000087200000, 0x0000000087200000|100%| O|  |TAMS 0x0000000087100000, 0x0000000087200000| Untracked 
| 114|0x0000000087200000, 0x0000000087300000, 0x0000000087300000|100%|HS|  |TAMS 0x0000000087200000, 0x0000000087300000| Complete 
| 115|0x0000000087300000, 0x0000000087400000, 0x0000000087400000|100%|HC|  |TAMS 0x0000000087300000, 0x0000000087400000| Complete 
| 116|0x0000000087400000, 0x0000000087500000, 0x0000000087500000|100%|HS|  |TAMS 0x0000000087400000, 0x0000000087500000| Complete 
| 117|0x0000000087500000, 0x0000000087600000, 0x0000000087600000|100%|HC|  |TAMS 0x0000000087500000, 0x0000000087600000| Complete 
| 118|0x0000000087600000, 0x0000000087700000, 0x0000000087700000|100%|HS|  |TAMS 0x0000000087600000, 0x0000000087700000| Complete 
| 119|0x0000000087700000, 0x0000000087800000, 0x0000000087800000|100%|HC|  |TAMS 0x0000000087700000, 0x0000000087800000| Complete 
| 120|0x0000000087800000, 0x0000000087800000, 0x0000000087900000|  0%| F|  |TAMS 0x0000000087800000, 0x0000000087800000| Untracked 
| 121|0x0000000087900000, 0x0000000087900000, 0x0000000087a00000|  0%| F|  |TAMS 0x0000000087900000, 0x0000000087900000| Untracked 
| 122|0x0000000087a00000, 0x0000000087a00000, 0x0000000087b00000|  0%| F|  |TAMS 0x0000000087a00000, 0x0000000087a00000| Untracked 
| 123|0x0000000087b00000, 0x0000000087b00000, 0x0000000087c00000|  0%| F|  |TAMS 0x0000000087b00000, 0x0000000087b00000| Untracked 
| 124|0x0000000087c00000, 0x0000000087c00000, 0x0000000087d00000|  0%| F|  |TAMS 0x0000000087c00000, 0x0000000087c00000| Untracked 
| 125|0x0000000087d00000, 0x0000000087d00000, 0x0000000087e00000|  0%| F|  |TAMS 0x0000000087d00000, 0x0000000087d00000| Untracked 
| 126|0x0000000087e00000, 0x0000000087f00000, 0x0000000087f00000|100%|HS|  |TAMS 0x0000000087e00000, 0x0000000087f00000| Complete 
| 127|0x0000000087f00000, 0x0000000088000000, 0x0000000088000000|100%|HC|  |TAMS 0x0000000087f00000, 0x0000000088000000| Complete 
| 128|0x0000000088000000, 0x0000000088100000, 0x0000000088100000|100%|HS|  |TAMS 0x0000000088000000, 0x0000000088100000| Complete 
| 129|0x0000000088100000, 0x0000000088200000, 0x0000000088200000|100%|HC|  |TAMS 0x0000000088100000, 0x0000000088200000| Complete 
| 130|0x0000000088200000, 0x0000000088300000, 0x0000000088300000|100%|HS|  |TAMS 0x0000000088200000, 0x0000000088300000| Complete 
| 131|0x0000000088300000, 0x0000000088400000, 0x0000000088400000|100%|HC|  |TAMS 0x0000000088300000, 0x0000000088400000| Complete 
| 132|0x0000000088400000, 0x0000000088500000, 0x0000000088500000|100%|HS|  |TAMS 0x0000000088400000, 0x0000000088500000| Complete 
| 133|0x0000000088500000, 0x0000000088600000, 0x0000000088600000|100%|HC|  |TAMS 0x0000000088500000, 0x0000000088600000| Complete 
| 134|0x0000000088600000, 0x0000000088600000, 0x0000000088700000|  0%| F|  |TAMS 0x0000000088600000, 0x0000000088600000| Untracked 
| 135|0x0000000088700000, 0x0000000088700000, 0x0000000088800000|  0%| F|  |TAMS 0x0000000088700000, 0x0000000088700000| Untracked 
| 136|0x0000000088800000, 0x0000000088800000, 0x0000000088900000|  0%| F|  |TAMS 0x0000000088800000, 0x0000000088800000| Untracked 
| 137|0x0000000088900000, 0x0000000088900000, 0x0000000088a00000|  0%| F|  |TAMS 0x0000000088900000, 0x0000000088900000| Untracked 
| 138|0x0000000088a00000, 0x0000000088b00000, 0x0000000088b00000|100%| O|  |TAMS 0x0000000088a00000, 0x0000000088b00000| Untracked 
| 139|0x0000000088b00000, 0x0000000088c00000, 0x0000000088c00000|100%|HS|  |TAMS 0x0000000088b00000, 0x0000000088c00000| Complete 
| 140|0x0000000088c00000, 0x0000000088d00000, 0x0000000088d00000|100%|HC|  |TAMS 0x0000000088c00000, 0x0000000088d00000| Complete 
| 141|0x0000000088d00000, 0x0000000088e00000, 0x0000000088e00000|100%|HS|  |TAMS 0x0000000088d00000, 0x0000000088e00000| Complete 
| 142|0x0000000088e00000, 0x0000000088f00000, 0x0000000088f00000|100%|HC|  |TAMS 0x0000000088e00000, 0x0000000088f00000| Complete 
| 143|0x0000000088f00000, 0x0000000089000000, 0x0000000089000000|100%|HS|  |TAMS 0x0000000088f00000, 0x0000000089000000| Complete 
| 144|0x0000000089000000, 0x0000000089100000, 0x0000000089100000|100%|HC|  |TAMS 0x0000000089000000, 0x0000000089100000| Complete 
| 145|0x0000000089100000, 0x0000000089200000, 0x0000000089200000|100%|HS|  |TAMS 0x0000000089100000, 0x0000000089200000| Complete 
| 146|0x0000000089200000, 0x0000000089300000, 0x0000000089300000|100%|HC|  |TAMS 0x0000000089200000, 0x0000000089300000| Complete 
| 147|0x0000000089300000, 0x0000000089400000, 0x0000000089400000|100%| O|  |TAMS 0x0000000089300000, 0x0000000089400000| Untracked 
| 148|0x0000000089400000, 0x0000000089500000, 0x0000000089500000|100%| O|  |TAMS 0x0000000089400000, 0x0000000089500000| Untracked 
| 149|0x0000000089500000, 0x0000000089600000, 0x0000000089600000|100%| O|  |TAMS 0x0000000089500000, 0x0000000089600000| Untracked 
| 150|0x0000000089600000, 0x0000000089700000, 0x0000000089700000|100%| O|  |TAMS 0x0000000089600000, 0x0000000089700000| Untracked 
| 151|0x0000000089700000, 0x0000000089800000, 0x0000000089800000|100%| O|  |TAMS 0x0000000089700000, 0x0000000089800000| Untracked 
| 152|0x0000000089800000, 0x0000000089900000, 0x0000000089900000|100%| O|  |TAMS 0x0000000089800000, 0x0000000089900000| Untracked 
| 153|0x0000000089900000, 0x0000000089900000, 0x0000000089a00000|  0%| F|  |TAMS 0x0000000089900000, 0x0000000089900000| Untracked 
| 154|0x0000000089a00000, 0x0000000089a00000, 0x0000000089b00000|  0%| F|  |TAMS 0x0000000089a00000, 0x0000000089a00000| Untracked 
| 155|0x0000000089b00000, 0x0000000089b00000, 0x0000000089c00000|  0%| F|  |TAMS 0x0000000089b00000, 0x0000000089b00000| Untracked 
| 156|0x0000000089c00000, 0x0000000089c00000, 0x0000000089d00000|  0%| F|  |TAMS 0x0000000089c00000, 0x0000000089c00000| Untracked 
| 157|0x0000000089d00000, 0x0000000089d00000, 0x0000000089e00000|  0%| F|  |TAMS 0x0000000089d00000, 0x0000000089d00000| Untracked 
| 158|0x0000000089e00000, 0x0000000089e00000, 0x0000000089f00000|  0%| F|  |TAMS 0x0000000089e00000, 0x0000000089e00000| Untracked 
| 159|0x0000000089f00000, 0x0000000089f00000, 0x000000008a000000|  0%| F|  |TAMS 0x0000000089f00000, 0x0000000089f00000| Untracked 
| 160|0x000000008a000000, 0x000000008a000000, 0x000000008a100000|  0%| F|  |TAMS 0x000000008a000000, 0x000000008a000000| Untracked 
| 161|0x000000008a100000, 0x000000008a100000, 0x000000008a200000|  0%| F|  |TAMS 0x000000008a100000, 0x000000008a100000| Untracked 
| 162|0x000000008a200000, 0x000000008a300000, 0x000000008a300000|100%| O|  |TAMS 0x000000008a200000, 0x000000008a300000| Untracked 
| 163|0x000000008a300000, 0x000000008a400000, 0x000000008a400000|100%| O|  |TAMS 0x000000008a300000, 0x000000008a400000| Untracked 
| 164|0x000000008a400000, 0x000000008a500000, 0x000000008a500000|100%| O|  |TAMS 0x000000008a400000, 0x000000008a500000| Untracked 
| 165|0x000000008a500000, 0x000000008a600000, 0x000000008a600000|100%| O|  |TAMS 0x000000008a500000, 0x000000008a600000| Untracked 
| 166|0x000000008a600000, 0x000000008a700000, 0x000000008a700000|100%| O|  |TAMS 0x000000008a600000, 0x000000008a700000| Untracked 
| 167|0x000000008a700000, 0x000000008a800000, 0x000000008a800000|100%| O|  |TAMS 0x000000008a700000, 0x000000008a800000| Untracked 
| 168|0x000000008a800000, 0x000000008a900000, 0x000000008a900000|100%| O|  |TAMS 0x000000008a800000, 0x000000008a900000| Untracked 
| 169|0x000000008a900000, 0x000000008a9c7000, 0x000000008aa00000| 77%| O|  |TAMS 0x000000008a900000, 0x000000008a9c7000| Untracked 
| 170|0x000000008aa00000, 0x000000008aa00000, 0x000000008ab00000|  0%| F|  |TAMS 0x000000008aa00000, 0x000000008aa00000| Untracked 
| 171|0x000000008ab00000, 0x000000008ab00000, 0x000000008ac00000|  0%| F|  |TAMS 0x000000008ab00000, 0x000000008ab00000| Untracked 
| 172|0x000000008ac00000, 0x000000008ac00000, 0x000000008ad00000|  0%| F|  |TAMS 0x000000008ac00000, 0x000000008ac00000| Untracked 
| 173|0x000000008ad00000, 0x000000008ad00000, 0x000000008ae00000|  0%| F|  |TAMS 0x000000008ad00000, 0x000000008ad00000| Untracked 
| 174|0x000000008ae00000, 0x000000008ae00000, 0x000000008af00000|  0%| F|  |TAMS 0x000000008ae00000, 0x000000008ae00000| Untracked 
| 175|0x000000008af00000, 0x000000008af00000, 0x000000008b000000|  0%| F|  |TAMS 0x000000008af00000, 0x000000008af00000| Untracked 
| 176|0x000000008b000000, 0x000000008b000000, 0x000000008b100000|  0%| F|  |TAMS 0x000000008b000000, 0x000000008b000000| Untracked 
| 177|0x000000008b100000, 0x000000008b100000, 0x000000008b200000|  0%| F|  |TAMS 0x000000008b100000, 0x000000008b100000| Untracked 
| 178|0x000000008b200000, 0x000000008b200000, 0x000000008b300000|  0%| F|  |TAMS 0x000000008b200000, 0x000000008b200000| Untracked 
| 179|0x000000008b300000, 0x000000008b300000, 0x000000008b400000|  0%| F|  |TAMS 0x000000008b300000, 0x000000008b300000| Untracked 
| 180|0x000000008b400000, 0x000000008b400000, 0x000000008b500000|  0%| F|  |TAMS 0x000000008b400000, 0x000000008b400000| Untracked 
| 181|0x000000008b500000, 0x000000008b500000, 0x000000008b600000|  0%| F|  |TAMS 0x000000008b500000, 0x000000008b500000| Untracked 
| 182|0x000000008b600000, 0x000000008b600000, 0x000000008b700000|  0%| F|  |TAMS 0x000000008b600000, 0x000000008b600000| Untracked 
| 183|0x000000008b700000, 0x000000008b700000, 0x000000008b800000|  0%| F|  |TAMS 0x000000008b700000, 0x000000008b700000| Untracked 
| 184|0x000000008b800000, 0x000000008b800000, 0x000000008b900000|  0%| F|  |TAMS 0x000000008b800000, 0x000000008b800000| Untracked 
| 185|0x000000008b900000, 0x000000008b900000, 0x000000008ba00000|  0%| F|  |TAMS 0x000000008b900000, 0x000000008b900000| Untracked 
| 186|0x000000008ba00000, 0x000000008ba00000, 0x000000008bb00000|  0%| F|  |TAMS 0x000000008ba00000, 0x000000008ba00000| Untracked 
| 187|0x000000008bb00000, 0x000000008bb00000, 0x000000008bc00000|  0%| F|  |TAMS 0x000000008bb00000, 0x000000008bb00000| Untracked 
| 188|0x000000008bc00000, 0x000000008bc00000, 0x000000008bd00000|  0%| F|  |TAMS 0x000000008bc00000, 0x000000008bc00000| Untracked 
| 189|0x000000008bd00000, 0x000000008bd00000, 0x000000008be00000|  0%| F|  |TAMS 0x000000008bd00000, 0x000000008bd00000| Untracked 
| 190|0x000000008be00000, 0x000000008be00000, 0x000000008bf00000|  0%| F|  |TAMS 0x000000008be00000, 0x000000008be00000| Untracked 
| 191|0x000000008bf00000, 0x000000008bf00000, 0x000000008c000000|  0%| F|  |TAMS 0x000000008bf00000, 0x000000008bf00000| Untracked 
| 192|0x000000008c000000, 0x000000008c000000, 0x000000008c100000|  0%| F|  |TAMS 0x000000008c000000, 0x000000008c000000| Untracked 
| 193|0x000000008c100000, 0x000000008c100000, 0x000000008c200000|  0%| F|  |TAMS 0x000000008c100000, 0x000000008c100000| Untracked 
| 194|0x000000008c200000, 0x000000008c200000, 0x000000008c300000|  0%| F|  |TAMS 0x000000008c200000, 0x000000008c200000| Untracked 
| 195|0x000000008c300000, 0x000000008c300000, 0x000000008c400000|  0%| F|  |TAMS 0x000000008c300000, 0x000000008c300000| Untracked 
| 196|0x000000008c400000, 0x000000008c400000, 0x000000008c500000|  0%| F|  |TAMS 0x000000008c400000, 0x000000008c400000| Untracked 
| 197|0x000000008c500000, 0x000000008c500000, 0x000000008c600000|  0%| F|  |TAMS 0x000000008c500000, 0x000000008c500000| Untracked 
| 198|0x000000008c600000, 0x000000008c600000, 0x000000008c700000|  0%| F|  |TAMS 0x000000008c600000, 0x000000008c600000| Untracked 
| 199|0x000000008c700000, 0x000000008c700000, 0x000000008c800000|  0%| F|  |TAMS 0x000000008c700000, 0x000000008c700000| Untracked 
| 200|0x000000008c800000, 0x000000008c800000, 0x000000008c900000|  0%| F|  |TAMS 0x000000008c800000, 0x000000008c800000| Untracked 
| 201|0x000000008c900000, 0x000000008c900000, 0x000000008ca00000|  0%| F|  |TAMS 0x000000008c900000, 0x000000008c900000| Untracked 
| 202|0x000000008ca00000, 0x000000008ca00000, 0x000000008cb00000|  0%| F|  |TAMS 0x000000008ca00000, 0x000000008ca00000| Untracked 
| 203|0x000000008cb00000, 0x000000008cb00000, 0x000000008cc00000|  0%| F|  |TAMS 0x000000008cb00000, 0x000000008cb00000| Untracked 
| 204|0x000000008cc00000, 0x000000008cc00000, 0x000000008cd00000|  0%| F|  |TAMS 0x000000008cc00000, 0x000000008cc00000| Untracked 
| 205|0x000000008cd00000, 0x000000008cd00000, 0x000000008ce00000|  0%| F|  |TAMS 0x000000008cd00000, 0x000000008cd00000| Untracked 
| 206|0x000000008ce00000, 0x000000008ce00000, 0x000000008cf00000|  0%| F|  |TAMS 0x000000008ce00000, 0x000000008ce00000| Untracked 
| 207|0x000000008cf00000, 0x000000008cf00000, 0x000000008d000000|  0%| F|  |TAMS 0x000000008cf00000, 0x000000008cf00000| Untracked 
| 208|0x000000008d000000, 0x000000008d000000, 0x000000008d100000|  0%| F|  |TAMS 0x000000008d000000, 0x000000008d000000| Untracked 
| 209|0x000000008d100000, 0x000000008d100000, 0x000000008d200000|  0%| F|  |TAMS 0x000000008d100000, 0x000000008d100000| Untracked 
| 210|0x000000008d200000, 0x000000008d200000, 0x000000008d300000|  0%| F|  |TAMS 0x000000008d200000, 0x000000008d200000| Untracked 
| 211|0x000000008d300000, 0x000000008d300000, 0x000000008d400000|  0%| F|  |TAMS 0x000000008d300000, 0x000000008d300000| Untracked 
| 212|0x000000008d400000, 0x000000008d400000, 0x000000008d500000|  0%| F|  |TAMS 0x000000008d400000, 0x000000008d400000| Untracked 
| 213|0x000000008d500000, 0x000000008d500000, 0x000000008d600000|  0%| F|  |TAMS 0x000000008d500000, 0x000000008d500000| Untracked 
| 214|0x000000008d600000, 0x000000008d600000, 0x000000008d700000|  0%| F|  |TAMS 0x000000008d600000, 0x000000008d600000| Untracked 
| 215|0x000000008d700000, 0x000000008d700000, 0x000000008d800000|  0%| F|  |TAMS 0x000000008d700000, 0x000000008d700000| Untracked 
| 216|0x000000008d800000, 0x000000008d800000, 0x000000008d900000|  0%| F|  |TAMS 0x000000008d800000, 0x000000008d800000| Untracked 
| 217|0x000000008d900000, 0x000000008d900000, 0x000000008da00000|  0%| F|  |TAMS 0x000000008d900000, 0x000000008d900000| Untracked 
| 218|0x000000008da00000, 0x000000008da00000, 0x000000008db00000|  0%| F|  |TAMS 0x000000008da00000, 0x000000008da00000| Untracked 
| 219|0x000000008db00000, 0x000000008db00000, 0x000000008dc00000|  0%| F|  |TAMS 0x000000008db00000, 0x000000008db00000| Untracked 
| 220|0x000000008dc00000, 0x000000008dc00000, 0x000000008dd00000|  0%| F|  |TAMS 0x000000008dc00000, 0x000000008dc00000| Untracked 
| 221|0x000000008dd00000, 0x000000008dd00000, 0x000000008de00000|  0%| F|  |TAMS 0x000000008dd00000, 0x000000008dd00000| Untracked 
| 222|0x000000008de00000, 0x000000008de00000, 0x000000008df00000|  0%| F|  |TAMS 0x000000008de00000, 0x000000008de00000| Untracked 
| 223|0x000000008df00000, 0x000000008df00000, 0x000000008e000000|  0%| F|  |TAMS 0x000000008df00000, 0x000000008df00000| Untracked 
| 224|0x000000008e000000, 0x000000008e000000, 0x000000008e100000|  0%| F|  |TAMS 0x000000008e000000, 0x000000008e000000| Untracked 
| 225|0x000000008e100000, 0x000000008e100000, 0x000000008e200000|  0%| F|  |TAMS 0x000000008e100000, 0x000000008e100000| Untracked 
| 226|0x000000008e200000, 0x000000008e200000, 0x000000008e300000|  0%| F|  |TAMS 0x000000008e200000, 0x000000008e200000| Untracked 
| 227|0x000000008e300000, 0x000000008e300000, 0x000000008e400000|  0%| F|  |TAMS 0x000000008e300000, 0x000000008e300000| Untracked 
| 228|0x000000008e400000, 0x000000008e400000, 0x000000008e500000|  0%| F|  |TAMS 0x000000008e400000, 0x000000008e400000| Untracked 
| 229|0x000000008e500000, 0x000000008e500000, 0x000000008e600000|  0%| F|  |TAMS 0x000000008e500000, 0x000000008e500000| Untracked 
| 230|0x000000008e600000, 0x000000008e600000, 0x000000008e700000|  0%| F|  |TAMS 0x000000008e600000, 0x000000008e600000| Untracked 
| 231|0x000000008e700000, 0x000000008e700000, 0x000000008e800000|  0%| F|  |TAMS 0x000000008e700000, 0x000000008e700000| Untracked 
| 232|0x000000008e800000, 0x000000008e800000, 0x000000008e900000|  0%| F|  |TAMS 0x000000008e800000, 0x000000008e800000| Untracked 
| 233|0x000000008e900000, 0x000000008e900000, 0x000000008ea00000|  0%| F|  |TAMS 0x000000008e900000, 0x000000008e900000| Untracked 
| 234|0x000000008ea00000, 0x000000008ea00000, 0x000000008eb00000|  0%| F|  |TAMS 0x000000008ea00000, 0x000000008ea00000| Untracked 
| 235|0x000000008eb00000, 0x000000008eb00000, 0x000000008ec00000|  0%| F|  |TAMS 0x000000008eb00000, 0x000000008eb00000| Untracked 
| 236|0x000000008ec00000, 0x000000008ec00000, 0x000000008ed00000|  0%| F|  |TAMS 0x000000008ec00000, 0x000000008ec00000| Untracked 
| 237|0x000000008ed00000, 0x000000008ed00000, 0x000000008ee00000|  0%| F|  |TAMS 0x000000008ed00000, 0x000000008ed00000| Untracked 
| 238|0x000000008ee00000, 0x000000008ee00000, 0x000000008ef00000|  0%| F|  |TAMS 0x000000008ee00000, 0x000000008ee00000| Untracked 
| 239|0x000000008ef00000, 0x000000008ef00000, 0x000000008f000000|  0%| F|  |TAMS 0x000000008ef00000, 0x000000008ef00000| Untracked 
| 240|0x000000008f000000, 0x000000008f000000, 0x000000008f100000|  0%| F|  |TAMS 0x000000008f000000, 0x000000008f000000| Untracked 
| 241|0x000000008f100000, 0x000000008f100000, 0x000000008f200000|  0%| F|  |TAMS 0x000000008f100000, 0x000000008f100000| Untracked 
| 242|0x000000008f200000, 0x000000008f200000, 0x000000008f300000|  0%| F|  |TAMS 0x000000008f200000, 0x000000008f200000| Untracked 
| 243|0x000000008f300000, 0x000000008f300000, 0x000000008f400000|  0%| F|  |TAMS 0x000000008f300000, 0x000000008f300000| Untracked 
| 244|0x000000008f400000, 0x000000008f400000, 0x000000008f500000|  0%| F|  |TAMS 0x000000008f400000, 0x000000008f400000| Untracked 
| 245|0x000000008f500000, 0x000000008f500000, 0x000000008f600000|  0%| F|  |TAMS 0x000000008f500000, 0x000000008f500000| Untracked 
| 246|0x000000008f600000, 0x000000008f600000, 0x000000008f700000|  0%| F|  |TAMS 0x000000008f600000, 0x000000008f600000| Untracked 
| 247|0x000000008f700000, 0x000000008f700000, 0x000000008f800000|  0%| F|  |TAMS 0x000000008f700000, 0x000000008f700000| Untracked 
| 248|0x000000008f800000, 0x000000008f800000, 0x000000008f900000|  0%| F|  |TAMS 0x000000008f800000, 0x000000008f800000| Untracked 
| 249|0x000000008f900000, 0x000000008f900000, 0x000000008fa00000|  0%| F|  |TAMS 0x000000008f900000, 0x000000008f900000| Untracked 
| 250|0x000000008fa00000, 0x000000008fa00000, 0x000000008fb00000|  0%| F|  |TAMS 0x000000008fa00000, 0x000000008fa00000| Untracked 
| 251|0x000000008fb00000, 0x000000008fb00000, 0x000000008fc00000|  0%| F|  |TAMS 0x000000008fb00000, 0x000000008fb00000| Untracked 
| 252|0x000000008fc00000, 0x000000008fc00000, 0x000000008fd00000|  0%| F|  |TAMS 0x000000008fc00000, 0x000000008fc00000| Untracked 
| 253|0x000000008fd00000, 0x000000008fd00000, 0x000000008fe00000|  0%| F|  |TAMS 0x000000008fd00000, 0x000000008fd00000| Untracked 
| 254|0x000000008fe00000, 0x000000008fe00000, 0x000000008ff00000|  0%| F|  |TAMS 0x000000008fe00000, 0x000000008fe00000| Untracked 
| 255|0x000000008ff00000, 0x000000008ff00000, 0x0000000090000000|  0%| F|  |TAMS 0x000000008ff00000, 0x000000008ff00000| Untracked 
| 256|0x0000000090000000, 0x0000000090000000, 0x0000000090100000|  0%| F|  |TAMS 0x0000000090000000, 0x0000000090000000| Untracked 
| 257|0x0000000090100000, 0x0000000090100000, 0x0000000090200000|  0%| F|  |TAMS 0x0000000090100000, 0x0000000090100000| Untracked 
| 258|0x0000000090200000, 0x0000000090200000, 0x0000000090300000|  0%| F|  |TAMS 0x0000000090200000, 0x0000000090200000| Untracked 
| 259|0x0000000090300000, 0x0000000090300000, 0x0000000090400000|  0%| F|  |TAMS 0x0000000090300000, 0x0000000090300000| Untracked 
| 260|0x0000000090400000, 0x0000000090400000, 0x0000000090500000|  0%| F|  |TAMS 0x0000000090400000, 0x0000000090400000| Untracked 
| 261|0x0000000090500000, 0x0000000090500000, 0x0000000090600000|  0%| F|  |TAMS 0x0000000090500000, 0x0000000090500000| Untracked 
| 262|0x0000000090600000, 0x0000000090600000, 0x0000000090700000|  0%| F|  |TAMS 0x0000000090600000, 0x0000000090600000| Untracked 
| 263|0x0000000090700000, 0x0000000090700000, 0x0000000090800000|  0%| F|  |TAMS 0x0000000090700000, 0x0000000090700000| Untracked 
| 264|0x0000000090800000, 0x0000000090800000, 0x0000000090900000|  0%| F|  |TAMS 0x0000000090800000, 0x0000000090800000| Untracked 
| 265|0x0000000090900000, 0x0000000090900000, 0x0000000090a00000|  0%| F|  |TAMS 0x0000000090900000, 0x0000000090900000| Untracked 
| 266|0x0000000090a00000, 0x0000000090a00000, 0x0000000090b00000|  0%| F|  |TAMS 0x0000000090a00000, 0x0000000090a00000| Untracked 
| 267|0x0000000090b00000, 0x0000000090b00000, 0x0000000090c00000|  0%| F|  |TAMS 0x0000000090b00000, 0x0000000090b00000| Untracked 
| 268|0x0000000090c00000, 0x0000000090c00000, 0x0000000090d00000|  0%| F|  |TAMS 0x0000000090c00000, 0x0000000090c00000| Untracked 
| 269|0x0000000090d00000, 0x0000000090d00000, 0x0000000090e00000|  0%| F|  |TAMS 0x0000000090d00000, 0x0000000090d00000| Untracked 
| 270|0x0000000090e00000, 0x0000000090e00000, 0x0000000090f00000|  0%| F|  |TAMS 0x0000000090e00000, 0x0000000090e00000| Untracked 
| 271|0x0000000090f00000, 0x0000000090f00000, 0x0000000091000000|  0%| F|  |TAMS 0x0000000090f00000, 0x0000000090f00000| Untracked 
| 272|0x0000000091000000, 0x0000000091000000, 0x0000000091100000|  0%| F|  |TAMS 0x0000000091000000, 0x0000000091000000| Untracked 
| 273|0x0000000091100000, 0x0000000091100000, 0x0000000091200000|  0%| F|  |TAMS 0x0000000091100000, 0x0000000091100000| Untracked 
| 274|0x0000000091200000, 0x0000000091200000, 0x0000000091300000|  0%| F|  |TAMS 0x0000000091200000, 0x0000000091200000| Untracked 
| 275|0x0000000091300000, 0x0000000091300000, 0x0000000091400000|  0%| F|  |TAMS 0x0000000091300000, 0x0000000091300000| Untracked 
| 276|0x0000000091400000, 0x0000000091400000, 0x0000000091500000|  0%| F|  |TAMS 0x0000000091400000, 0x0000000091400000| Untracked 
| 277|0x0000000091500000, 0x0000000091500000, 0x0000000091600000|  0%| F|  |TAMS 0x0000000091500000, 0x0000000091500000| Untracked 
| 278|0x0000000091600000, 0x0000000091600000, 0x0000000091700000|  0%| F|  |TAMS 0x0000000091600000, 0x0000000091600000| Untracked 
| 279|0x0000000091700000, 0x0000000091700000, 0x0000000091800000|  0%| F|  |TAMS 0x0000000091700000, 0x0000000091700000| Untracked 
| 280|0x0000000091800000, 0x0000000091800000, 0x0000000091900000|  0%| F|  |TAMS 0x0000000091800000, 0x0000000091800000| Untracked 
| 281|0x0000000091900000, 0x0000000091900000, 0x0000000091a00000|  0%| F|  |TAMS 0x0000000091900000, 0x0000000091900000| Untracked 
| 282|0x0000000091a00000, 0x0000000091a00000, 0x0000000091b00000|  0%| F|  |TAMS 0x0000000091a00000, 0x0000000091a00000| Untracked 
| 283|0x0000000091b00000, 0x0000000091b00000, 0x0000000091c00000|  0%| F|  |TAMS 0x0000000091b00000, 0x0000000091b00000| Untracked 
| 284|0x0000000091c00000, 0x0000000091c00000, 0x0000000091d00000|  0%| F|  |TAMS 0x0000000091c00000, 0x0000000091c00000| Untracked 
| 285|0x0000000091d00000, 0x0000000091d00000, 0x0000000091e00000|  0%| F|  |TAMS 0x0000000091d00000, 0x0000000091d00000| Untracked 
| 286|0x0000000091e00000, 0x0000000091e00000, 0x0000000091f00000|  0%| F|  |TAMS 0x0000000091e00000, 0x0000000091e00000| Untracked 
| 287|0x0000000091f00000, 0x0000000091f00000, 0x0000000092000000|  0%| F|  |TAMS 0x0000000091f00000, 0x0000000091f00000| Untracked 
| 288|0x0000000092000000, 0x0000000092000000, 0x0000000092100000|  0%| F|  |TAMS 0x0000000092000000, 0x0000000092000000| Untracked 
| 289|0x0000000092100000, 0x0000000092100000, 0x0000000092200000|  0%| F|  |TAMS 0x0000000092100000, 0x0000000092100000| Untracked 
| 290|0x0000000092200000, 0x0000000092200000, 0x0000000092300000|  0%| F|  |TAMS 0x0000000092200000, 0x0000000092200000| Untracked 
| 291|0x0000000092300000, 0x0000000092300000, 0x0000000092400000|  0%| F|  |TAMS 0x0000000092300000, 0x0000000092300000| Untracked 
| 292|0x0000000092400000, 0x0000000092400000, 0x0000000092500000|  0%| F|  |TAMS 0x0000000092400000, 0x0000000092400000| Untracked 
| 293|0x0000000092500000, 0x0000000092500000, 0x0000000092600000|  0%| F|  |TAMS 0x0000000092500000, 0x0000000092500000| Untracked 
| 294|0x0000000092600000, 0x0000000092600000, 0x0000000092700000|  0%| F|  |TAMS 0x0000000092600000, 0x0000000092600000| Untracked 
| 295|0x0000000092700000, 0x0000000092700000, 0x0000000092800000|  0%| F|  |TAMS 0x0000000092700000, 0x0000000092700000| Untracked 
| 296|0x0000000092800000, 0x0000000092800000, 0x0000000092900000|  0%| F|  |TAMS 0x0000000092800000, 0x0000000092800000| Untracked 
| 297|0x0000000092900000, 0x0000000092900000, 0x0000000092a00000|  0%| F|  |TAMS 0x0000000092900000, 0x0000000092900000| Untracked 
| 298|0x0000000092a00000, 0x0000000092a00000, 0x0000000092b00000|  0%| F|  |TAMS 0x0000000092a00000, 0x0000000092a00000| Untracked 
| 299|0x0000000092b00000, 0x0000000092b00000, 0x0000000092c00000|  0%| F|  |TAMS 0x0000000092b00000, 0x0000000092b00000| Untracked 
| 300|0x0000000092c00000, 0x0000000092c00000, 0x0000000092d00000|  0%| F|  |TAMS 0x0000000092c00000, 0x0000000092c00000| Untracked 
| 301|0x0000000092d00000, 0x0000000092d00000, 0x0000000092e00000|  0%| F|  |TAMS 0x0000000092d00000, 0x0000000092d00000| Untracked 
| 302|0x0000000092e00000, 0x0000000092e00000, 0x0000000092f00000|  0%| F|  |TAMS 0x0000000092e00000, 0x0000000092e00000| Untracked 
| 303|0x0000000092f00000, 0x0000000092f00000, 0x0000000093000000|  0%| F|  |TAMS 0x0000000092f00000, 0x0000000092f00000| Untracked 
| 304|0x0000000093000000, 0x0000000093011df0, 0x0000000093100000|  6%| S|CS|TAMS 0x0000000093000000, 0x0000000093000000| Complete 
| 305|0x0000000093100000, 0x0000000093200000, 0x0000000093200000|100%| S|CS|TAMS 0x0000000093100000, 0x0000000093100000| Complete 
| 306|0x0000000093200000, 0x0000000093300000, 0x0000000093300000|100%| S|CS|TAMS 0x0000000093200000, 0x0000000093200000| Complete 
| 307|0x0000000093300000, 0x0000000093300000, 0x0000000093400000|  0%| F|  |TAMS 0x0000000093300000, 0x0000000093300000| Untracked 
| 308|0x0000000093400000, 0x0000000093400000, 0x0000000093500000|  0%| F|  |TAMS 0x0000000093400000, 0x0000000093400000| Untracked 
| 309|0x0000000093500000, 0x0000000093500000, 0x0000000093600000|  0%| F|  |TAMS 0x0000000093500000, 0x0000000093500000| Untracked 
| 310|0x0000000093600000, 0x0000000093600000, 0x0000000093700000|  0%| F|  |TAMS 0x0000000093600000, 0x0000000093600000| Untracked 

Card table byte_map: [0x0000020df7830000,0x0000020df7c30000] _byte_map_base: 0x0000020df7430000

Marking Bits (Prev, Next): (CMBitMap*) 0x0000020de4c94810, (CMBitMap*) 0x0000020de4c947d0
 Prev Bits: [0x0000020dfa030000, 0x0000020dfc030000)
 Next Bits: [0x0000020df8030000, 0x0000020dfa030000)

Polling page: 0x0000020de2d90000

Metaspace:

Usage:
  Non-class:    111.31 MB used.
      Class:     17.40 MB used.
       Both:    128.70 MB used.

Virtual space:
  Non-class space:      128.00 MB reserved,     111.75 MB ( 87%) committed,  2 nodes.
      Class space:        1.00 GB reserved,      17.88 MB (  2%) committed,  1 nodes.
             Both:        1.12 GB reserved,     129.62 MB ( 11%) committed. 

Chunk freelists:
   Non-Class:  205.00 KB
       Class:  13.99 MB
        Both:  14.19 MB

MaxMetaspaceSize: unlimited
CompressedClassSpaceSize: 1.00 GB
Initial GC threshold: 21.00 MB
Current GC threshold: 149.31 MB
CDS: off
MetaspaceReclaimPolicy: balanced
 - commit_granule_bytes: 65536.
 - commit_granule_words: 8192.
 - virtual_space_node_default_size: 8388608.
 - enlarge_chunks_in_place: 1.
 - new_chunks_are_fully_committed: 0.
 - uncommit_free_chunks: 1.
 - use_allocation_guard: 0.
 - handle_deallocations: 1.


Internal statistics:

num_allocs_failed_limit: 6.
num_arena_births: 1476.
num_arena_deaths: 0.
num_vsnodes_births: 3.
num_vsnodes_deaths: 0.
num_space_committed: 2072.
num_space_uncommitted: 0.
num_chunks_returned_to_freelist: 6.
num_chunks_taken_from_freelist: 6461.
num_chunk_merges: 6.
num_chunk_splits: 4367.
num_chunks_enlarged: 2991.
num_inconsistent_stats: 0.

CodeHeap 'non-profiled nmethods': size=120000Kb used=11011Kb max_used=11011Kb free=108988Kb
 bounds [0x0000020defbd0000, 0x0000020df06a0000, 0x0000020df7100000]
CodeHeap 'profiled nmethods': size=120000Kb used=29209Kb max_used=29209Kb free=90790Kb
 bounds [0x0000020de8100000, 0x0000020de9d90000, 0x0000020def630000]
CodeHeap 'non-nmethods': size=5760Kb used=2447Kb max_used=2516Kb free=3312Kb
 bounds [0x0000020def630000, 0x0000020def8b0000, 0x0000020defbd0000]
 total_blobs=16033 nmethods=15056 adapters=889
 compilation: enabled
              stopped_count=0, restarted_count=0
 full_count=0

Compilation events (20 events):
Event: 724.869 Thread 0x0000020d8ac49ee0 nmethod 17977 0x0000020df068c790 code [0x0000020df068c920, 0x0000020df068cb38]
Event: 724.869 Thread 0x0000020d8ac49ee0 17981       4       com.android.zipflinger.Location::size (12 bytes)
Event: 724.870 Thread 0x0000020d8ac49ee0 nmethod 17981 0x0000020df068cc10 code [0x0000020df068cd80, 0x0000020df068ce18]
Event: 724.870 Thread 0x0000020d8ac49ee0 17980       4       java.nio.Buffer$1::acquireScope (41 bytes)
Event: 724.870 Thread 0x0000020d8ac49ee0 nmethod 17980 0x0000020df068cf10 code [0x0000020df068d080, 0x0000020df068d138]
Event: 724.870 Thread 0x0000020d8ac49ee0 17978       4       sun.nio.ch.Util$BufferCache::get (164 bytes)
Event: 724.879 Thread 0x0000020d8ac49ee0 nmethod 17978 0x0000020df068d210 code [0x0000020df068d3a0, 0x0000020df068d7b8]
Event: 724.879 Thread 0x0000020d8ac49ee0 17979       4       java.nio.MappedByteBuffer::flip (5 bytes)
Event: 724.879 Thread 0x0000020d8ac49ee0 nmethod 17979 0x0000020df068da90 code [0x0000020df068dc00, 0x0000020df068dc98]
Event: 724.881 Thread 0x0000020dfec75f60 17982       3       java.lang.ThreadLocal::createMap (14 bytes)
Event: 724.881 Thread 0x0000020dfec75f60 nmethod 17982 0x0000020de9d80690 code [0x0000020de9d80840, 0x0000020de9d80a48]
Event: 724.887 Thread 0x0000020dfec75f60 17983       1       com.android.apksig.internal.apk.ApkSigningBlockUtils$ChunkDigests::access$1000 (5 bytes)
Event: 724.887 Thread 0x0000020dfec75f60 nmethod 17983 0x0000020df068dd90 code [0x0000020df068df20, 0x0000020df068dfd8]
Event: 724.887 Thread 0x0000020d8ac49ee0 17984   !   4       sun.nio.ch.IOUtil::readIntoNativeBuffer (173 bytes)
Event: 724.907 Thread 0x0000020d8ac49ee0 nmethod 17984 0x0000020df068e090 code [0x0000020df068e260, 0x0000020df068e5c8]
Event: 724.907 Thread 0x0000020dfec75f60 17985   !   3       jdk.nio.zipfs.ZipFileSystem::close (390 bytes)
Event: 724.907 Thread 0x0000020d8ac49ee0 17986       4       java.util.concurrent.locks.AbstractQueuedSynchronizer::acquire (20 bytes)
Event: 724.908 Thread 0x0000020d8ac49ee0 nmethod 17986 0x0000020df068eb10 code [0x0000020df068eca0, 0x0000020df068ed88]
Event: 724.908 Thread 0x0000020dfec6a0a0 nmethod 17976 0x0000020df068ee90 code [0x0000020df068f0c0, 0x0000020df0690430]
Event: 724.913 Thread 0x0000020dfec75f60 nmethod 17985 0x0000020de9d80b90 code [0x0000020de9d81300, 0x0000020de9d85898]

GC Heap History (20 events):
Event: 31.024 GC heap after
{Heap after GC invocations=45 (full 0):
 garbage-first heap   total 318464K, used 114747K [0x0000000080000000, 0x0000000100000000)
  region size 1024K, 8 young (8192K), 8 survivors (8192K)
 Metaspace       used 107795K, committed 108544K, reserved 1179648K
  class space    used 14571K, committed 14912K, reserved 1048576K
}
Event: 36.485 GC heap before
{Heap before GC invocations=45 (full 0):
 garbage-first heap   total 318464K, used 247867K [0x0000000080000000, 0x0000000100000000)
  region size 1024K, 139 young (142336K), 8 survivors (8192K)
 Metaspace       used 122736K, committed 123520K, reserved 1179648K
  class space    used 16996K, committed 17344K, reserved 1048576K
}
Event: 36.508 GC heap after
{Heap after GC invocations=46 (full 0):
 garbage-first heap   total 318464K, used 118439K [0x0000000080000000, 0x0000000100000000)
  region size 1024K, 11 young (11264K), 11 survivors (11264K)
 Metaspace       used 122736K, committed 123520K, reserved 1179648K
  class space    used 16996K, committed 17344K, reserved 1048576K
}
Event: 38.486 GC heap before
{Heap before GC invocations=46 (full 0):
 garbage-first heap   total 318464K, used 190119K [0x0000000080000000, 0x0000000100000000)
  region size 1024K, 41 young (41984K), 11 survivors (11264K)
 Metaspace       used 125009K, committed 125824K, reserved 1179648K
  class space    used 17283K, committed 17664K, reserved 1048576K
}
Event: 38.507 GC heap after
{Heap after GC invocations=47 (full 0):
 garbage-first heap   total 318464K, used 137407K [0x0000000080000000, 0x0000000100000000)
  region size 1024K, 8 young (8192K), 8 survivors (8192K)
 Metaspace       used 125009K, committed 125824K, reserved 1179648K
  class space    used 17283K, committed 17664K, reserved 1048576K
}
Event: 38.561 GC heap before
{Heap before GC invocations=47 (full 0):
 garbage-first heap   total 318464K, used 174271K [0x0000000080000000, 0x0000000100000000)
  region size 1024K, 9 young (9216K), 8 survivors (8192K)
 Metaspace       used 125009K, committed 125824K, reserved 1179648K
  class space    used 17283K, committed 17664K, reserved 1048576K
}
Event: 38.572 GC heap after
{Heap after GC invocations=48 (full 0):
 garbage-first heap   total 318464K, used 147918K [0x0000000080000000, 0x0000000100000000)
  region size 1024K, 8 young (8192K), 8 survivors (8192K)
 Metaspace       used 125009K, committed 125824K, reserved 1179648K
  class space    used 17283K, committed 17664K, reserved 1048576K
}
Event: 38.608 GC heap before
{Heap before GC invocations=48 (full 0):
 garbage-first heap   total 318464K, used 166350K [0x0000000080000000, 0x0000000100000000)
  region size 1024K, 9 young (9216K), 8 survivors (8192K)
 Metaspace       used 125009K, committed 125824K, reserved 1179648K
  class space    used 17283K, committed 17664K, reserved 1048576K
}
Event: 38.620 GC heap after
{Heap after GC invocations=49 (full 0):
 garbage-first heap   total 318464K, used 147326K [0x0000000080000000, 0x0000000100000000)
  region size 1024K, 8 young (8192K), 8 survivors (8192K)
 Metaspace       used 125009K, committed 125824K, reserved 1179648K
  class space    used 17283K, committed 17664K, reserved 1048576K
}
Event: 38.656 GC heap before
{Heap before GC invocations=49 (full 0):
 garbage-first heap   total 318464K, used 163710K [0x0000000080000000, 0x0000000100000000)
  region size 1024K, 9 young (9216K), 8 survivors (8192K)
 Metaspace       used 125009K, committed 125824K, reserved 1179648K
  class space    used 17283K, committed 17664K, reserved 1048576K
}
Event: 38.672 GC heap after
{Heap after GC invocations=50 (full 0):
 garbage-first heap   total 318464K, used 147558K [0x0000000080000000, 0x0000000100000000)
  region size 1024K, 8 young (8192K), 8 survivors (8192K)
 Metaspace       used 125009K, committed 125824K, reserved 1179648K
  class space    used 17283K, committed 17664K, reserved 1048576K
}
Event: 446.500 GC heap before
{Heap before GC invocations=50 (full 0):
 garbage-first heap   total 318464K, used 272486K [0x0000000080000000, 0x0000000100000000)
  region size 1024K, 130 young (133120K), 8 survivors (8192K)
 Metaspace       used 130483K, committed 131328K, reserved 1179648K
  class space    used 17742K, committed 18176K, reserved 1048576K
}
Event: 446.518 GC heap after
{Heap after GC invocations=51 (full 0):
 garbage-first heap   total 318464K, used 128036K [0x0000000080000000, 0x0000000100000000)
  region size 1024K, 15 young (15360K), 15 survivors (15360K)
 Metaspace       used 130483K, committed 131328K, reserved 1179648K
  class space    used 17742K, committed 18176K, reserved 1048576K
}
Event: 723.780 GC heap before
{Heap before GC invocations=51 (full 0):
 garbage-first heap   total 318464K, used 268324K [0x0000000080000000, 0x0000000100000000)
  region size 1024K, 151 young (154624K), 15 survivors (15360K)
 Metaspace       used 131106K, committed 132032K, reserved 1179648K
  class space    used 17771K, committed 18240K, reserved 1048576K
}
Event: 723.802 GC heap after
{Heap after GC invocations=52 (full 0):
 garbage-first heap   total 318464K, used 136614K [0x0000000080000000, 0x0000000100000000)
  region size 1024K, 15 young (15360K), 15 survivors (15360K)
 Metaspace       used 131106K, committed 132032K, reserved 1179648K
  class space    used 17771K, committed 18240K, reserved 1048576K
}
Event: 724.894 GC heap before
{Heap before GC invocations=52 (full 0):
 garbage-first heap   total 318464K, used 235942K [0x0000000080000000, 0x0000000100000000)
  region size 1024K, 88 young (90112K), 15 survivors (15360K)
 Metaspace       used 131785K, committed 132736K, reserved 1179648K
  class space    used 17813K, committed 18304K, reserved 1048576K
}
Event: 724.906 GC heap after
{Heap after GC invocations=53 (full 0):
 garbage-first heap   total 318464K, used 148446K [0x0000000080000000, 0x0000000100000000)
  region size 1024K, 5 young (5120K), 5 survivors (5120K)
 Metaspace       used 131785K, committed 132736K, reserved 1179648K
  class space    used 17813K, committed 18304K, reserved 1048576K
}
Event: 724.921 GC heap before
{Heap before GC invocations=53 (full 0):
 garbage-first heap   total 318464K, used 170974K [0x0000000080000000, 0x0000000100000000)
  region size 1024K, 6 young (6144K), 5 survivors (5120K)
 Metaspace       used 131790K, committed 132736K, reserved 1179648K
  class space    used 17813K, committed 18304K, reserved 1048576K
}
Event: 724.926 GC heap after
{Heap after GC invocations=54 (full 0):
 garbage-first heap   total 318464K, used 154677K [0x0000000080000000, 0x0000000100000000)
  region size 1024K, 3 young (3072K), 3 survivors (3072K)
 Metaspace       used 131790K, committed 132736K, reserved 1179648K
  class space    used 17813K, committed 18304K, reserved 1048576K
}
Event: 724.927 GC heap before
{Heap before GC invocations=54 (full 0):
 garbage-first heap   total 318464K, used 156725K [0x0000000080000000, 0x0000000100000000)
  region size 1024K, 4 young (4096K), 3 survivors (3072K)
 Metaspace       used 131790K, committed 132736K, reserved 1179648K
  class space    used 17813K, committed 18304K, reserved 1048576K
}

Dll operation events (3 events):
Event: 0.009 Loaded shared library C:\Program Files\Android\Android Studio\jbr\bin\java.dll
Event: 0.189 Loaded shared library C:\Program Files\Android\Android Studio\jbr\bin\zip.dll
Event: 0.557 Loaded shared library C:\Program Files\Android\Android Studio\jbr\bin\verify.dll

Deoptimization events (20 events):
Event: 724.718 Thread 0x0000020d853d9c70 Uncommon trap: trap_request=0xffffffbe fr.pc=0x0000020df0657780 relative=0x0000000000000260
Event: 724.718 Thread 0x0000020d853d9c70 Uncommon trap: reason=profile_predicate action=maybe_recompile pc=0x0000020df0657780 method=java.util.HashMap.keysToArray([Ljava/lang/Object;)[Ljava/lang/Object; @ 36 c2
Event: 724.718 Thread 0x0000020d853d9c70 DEOPT PACKING pc=0x0000020df0657780 sp=0x0000009bf4ffc9f0
Event: 724.718 Thread 0x0000020d853d9c70 DEOPT UNPACKING pc=0x0000020def68a1a3 sp=0x0000009bf4ffc990 mode 2
Event: 724.745 Thread 0x0000020d8fb5cce0 Uncommon trap: trap_request=0xffffffde fr.pc=0x0000020df04e3028 relative=0x0000000000000088
Event: 724.745 Thread 0x0000020d8fb5cce0 Uncommon trap: reason=class_check action=maybe_recompile pc=0x0000020df04e3028 method=java.security.MessageDigest$Delegate.engineDigest([BII)I @ 7 c2
Event: 724.746 Thread 0x0000020d8fb5cce0 DEOPT PACKING pc=0x0000020df04e3028 sp=0x0000009bf7bfcd60
Event: 724.746 Thread 0x0000020d8fb5cce0 DEOPT UNPACKING pc=0x0000020def68a1a3 sp=0x0000009bf7bfcc78 mode 2
Event: 724.758 Thread 0x0000020d87362210 Uncommon trap: trap_request=0xffffffbe fr.pc=0x0000020df0657780 relative=0x0000000000000260
Event: 724.759 Thread 0x0000020d87362210 Uncommon trap: reason=profile_predicate action=maybe_recompile pc=0x0000020df0657780 method=java.util.HashMap.keysToArray([Ljava/lang/Object;)[Ljava/lang/Object; @ 36 c2
Event: 724.759 Thread 0x0000020d87362210 DEOPT PACKING pc=0x0000020df0657780 sp=0x0000009bf52fb990
Event: 724.759 Thread 0x0000020d87362210 DEOPT UNPACKING pc=0x0000020def68a1a3 sp=0x0000009bf52fb930 mode 2
Event: 724.762 Thread 0x0000020d87362210 DEOPT PACKING pc=0x0000020de9952c2e sp=0x0000009bf52fbdf0
Event: 724.762 Thread 0x0000020d87362210 DEOPT UNPACKING pc=0x0000020def68ace3 sp=0x0000009bf52fb2b0 mode 0
Event: 724.776 Thread 0x0000020d8fb56300 DEOPT PACKING pc=0x0000020de9952c2e sp=0x0000009bf77fd7a0
Event: 724.776 Thread 0x0000020d8fb56300 DEOPT UNPACKING pc=0x0000020def68ace3 sp=0x0000009bf77fcc60 mode 0
Event: 724.780 Thread 0x0000020d8fb56300 DEOPT PACKING pc=0x0000020de985c9cb sp=0x0000009bf77fd420
Event: 724.780 Thread 0x0000020d8fb56300 DEOPT UNPACKING pc=0x0000020def68ace3 sp=0x0000009bf77fc8f8 mode 0
Event: 724.825 Thread 0x0000020d8fb56300 DEOPT PACKING pc=0x0000020de985c9cb sp=0x0000009bf77fd3b0
Event: 724.825 Thread 0x0000020d8fb56300 DEOPT UNPACKING pc=0x0000020def68ace3 sp=0x0000009bf77fc888 mode 0

Classes unloaded (0 events):
No events

Classes redefined (0 events):
No events

Internal exceptions (20 events):
Event: 724.226 Thread 0x0000020d87363080 Exception <a 'sun/nio/fs/WindowsException'{0x0000000091206938}> (0x0000000091206938) 
thrown [s\src\hotspot\share\prims\jni.cpp, line 517]
Event: 724.226 Thread 0x0000020d87363080 Exception <a 'sun/nio/fs/WindowsException'{0x0000000091206ce0}> (0x0000000091206ce0) 
thrown [s\src\hotspot\share\prims\jni.cpp, line 517]
Event: 724.268 Thread 0x0000020d87363080 Exception <a 'sun/nio/fs/WindowsException'{0x0000000090f0acc8}> (0x0000000090f0acc8) 
thrown [s\src\hotspot\share\prims\jni.cpp, line 517]
Event: 724.280 Thread 0x0000020d87363080 Exception <a 'sun/nio/fs/WindowsException'{0x0000000090f10680}> (0x0000000090f10680) 
thrown [s\src\hotspot\share\prims\jni.cpp, line 517]
Event: 724.284 Thread 0x0000020d87363080 Exception <a 'sun/nio/fs/WindowsException'{0x0000000090f15cd8}> (0x0000000090f15cd8) 
thrown [s\src\hotspot\share\prims\jni.cpp, line 517]
Event: 724.287 Thread 0x0000020d87363080 Exception <a 'sun/nio/fs/WindowsException'{0x0000000090f1b330}> (0x0000000090f1b330) 
thrown [s\src\hotspot\share\prims\jni.cpp, line 517]
Event: 724.299 Thread 0x0000020d87363080 Exception <a 'sun/nio/fs/WindowsException'{0x0000000090f64be0}> (0x0000000090f64be0) 
thrown [s\src\hotspot\share\prims\jni.cpp, line 517]
Event: 724.332 Thread 0x0000020d87363080 Exception <a 'sun/nio/fs/WindowsException'{0x0000000090dd2088}> (0x0000000090dd2088) 
thrown [s\src\hotspot\share\prims\jni.cpp, line 517]
Event: 724.336 Thread 0x0000020d87363080 Exception <a 'sun/nio/fs/WindowsException'{0x0000000090de15a8}> (0x0000000090de15a8) 
thrown [s\src\hotspot\share\prims\jni.cpp, line 517]
Event: 724.439 Thread 0x0000020d87363080 Exception <a 'sun/nio/fs/WindowsException'{0x00000000907da120}> (0x00000000907da120) 
thrown [s\src\hotspot\share\prims\jni.cpp, line 517]
Event: 724.566 Thread 0x0000020d8fb57b10 Exception <a 'sun/nio/fs/WindowsException'{0x000000008fdb8888}> (0x000000008fdb8888) 
thrown [s\src\hotspot\share\prims\jni.cpp, line 517]
Event: 724.575 Thread 0x0000020d8fb5cce0 Exception <a 'sun/nio/fs/WindowsException'{0x000000008fce1cc0}> (0x000000008fce1cc0) 
thrown [s\src\hotspot\share\prims\jni.cpp, line 517]
Event: 724.616 Thread 0x0000020d8fb57b10 Exception <a 'sun/nio/fs/WindowsException'{0x000000008f96bf38}> (0x000000008f96bf38) 
thrown [s\src\hotspot\share\prims\jni.cpp, line 517]
Event: 724.621 Thread 0x0000020d8fb5cce0 Exception <a 'sun/nio/fs/WindowsException'{0x000000008f9d5b08}> (0x000000008f9d5b08) 
thrown [s\src\hotspot\share\prims\jni.cpp, line 517]
Event: 724.707 Thread 0x0000020d853d9c70 Exception <a 'sun/nio/fs/WindowsException'{0x000000008f6c2a80}> (0x000000008f6c2a80) 
thrown [s\src\hotspot\share\prims\jni.cpp, line 517]
Event: 724.718 Thread 0x0000020d8fb57b10 Exception <a 'sun/nio/fs/WindowsException'{0x000000008f5d98c8}> (0x000000008f5d98c8) 
thrown [s\src\hotspot\share\prims\jni.cpp, line 517]
Event: 724.718 Thread 0x0000020d8fb57b10 Exception <a 'sun/nio/fs/WindowsException'{0x000000008f5d9c48}> (0x000000008f5d9c48) 
thrown [s\src\hotspot\share\prims\jni.cpp, line 517]
Event: 724.725 Thread 0x0000020d8fb5cce0 Exception <a 'sun/nio/fs/WindowsException'{0x000000008f5f3358}> (0x000000008f5f3358) 
thrown [s\src\hotspot\share\prims\jni.cpp, line 517]
Event: 724.738 Thread 0x0000020d853d9c70 Exception <a 'sun/nio/fs/WindowsException'{0x000000008f5edae0}> (0x000000008f5edae0) 
thrown [s\src\hotspot\share\prims\jni.cpp, line 517]
Event: 724.746 Thread 0x0000020d8fb5cce0 Exception <a 'sun/nio/fs/WindowsException'{0x000000008f480cf0}> (0x000000008f480cf0) 
thrown [s\src\hotspot\share\prims\jni.cpp, line 517]

VM Operations (20 events):
Event: 697.243 Executing VM operation: Cleanup done
Event: 722.269 Executing VM operation: Cleanup
Event: 722.290 Executing VM operation: Cleanup done
Event: 722.858 Executing VM operation: ICBufferFull
Event: 722.858 Executing VM operation: ICBufferFull done
Event: 723.319 Executing VM operation: ICBufferFull
Event: 723.319 Executing VM operation: ICBufferFull done
Event: 723.780 Executing VM operation: G1CollectForAllocation
Event: 723.803 Executing VM operation: G1CollectForAllocation done
Event: 724.145 Executing VM operation: HandshakeAllThreads
Event: 724.145 Executing VM operation: HandshakeAllThreads done
Event: 724.241 Executing VM operation: ICBufferFull
Event: 724.241 Executing VM operation: ICBufferFull done
Event: 724.567 Executing VM operation: ICBufferFull
Event: 724.668 Executing VM operation: ICBufferFull done
Event: 724.891 Executing VM operation: G1TryInitiateConcMark
Event: 724.906 Executing VM operation: G1TryInitiateConcMark done
Event: 724.919 Executing VM operation: G1TryInitiateConcMark
Event: 724.926 Executing VM operation: G1TryInitiateConcMark done
Event: 724.927 Executing VM operation: G1TryInitiateConcMark

Events (20 events):
Event: 724.480 Thread 0x0000020d88ad41a0 Thread added: 0x0000020d88ad41a0
Event: 724.481 Thread 0x0000020d89f863b0 Thread added: 0x0000020d89f863b0
Event: 724.559 Thread 0x0000020d8fb5ab30 Thread added: 0x0000020d8fb5ab30
Event: 724.561 Thread 0x0000020d8fb5c810 Thread added: 0x0000020d8fb5c810
Event: 724.561 Thread 0x0000020d8fb57b10 Thread added: 0x0000020d8fb57b10
Event: 724.562 Thread 0x0000020d8fb56300 Thread added: 0x0000020d8fb56300
Event: 724.564 Thread 0x0000020d8fb58980 Thread added: 0x0000020d8fb58980
Event: 724.565 Thread 0x0000020d8fb567d0 Thread added: 0x0000020d8fb567d0
Event: 724.565 Thread 0x0000020d8fb5b4d0 Thread added: 0x0000020d8fb5b4d0
Event: 724.566 Thread 0x0000020d8fb5cce0 Thread added: 0x0000020d8fb5cce0
Event: 724.566 Thread 0x0000020d8fb56ca0 Thread added: 0x0000020d8fb56ca0
Event: 724.865 loading class jdk/internal/misc/ScopedMemoryAccess$Scope$Handle
Event: 724.865 loading class jdk/internal/misc/ScopedMemoryAccess$Scope$Handle done
Event: 724.868 Thread 0x0000020d8fb57640 Thread added: 0x0000020d8fb57640
Event: 724.879 Thread 0x0000020d851c4a20 Thread added: 0x0000020d851c4a20
Event: 724.880 Thread 0x0000020d88cdf000 Thread added: 0x0000020d88cdf000
Event: 724.881 Thread 0x0000020d88ce2020 Thread added: 0x0000020d88ce2020
Event: 724.881 Thread 0x0000020d89f86880 Thread added: 0x0000020d89f86880
Event: 724.882 Thread 0x0000020d89f85070 Thread added: 0x0000020d89f85070
Event: 724.883 Thread 0x0000020d851c1ed0 Thread added: 0x0000020d851c1ed0


Dynamic libraries:
0x00007ff6b5ea0000 - 0x00007ff6b5eaa000 	C:\Program Files\Android\Android Studio\jbr\bin\java.exe
0x00007ffe055f0000 - 0x00007ffe05806000 	C:\WINDOWS\SYSTEM32\ntdll.dll
0x00007ffe042e0000 - 0x00007ffe043a4000 	C:\WINDOWS\System32\KERNEL32.DLL
0x00007ffe02bb0000 - 0x00007ffe02f56000 	C:\WINDOWS\System32\KERNELBASE.dll
0x00007ffe03010000 - 0x00007ffe03121000 	C:\WINDOWS\System32\ucrtbase.dll
0x00007ffd2e4e0000 - 0x00007ffd2e4fb000 	C:\Program Files\Android\Android Studio\jbr\bin\VCRUNTIME140.dll
0x00007ffd7e030000 - 0x00007ffd7e047000 	C:\Program Files\Android\Android Studio\jbr\bin\jli.dll
0x00007ffe05400000 - 0x00007ffe055ad000 	C:\WINDOWS\System32\USER32.dll
0x00007ffdeaa00000 - 0x00007ffdeac93000 	C:\WINDOWS\WinSxS\amd64_microsoft.windows.common-controls_6595b64144ccf1df_6.0.22621.3235_none_270f74e173860f98\COMCTL32.dll
0x00007ffe029f0000 - 0x00007ffe02a16000 	C:\WINDOWS\System32\win32u.dll
0x00007ffe04980000 - 0x00007ffe04a27000 	C:\WINDOWS\System32\msvcrt.dll
0x00007ffe044b0000 - 0x00007ffe044d9000 	C:\WINDOWS\System32\GDI32.dll
0x00007ffe02a90000 - 0x00007ffe02ba8000 	C:\WINDOWS\System32\gdi32full.dll
0x00007ffe03130000 - 0x00007ffe031ca000 	C:\WINDOWS\System32\msvcp_win.dll
0x00007ffe05320000 - 0x00007ffe05351000 	C:\WINDOWS\System32\IMM32.DLL
0x00007ffd7d900000 - 0x00007ffd7d90c000 	C:\Program Files\Android\Android Studio\jbr\bin\vcruntime140_1.dll
0x00007ffd2e450000 - 0x00007ffd2e4dd000 	C:\Program Files\Android\Android Studio\jbr\bin\msvcp140.dll
0x00007ffd3b640000 - 0x00007ffd3c2c0000 	C:\Program Files\Android\Android Studio\jbr\bin\server\jvm.dll
0x00007ffe04840000 - 0x00007ffe048f2000 	C:\WINDOWS\System32\ADVAPI32.dll
0x00007ffe03630000 - 0x00007ffe036d8000 	C:\WINDOWS\System32\sechost.dll
0x00007ffe02fe0000 - 0x00007ffe03008000 	C:\WINDOWS\System32\bcrypt.dll
0x00007ffe04a30000 - 0x00007ffe04b45000 	C:\WINDOWS\System32\RPCRT4.dll
0x00007ffdf90d0000 - 0x00007ffdf9104000 	C:\WINDOWS\SYSTEM32\WINMM.dll
0x00007ffde4560000 - 0x00007ffde4569000 	C:\WINDOWS\SYSTEM32\WSOCK32.dll
0x00007ffe035b0000 - 0x00007ffe03621000 	C:\WINDOWS\System32\WS2_32.dll
0x00007ffdf8a40000 - 0x00007ffdf8a4a000 	C:\WINDOWS\SYSTEM32\VERSION.dll
0x00007ffe01a60000 - 0x00007ffe01a78000 	C:\WINDOWS\SYSTEM32\kernel.appcore.dll
0x00007ffd94f70000 - 0x00007ffd94f7a000 	C:\Program Files\Android\Android Studio\jbr\bin\jimage.dll
0x00007ffe001d0000 - 0x00007ffe00403000 	C:\WINDOWS\SYSTEM32\DBGHELP.DLL
0x00007ffe03f40000 - 0x00007ffe042c8000 	C:\WINDOWS\System32\combase.dll
0x00007ffe044e0000 - 0x00007ffe045b7000 	C:\WINDOWS\System32\OLEAUT32.dll
0x00007ffded7c0000 - 0x00007ffded7f2000 	C:\WINDOWS\SYSTEM32\dbgcore.DLL
0x00007ffe02f60000 - 0x00007ffe02fda000 	C:\WINDOWS\System32\bcryptPrimitives.dll
0x00007ffd7e050000 - 0x00007ffd7e05e000 	C:\Program Files\Android\Android Studio\jbr\bin\instrument.dll
0x00007ffd7dfb0000 - 0x00007ffd7dfd5000 	C:\Program Files\Android\Android Studio\jbr\bin\java.dll
0x00007ffd8a670000 - 0x00007ffd8a688000 	C:\Program Files\Android\Android Studio\jbr\bin\zip.dll
0x00007ffe036e0000 - 0x00007ffe03f3d000 	C:\WINDOWS\System32\SHELL32.dll
0x00007ffe008a0000 - 0x00007ffe01198000 	C:\WINDOWS\SYSTEM32\windows.storage.dll
0x00007ffe00760000 - 0x00007ffe0089e000 	C:\WINDOWS\SYSTEM32\wintypes.dll
0x00007ffe04c00000 - 0x00007ffe04cf3000 	C:\WINDOWS\System32\SHCORE.dll
0x00007ffe045c0000 - 0x00007ffe0461e000 	C:\WINDOWS\System32\shlwapi.dll
0x00007ffe02860000 - 0x00007ffe02886000 	C:\WINDOWS\SYSTEM32\profapi.dll
0x00007ffd83fb0000 - 0x00007ffd83fc9000 	C:\Program Files\Android\Android Studio\jbr\bin\net.dll
0x00007ffdfc200000 - 0x00007ffdfc337000 	C:\WINDOWS\SYSTEM32\WINHTTP.dll
0x00007ffe01ee0000 - 0x00007ffe01f49000 	C:\WINDOWS\system32\mswsock.dll
0x00007ffd829a0000 - 0x00007ffd829b6000 	C:\Program Files\Android\Android Studio\jbr\bin\nio.dll
0x00007ffd8ef90000 - 0x00007ffd8efa0000 	C:\Program Files\Android\Android Studio\jbr\bin\verify.dll
0x00007ffd56880000 - 0x00007ffd568a7000 	C:\Users\minhm\.gradle\native\68d5fa5c4cc2d200863cafc0d521ce42e7d3e7ee720ec0a83991735586a16f82\windows-amd64\native-platform.dll
0x00007ffd2e300000 - 0x00007ffd2e444000 	C:\Users\minhm\.gradle\native\e376f236ea51e6404a007f0833ffe2c6e607c4080706a723a18a27aeea778392\windows-amd64\native-platform-file-events.dll
0x00007ffd84240000 - 0x00007ffd84249000 	C:\Program Files\Android\Android Studio\jbr\bin\management.dll
0x00007ffd7e060000 - 0x00007ffd7e06b000 	C:\Program Files\Android\Android Studio\jbr\bin\management_ext.dll
0x00007ffe05360000 - 0x00007ffe05368000 	C:\WINDOWS\System32\PSAPI.DLL
0x00007ffe02140000 - 0x00007ffe0215b000 	C:\WINDOWS\SYSTEM32\CRYPTSP.dll
0x00007ffe019c0000 - 0x00007ffe019f5000 	C:\WINDOWS\system32\rsaenh.dll
0x00007ffe01fd0000 - 0x00007ffe01ffc000 	C:\WINDOWS\SYSTEM32\USERENV.dll
0x00007ffe02130000 - 0x00007ffe0213c000 	C:\WINDOWS\SYSTEM32\CRYPTBASE.dll
0x00007ffe01470000 - 0x00007ffe0149d000 	C:\WINDOWS\SYSTEM32\IPHLPAPI.DLL
0x00007ffe04620000 - 0x00007ffe04629000 	C:\WINDOWS\System32\NSI.dll
0x00007ffdfc020000 - 0x00007ffdfc039000 	C:\WINDOWS\SYSTEM32\dhcpcsvc6.DLL
0x00007ffdfc000000 - 0x00007ffdfc01f000 	C:\WINDOWS\SYSTEM32\dhcpcsvc.DLL
0x00007ffe014e0000 - 0x00007ffe015d9000 	C:\WINDOWS\SYSTEM32\DNSAPI.dll
0x00007ffde6d50000 - 0x00007ffde6d58000 	C:\WINDOWS\system32\wshunix.dll

dbghelp: loaded successfully - version: 4.0.5 - missing functions: none
symbol engine: initialized successfully - sym options: 0x614 - pdb path: .;C:\Program Files\Android\Android Studio\jbr\bin;C:\WINDOWS\SYSTEM32;C:\WINDOWS\WinSxS\amd64_microsoft.windows.common-controls_6595b64144ccf1df_6.0.22621.3235_none_270f74e173860f98;C:\Program Files\Android\Android Studio\jbr\bin\server;C:\Users\minhm\.gradle\native\68d5fa5c4cc2d200863cafc0d521ce42e7d3e7ee720ec0a83991735586a16f82\windows-amd64;C:\Users\minhm\.gradle\native\e376f236ea51e6404a007f0833ffe2c6e607c4080706a723a18a27aeea778392\windows-amd64

VM Arguments:
jvm_args: --add-opens=java.base/java.util=ALL-UNNAMED --add-opens=java.base/java.lang=ALL-UNNAMED --add-opens=java.base/java.lang.invoke=ALL-UNNAMED --add-opens=java.prefs/java.util.prefs=ALL-UNNAMED --add-opens=java.base/java.nio.charset=ALL-UNNAMED --add-opens=java.base/java.net=ALL-UNNAMED --add-opens=java.base/java.util.concurrent.atomic=ALL-UNNAMED -Xmx2048m -Dfile.encoding=UTF-8 -Duser.country=US -Duser.language=en -Duser.variant -javaagent:C:\Users\minhm\.gradle\wrapper\dists\gradle-8.2-bin\bbg7u40eoinfdyxsxr3z4i7ta\gradle-8.2\lib\agents\gradle-instrumentation-agent-8.2.jar 
java_command: org.gradle.launcher.daemon.bootstrap.GradleDaemon 8.2
java_class_path (initial): C:\Users\minhm\.gradle\wrapper\dists\gradle-8.2-bin\bbg7u40eoinfdyxsxr3z4i7ta\gradle-8.2\lib\gradle-launcher-8.2.jar
Launcher Type: SUN_STANDARD

[Global flags]
     intx CICompilerCount                          = 4                                         {product} {ergonomic}
     uint ConcGCThreads                            = 2                                         {product} {ergonomic}
     uint G1ConcRefinementThreads                  = 8                                         {product} {ergonomic}
   size_t G1HeapRegionSize                         = 1048576                                   {product} {ergonomic}
    uintx GCDrainStackTargetSize                   = 64                                        {product} {ergonomic}
   size_t InitialHeapSize                          = 264241152                                 {product} {ergonomic}
   size_t MarkStackSize                            = 4194304                                   {product} {ergonomic}
   size_t MaxHeapSize                              = 2147483648                                {product} {command line}
   size_t MaxNewSize                               = 1287651328                                {product} {ergonomic}
   size_t MinHeapDeltaBytes                        = 1048576                                   {product} {ergonomic}
   size_t MinHeapSize                              = 8388608                                   {product} {ergonomic}
    uintx NonNMethodCodeHeapSize                   = 5839372                                {pd product} {ergonomic}
    uintx NonProfiledCodeHeapSize                  = 122909434                              {pd product} {ergonomic}
    uintx ProfiledCodeHeapSize                     = 122909434                              {pd product} {ergonomic}
    uintx ReservedCodeCacheSize                    = 251658240                              {pd product} {ergonomic}
     bool SegmentedCodeCache                       = true                                      {product} {ergonomic}
   size_t SoftMaxHeapSize                          = 2147483648                             {manageable} {ergonomic}
     bool UseCompressedClassPointers               = true                           {product lp64_product} {ergonomic}
     bool UseCompressedOops                        = true                           {product lp64_product} {ergonomic}
     bool UseG1GC                                  = true                                      {product} {ergonomic}
     bool UseLargePagesIndividualAllocation        = false                                  {pd product} {ergonomic}

Logging:
Log output configuration:
 #0: stdout all=warning uptime,level,tags
 #1: stderr all=off uptime,level,tags

Environment Variables:
JAVA_HOME=C:\Program Files\Java\jdk-21
CLASSPATH=C:\Program Files\Java\jdk-21\lib
PATH="C:\Program Files\Java\jdk-21\bin;";C:\Program Files\Common Files\Oracle\Java\javapath;C:\Program Files\Microsoft\jdk-11.0.16.101-hotspot\bin;C:\WINDOWS\system32;C:\WINDOWS;C:\WINDOWS\System32\Wbem;C:\WINDOWS\System32\WindowsPowerShell\v1.0\;C:\WINDOWS\System32\OpenSSH\;C:\Program Files\Microsoft SQL Server\150\Tools\Binn\;C:\Program Files\Microsoft SQL Server\Client SDK\ODBC\170\Tools\Binn\;C:\Program Files (x86)\Microsoft SQL Server\160\Tools\Binn\;C:\Program Files\Microsoft SQL Server\160\Tools\Binn\;C:\Program Files\Microsoft SQL Server\160\DTS\Binn\;C:\Program Files (x86)\Microsoft SQL Server\160\DTS\Binn\;C:\Program Files\Azure Data Studio\bin;C:\MinGW\bin;C:\Program Files\Git\cmd;C:\Program Files\Java\jdk-21\bin;D:\VScode\Microsoft VS Code\bin
USERNAME=minhm
OS=Windows_NT
PROCESSOR_IDENTIFIER=Intel64 Family 6 Model 140 Stepping 1, GenuineIntel
TMP=C:\Users\minhm\AppData\Local\Temp
TEMP=C:\Users\minhm\AppData\Local\Temp


JNI global refs:
JNI global refs: 26, weak refs: 0

JNI global refs memory usage: 843, weak refs: 841

OOME stack traces (most recent first):
Classloader memory used:
Loader org.gradle.internal.classloader.VisitableURLClassLoader$InstrumentingVisitableURLClassLoader: 5564K
Loader org.gradle.internal.classloader.VisitableURLClassLoader                         : 4875K
Loader bootstrap                                                                       : 3284K
Loader org.gradle.initialization.MixInLegacyTypesClassLoader                           : 1391K
Loader jdk.internal.loader.ClassLoaders$AppClassLoader                                 : 1059K
Loader jdk.internal.reflect.DelegatingClassLoader                                      : 125K
Loader jdk.internal.loader.ClassLoaders$PlatformClassLoader                            : 99743B
Loader java.net.URLClassLoader                                                         : 66893B
Loader org.gradle.internal.classloader.VisitableURLClassLoader                         : 4702B
Loader org.gradle.groovy.scripts.internal.DefaultScriptCompilationHandler$ScriptClassLoader: 3061B
Loader org.codehaus.groovy.runtime.callsite.CallSiteClassLoader                        : 802B
Loader sun.reflect.misc.MethodUtil                                                     : 519B

Classes loaded by more than one classloader:
Class Program                                                                         : loaded 5 times (x 70B)
Class org.gradle.internal.installation.GradleInstallation                             : loaded 2 times (x 73B)
Class com.google.common.collect.Iterators$MergingIterator                             : loaded 2 times (x 79B)
Class com.google.common.io.Closer$SuppressingSuppressor                               : loaded 2 times (x 73B)
Class org.objectweb.asm.ModuleVisitor                                                 : loaded 2 times (x 78B)
Class com.google.common.collect.Maps$IteratorBasedAbstractMap$1                       : loaded 2 times (x 136B)
Class [Lcom.google.common.collect.AbstractMapEntry;                                   : loaded 2 times (x 67B)
Class com.google.common.collect.SingletonImmutableList                                : loaded 2 times (x 167B)
Class com.bumptech.glide.annotation.compiler.RequestOptionsGenerator                  : loaded 2 times (x 70B)
Class com.google.common.cache.CacheLoader$SupplierToCacheLoader                       : loaded 2 times (x 73B)
Class org.gradle.internal.classpath.ClassPath                                         : loaded 2 times (x 68B)
Class com.google.common.cache.RemovalListener                                         : loaded 2 times (x 68B)
Class org.gradle.api.internal.classpath.DefaultModuleRegistry                         : loaded 2 times (x 84B)
Class com.google.common.collect.FluentIterable$1                                      : loaded 2 times (x 79B)
Class com.bumptech.glide.repackaged.com.google.common.base.Function                   : loaded 2 times (x 68B)
Class com.google.common.collect.FluentIterable$2                                      : loaded 2 times (x 79B)
Class com.google.common.collect.FluentIterable$3                                      : loaded 2 times (x 79B)
Class Settings_gradle$1$1                                                             : loaded 2 times (x 72B)
Class com.google.common.collect.ImmutableEnumSet                                      : loaded 2 times (x 144B)
Class com.google.common.collect.ListMultimap                                          : loaded 2 times (x 68B)
Class com.google.common.base.CharMatcher$JavaDigit                                    : loaded 2 times (x 109B)
Class com.google.common.base.CharMatcher$Digit                                        : loaded 2 times (x 110B)
Class com.google.common.collect.AbstractMultimap                                      : loaded 2 times (x 121B)
Class com.google.common.cache.CacheBuilder$OneWeigher                                 : loaded 2 times (x 80B)
Class org.gradle.api.Action                                                           : loaded 2 times (x 68B)
Class com.google.common.collect.ImmutableEntry                                        : loaded 2 times (x 80B)
Class com.google.common.collect.Lists$StringAsImmutableList                           : loaded 2 times (x 167B)
Class com.google.common.cache.LocalCache$StrongEntry                                  : loaded 2 times (x 106B)
Class org.objectweb.asm.FieldWriter                                                   : loaded 2 times (x 75B)
Class com.google.common.base.CharMatcher                                              : loaded 2 times (x 109B)
Class com.google.common.base.CharMatcher$IsNot                                        : loaded 2 times (x 109B)
Class com.google.common.collect.Maps$IteratorBasedAbstractMap                         : loaded 2 times (x 123B)
Class com.google.common.base.Splitter                                                 : loaded 2 times (x 70B)
Class [Lcom.google.common.cache.Weigher;                                              : loaded 2 times (x 67B)
Class com.google.common.collect.Iterators$ArrayItr                                    : loaded 2 times (x 95B)
Class com.google.common.cache.LocalCache$Segment                                      : loaded 2 times (x 152B)
Class org.gradle.api.internal.DefaultClassPathProvider                                : loaded 2 times (x 74B)
Class org.gradle.internal.installation.GradleInstallation$1                           : loaded 2 times (x 73B)
Class com.google.common.cache.LocalCache$AbstractReferenceEntry                       : loaded 2 times (x 105B)
Class org.objectweb.asm.Type                                                          : loaded 2 times (x 70B)
Class com.google.common.util.concurrent.AbstractFuture$Failure                        : loaded 2 times (x 70B)
Class com.google.common.base.CharMatcher$BitSetMatcher                                : loaded 2 times (x 110B)
Class com.google.common.collect.ImmutableMap$IteratorBasedImmutableMap                : loaded 2 times (x 123B)
Class com.google.common.reflect.Reflection                                            : loaded 2 times (x 69B)
Class com.google.common.collect.ImmutableMap                                          : loaded 2 times (x 118B)
Class com.google.common.base.Converter                                                : loaded 2 times (x 88B)
Class com.google.common.collect.ImmutableSet$EmptySetBuilderImpl                      : loaded 2 times (x 74B)
Class com.google.common.base.Equivalence                                              : loaded 2 times (x 80B)
Class com.google.common.primitives.Ints                                               : loaded 2 times (x 69B)
Class com.google.common.cache.LocalCache$EntryFactory$1                               : loaded 2 times (x 81B)
Class com.google.common.cache.LocalCache$EntryFactory$2                               : loaded 2 times (x 81B)
Class com.google.common.cache.LocalCache$EntryFactory$3                               : loaded 2 times (x 81B)
Class [Lcom.google.common.collect.Maps$EntryFunction;                                 : loaded 2 times (x 67B)
Class com.google.common.cache.LocalCache$EntryFactory$4                               : loaded 2 times (x 81B)
Class com.google.common.cache.LocalCache$EntryFactory$5                               : loaded 2 times (x 81B)
Class com.google.common.cache.LocalCache$EntryFactory$6                               : loaded 2 times (x 81B)
Class com.google.common.reflect.TypeResolver$TypeVariableKey                          : loaded 2 times (x 70B)
Class com.google.common.cache.LocalCache$EntryFactory$7                               : loaded 2 times (x 81B)
Class com.google.common.cache.LocalCache$EntryFactory$8                               : loaded 2 times (x 81B)
Class com.google.common.base.Predicate                                                : loaded 2 times (x 68B)
Class com.google.common.cache.LocalCache$StrongValueReference                         : loaded 2 times (x 88B)
Class org.gradle.internal.classloader.FilteringClassLoader                            : loaded 2 times (x 102B)
Class com.google.common.reflect.TypeResolver$TypeTable                                : loaded 2 times (x 71B)
Class com.google.common.reflect.Invokable$MethodInvokable                             : loaded 2 times (x 103B)
Class com.google.common.collect.RegularImmutableSet                                   : loaded 2 times (x 146B)
Class [Lcom.google.common.cache.LocalCache$Strength;                                  : loaded 2 times (x 67B)
Class org.gradle.internal.classpath.DefaultClassPath$ImmutableUniqueList$Builder      : loaded 2 times (x 73B)
Class com.google.common.collect.Maps$8                                                : loaded 2 times (x 80B)
Class com.google.common.base.PatternCompiler                                          : loaded 2 times (x 68B)
Class [Lcom.google.common.cache.CacheBuilder$NullListener;                            : loaded 2 times (x 67B)
Class com.google.common.base.CharMatcher$InRange                                      : loaded 2 times (x 109B)
Class com.google.common.collect.Maps$KeySet                                           : loaded 2 times (x 135B)
Class com.google.common.collect.Sets$SetView                                          : loaded 2 times (x 136B)
Class com.bumptech.glide.annotation.compiler.AppModuleGenerator                       : loaded 2 times (x 70B)
Class com.google.common.collect.BiMap                                                 : loaded 2 times (x 68B)
Class com.google.common.collect.Lists                                                 : loaded 2 times (x 69B)
Class org.objectweb.asm.AnnotationWriter                                              : loaded 2 times (x 76B)
Class com.google.common.math.IntMath$1                                                : loaded 2 times (x 69B)
Class org.gradle.internal.classloader.ClassLoaderVisitor                              : loaded 2 times (x 74B)
Class [Lcom.google.common.collect.HashBiMap$BiEntry;                                  : loaded 2 times (x 67B)
Class org.objectweb.asm.Label                                                         : loaded 2 times (x 71B)
Class com.google.common.cache.CacheBuilder$NullListener                               : loaded 2 times (x 80B)
Class com.google.common.math.MathPreconditions                                        : loaded 2 times (x 69B)
Class com.bumptech.glide.repackaged.com.squareup.javapoet.ClassName                   : loaded 2 times (x 80B)
Class org.gradle.internal.service.DefaultServiceLocator                               : loaded 2 times (x 81B)
Class org.gradle.internal.service.UnknownServiceException                             : loaded 2 times (x 81B)
Class com.google.common.util.concurrent.AbstractFuture$SynchronizedHelper             : loaded 2 times (x 76B)
Class com.google.common.collect.ArrayListMultimap                                     : loaded 2 times (x 170B)
Class com.google.common.collect.Collections2$FilteredCollection                       : loaded 2 times (x 117B)
Class com.google.common.base.Strings                                                  : loaded 2 times (x 69B)
Class com.google.common.io.Closer                                                     : loaded 2 times (x 76B)
Class com.google.common.cache.CacheLoader$InvalidCacheLoadException                   : loaded 2 times (x 80B)
Class org.gradle.internal.classloader.DefaultClassLoaderFactory                       : loaded 2 times (x 80B)
Class com.google.common.collect.UnmodifiableIterator                                  : loaded 2 times (x 78B)
Class com.google.common.base.Stopwatch                                                : loaded 2 times (x 70B)
Class com.google.common.reflect.Types                                                 : loaded 2 times (x 69B)
Class com.google.common.base.Platform$JdkPatternCompiler                              : loaded 2 times (x 73B)
Class com.google.common.cache.LocalCache$LoadingValueReference                        : loaded 2 times (x 94B)
Class com.google.common.base.CharMatcher$SingleWidth                                  : loaded 2 times (x 110B)
Class com.google.common.collect.Hashing                                               : loaded 2 times (x 69B)
Class [Lcom.google.common.reflect.Types$ClassOwnership;                               : loaded 2 times (x 67B)
Class com.google.common.base.JdkPattern                                               : loaded 2 times (x 73B)
Class com.google.common.base.Optional                                                 : loaded 2 times (x 78B)
Class com.google.common.collect.Multimap                                              : loaded 2 times (x 68B)
Class com.google.common.base.FunctionalEquivalence                                    : loaded 2 times (x 81B)
Class org.objectweb.asm.AnnotationVisitor                                             : loaded 2 times (x 75B)
Class org.objectweb.asm.RecordComponentWriter                                         : loaded 2 times (x 76B)
Class com.bumptech.glide.repackaged.com.squareup.javapoet.ArrayTypeName               : loaded 2 times (x 77B)
Class com.google.common.cache.LocalCache$1                                            : loaded 2 times (x 87B)
Class com.google.common.cache.LocalCache$2                                            : loaded 2 times (x 140B)
Class com.google.common.collect.RegularImmutableBiMap                                 : loaded 2 times (x 146B)
Class org.gradle.internal.classloader.VisitableURLClassLoader$Spec                    : loaded 2 times (x 72B)
Class org.gradle.api.GradleException                                                  : loaded 2 times (x 80B)
Class com.google.common.base.CharMatcher$JavaLetterOrDigit                            : loaded 2 times (x 109B)
Class org.gradle.api.internal.classpath.ModuleRegistry                                : loaded 2 times (x 68B)
Class com.google.common.collect.ForwardingObject                                      : loaded 2 times (x 70B)
Class com.google.common.reflect.TypeToken$1                                           : loaded 2 times (x 106B)
Class com.google.common.cache.CacheBuilder                                            : loaded 2 times (x 70B)
Class com.google.common.reflect.TypeToken$2                                           : loaded 2 times (x 106B)
Class org.objectweb.asm.ByteVector                                                    : loaded 2 times (x 76B)
Class com.google.common.collect.ImmutableCollection                                   : loaded 2 times (x 123B)
Class com.google.common.base.PairwiseEquivalence                                      : loaded 2 times (x 81B)
Class com.google.common.base.Ticker                                                   : loaded 2 times (x 70B)
Class org.gradle.api.internal.ClassPathProvider                                       : loaded 2 times (x 68B)
Class com.google.common.base.Ascii                                                    : loaded 2 times (x 69B)
Class com.google.common.collect.RegularImmutableMap$Values                            : loaded 2 times (x 167B)
Class org.objectweb.asm.ModuleWriter                                                  : loaded 2 times (x 79B)
Class org.gradle.internal.classloader.ClasspathUtil$1                                 : loaded 2 times (x 74B)
Class com.google.common.collect.ImmutableEnumMap                                      : loaded 2 times (x 123B)
Class com.google.common.collect.ForwardingMap                                         : loaded 2 times (x 130B)
Class com.google.common.collect.ImmutableList$ReverseImmutableList                    : loaded 2 times (x 168B)
Class com.google.common.cache.AbstractCache$StatsCounter                              : loaded 2 times (x 68B)
Class com.google.common.collect.Maps$EntryFunction$1                                  : loaded 2 times (x 89B)
Class com.google.common.collect.Maps$EntryFunction$2                                  : loaded 2 times (x 89B)
Class org.objectweb.asm.FieldVisitor                                                  : loaded 2 times (x 74B)
Class org.objectweb.asm.Symbol                                                        : loaded 2 times (x 71B)
Class com.google.common.reflect.TypeToken                                             : loaded 2 times (x 71B)
Class com.google.common.cache.LocalCache$Strength$1                                   : loaded 2 times (x 79B)
Class com.google.common.cache.LocalCache$Strength$2                                   : loaded 2 times (x 79B)
Class com.google.common.cache.LocalCache$Strength$3                                   : loaded 2 times (x 79B)
Class org.gradle.internal.classloader.ClassLoaderFactory                              : loaded 2 times (x 68B)
Class com.google.common.collect.ObjectArrays                                          : loaded 2 times (x 69B)
Class com.google.common.base.Absent                                                   : loaded 2 times (x 78B)
Class com.google.common.util.concurrent.AbstractFuture$Waiter                         : loaded 2 times (x 70B)
Class com.google.common.util.concurrent.Uninterruptibles                              : loaded 2 times (x 69B)
Class com.google.common.collect.Iterators$10                                          : loaded 2 times (x 79B)
Class com.google.common.collect.ImmutableList                                         : loaded 2 times (x 166B)
Class org.gradle.api.internal.classpath.ManifestUtil                                  : loaded 2 times (x 69B)
Class org.gradle.api.specs.Spec                                                       : loaded 2 times (x 68B)
Class com.google.common.cache.CacheLoader$UnsupportedLoadingOperationException        : loaded 2 times (x 80B)
Class com.google.common.base.CharMatcher$Whitespace                                   : loaded 2 times (x 110B)
Class com.google.common.util.concurrent.ListenableFuture                              : loaded 2 times (x 68B)
Class com.google.common.collect.Iterators$1                                           : loaded 2 times (x 79B)
Class com.bumptech.glide.repackaged.com.google.common.collect.RegularImmutableAsList  : loaded 2 times (x 169B)
Class com.bumptech.glide.repackaged.com.google.common.collect.ImmutableAsList         : loaded 2 times (x 167B)
Class com.bumptech.glide.annotation.compiler.RequestManagerFactoryGenerator           : loaded 2 times (x 70B)
Class com.google.common.collect.Iterators$4                                           : loaded 2 times (x 80B)
Class com.google.common.collect.RegularImmutableMap$BucketOverflowException           : loaded 2 times (x 80B)
Class com.google.common.collect.Iterators$5                                           : loaded 2 times (x 80B)
Class com.google.common.collect.Iterators$6                                           : loaded 2 times (x 79B)
Class com.google.common.util.concurrent.AbstractFuture$UnsafeAtomicHelper             : loaded 2 times (x 76B)
Class com.google.common.base.Joiner                                                   : loaded 2 times (x 77B)
Class com.google.common.base.Equivalence$Equals                                       : loaded 2 times (x 80B)
Class com.google.common.base.Preconditions                                            : loaded 2 times (x 69B)
Class com.google.common.base.Function                                                 : loaded 2 times (x 68B)
Class com.google.common.collect.Iterators$9                                           : loaded 2 times (x 79B)
Class org.gradle.internal.IoActions                                                   : loaded 2 times (x 69B)
Class com.google.common.cache.ReferenceEntry                                          : loaded 2 times (x 68B)
Class com.google.common.collect.RegularImmutableMap$KeySet                            : loaded 2 times (x 148B)
Class com.google.common.collect.CollectPreconditions                                  : loaded 2 times (x 69B)
Class [Lcom.google.common.base.Function;                                              : loaded 2 times (x 67B)
Class com.google.common.primitives.IntsMethodsForWeb                                  : loaded 2 times (x 69B)
Class com.bumptech.glide.repackaged.com.squareup.javapoet.TypeVariableName            : loaded 2 times (x 77B)
Class com.google.common.collect.Maps                                                  : loaded 2 times (x 69B)
Class com.google.common.collect.RegularImmutableMap                                   : loaded 2 times (x 119B)
Class com.bumptech.glide.annotation.compiler.LibraryModuleProcessor                   : loaded 2 times (x 70B)
Class com.google.common.collect.AbstractIndexedListIterator                           : loaded 2 times (x 94B)
Class com.bumptech.glide.repackaged.com.google.common.collect.RegularImmutableSet     : loaded 2 times (x 141B)
Class com.bumptech.glide.repackaged.com.google.common.collect.ImmutableSet            : loaded 2 times (x 140B)
Class com.google.common.base.CharMatcher$None                                         : loaded 2 times (x 110B)
Class org.gradle.api.internal.classpath.EffectiveClassPath                            : loaded 2 times (x 88B)
Class com.google.common.collect.UnmodifiableListIterator                              : loaded 2 times (x 93B)
Class com.google.common.cache.CacheLoader$FunctionToCacheLoader                       : loaded 2 times (x 73B)
Class com.google.common.cache.CacheBuilder$1                                          : loaded 2 times (x 83B)
Class com.google.common.cache.CacheBuilder$2                                          : loaded 2 times (x 77B)
Class com.google.common.collect.ImmutableList$1                                       : loaded 2 times (x 95B)
Class com.google.common.base.Splitter$Strategy                                        : loaded 2 times (x 68B)
Class com.google.common.cache.CacheBuilder$3                                          : loaded 2 times (x 70B)
Class com.google.common.collect.ImmutableMapEntrySet$RegularEntrySet                  : loaded 2 times (x 149B)
Class com.google.common.base.Predicates$CompositionPredicate                          : loaded 2 times (x 86B)
Class [Lcom.google.common.cache.RemovalListener;                                      : loaded 2 times (x 67B)
Class [Lcom.google.common.collect.ImmutableMapEntry;                                  : loaded 2 times (x 67B)
Class org.gradle.internal.installation.CurrentGradleInstallation                      : loaded 2 times (x 71B)
Class org.gradle.internal.agents.InstrumentingClassLoader                             : loaded 2 times (x 68B)
Class org.gradle.internal.installation.CurrentGradleInstallationLocator               : loaded 2 times (x 69B)
Class [Lcom.google.common.cache.LocalCache$Segment;                                   : loaded 2 times (x 67B)
Class org.gradle.api.internal.classpath.Module                                        : loaded 2 times (x 68B)
Class com.google.common.base.Splitter$1$1                                             : loaded 2 times (x 84B)
Class com.google.common.collect.ImmutableSet$JdkBackedSetBuilderImpl                  : loaded 2 times (x 74B)
Class com.google.common.reflect.Types$TypeVariableInvocationHandler                   : loaded 2 times (x 73B)
Class com.google.common.reflect.Types$ClassOwnership                                  : loaded 2 times (x 78B)
Class com.bumptech.glide.annotation.GlideModule                                       : loaded 2 times (x 68B)
Class com.google.common.collect.ImmutableSet$RegularSetBuilderImpl                    : loaded 2 times (x 75B)
Class org.gradle.internal.service.CachingServiceLocator                               : loaded 2 times (x 80B)
Class [Lcom.google.common.collect.ImmutableEntry;                                     : loaded 2 times (x 67B)
Class com.google.common.collect.Sets$ImprovedAbstractSet                              : loaded 2 times (x 133B)
Class org.gradle.internal.classpath.DefaultClassPath                                  : loaded 2 times (x 88B)
Class com.google.common.util.concurrent.AbstractFuture$SetFuture                      : loaded 2 times (x 73B)
Class com.bumptech.glide.repackaged.com.google.common.base.Predicate                  : loaded 2 times (x 68B)
Class com.google.common.collect.TransformedIterator                                   : loaded 2 times (x 78B)
Class com.google.common.base.Splitter$SplittingIterator                               : loaded 2 times (x 82B)
Class com.google.common.reflect.TypeParameter                                         : loaded 2 times (x 70B)
Class com.google.common.cache.LocalCache$LocalManualCache$1                           : loaded 2 times (x 73B)
Class Build_gradle$1                                                                  : loaded 2 times (x 72B)
Class Build_gradle$2                                                                  : loaded 2 times (x 76B)
Class com.google.common.reflect.Types$ClassOwnership$1LocalClass                      : loaded 2 times (x 69B)
Class com.google.common.collect.Lists$RandomAccessReverseList                         : loaded 2 times (x 160B)
Class [Lcom.google.common.collect.AbstractIterator$State;                             : loaded 2 times (x 67B)
Class org.objectweb.asm.SymbolTable$Entry                                             : loaded 2 times (x 72B)
Class [Lcom.google.common.cache.LocalCache$EntryFactory;                              : loaded 2 times (x 67B)
Class com.google.common.base.CharMatcher$Is                                           : loaded 2 times (x 109B)
Class com.google.common.collect.Maps$AbstractFilteredMap                              : loaded 2 times (x 125B)
Class com.google.common.base.Platform                                                 : loaded 2 times (x 69B)
Class com.google.common.collect.RegularImmutableAsList                                : loaded 2 times (x 176B)
Class com.google.common.base.Suppliers$NonSerializableMemoizingSupplier               : loaded 2 times (x 77B)
Class com.google.common.collect.PeekingIterator                                       : loaded 2 times (x 68B)
Class com.bumptech.glide.repackaged.com.google.common.collect.ImmutableCollection     : loaded 2 times (x 121B)
Class com.google.common.reflect.TypeResolver$TypeTable$1                              : loaded 2 times (x 71B)
Class com.google.common.collect.ImmutableMapEntrySet                                  : loaded 2 times (x 149B)
Class com.google.common.cache.CacheLoader                                             : loaded 2 times (x 72B)
Class com.google.common.collect.ImmutableBiMapFauxverideShim                          : loaded 2 times (x 118B)
Class org.objectweb.asm.MethodTooLargeException                                       : loaded 2 times (x 81B)
Class com.google.common.collect.HashBiMap$Inverse                                     : loaded 2 times (x 140B)
Class com.google.common.cache.Cache                                                   : loaded 2 times (x 68B)
Class com.google.common.collect.Maps$EntrySet                                         : loaded 2 times (x 134B)
Class org.gradle.internal.classloader.SystemClassLoaderSpec                           : loaded 2 times (x 69B)
Class com.google.common.util.concurrent.internal.InternalFutureFailureAccess          : loaded 2 times (x 70B)
Class com.google.common.base.Charsets                                                 : loaded 2 times (x 69B)
Class com.google.common.primitives.Ints$IntConverter                                  : loaded 2 times (x 88B)
Class com.google.common.collect.SingletonImmutableSet                                 : loaded 2 times (x 144B)
Class com.google.common.reflect.Types$TypeVariableImpl                                : loaded 2 times (x 70B)
Class [Lcom.google.common.base.AbstractIterator$State;                                : loaded 2 times (x 67B)
Class com.google.common.collect.ImmutableMap$Builder                                  : loaded 2 times (x 80B)
Class com.google.common.base.AbstractIterator                                         : loaded 2 times (x 78B)
Class org.objectweb.asm.ClassWriter                                                   : loaded 2 times (x 102B)
Class com.google.common.base.AbstractIterator$1                                       : loaded 2 times (x 69B)
Class com.bumptech.glide.annotation.compiler.ExtensionProcessor                       : loaded 2 times (x 70B)
Class [Lcom.google.common.cache.CacheBuilder$OneWeigher;                              : loaded 2 times (x 67B)
Class com.google.common.collect.Iterators                                             : loaded 2 times (x 69B)
Class com.google.common.base.CharMatcher$Ascii                                        : loaded 2 times (x 110B)
Class com.google.common.base.CharMatcher$1                                            : loaded 2 times (x 111B)
Class com.google.common.cache.LocalCache$ComputingValueReference                      : loaded 2 times (x 94B)
Class com.google.common.collect.ImmutableList$SerializedForm                          : loaded 2 times (x 71B)
Class org.gradle.api.UncheckedIOException                                             : loaded 2 times (x 80B)
Class com.google.common.base.CharMatcher$And                                          : loaded 2 times (x 110B)
Class com.google.common.collect.IndexedImmutableSet                                   : loaded 2 times (x 148B)
Class com.bumptech.glide.annotation.compiler.AppModuleProcessor                       : loaded 2 times (x 70B)
Class com.google.common.base.ExtraObjectsMethodsForWeb                                : loaded 2 times (x 69B)
Class com.google.common.collect.IndexedImmutableSet$1                                 : loaded 2 times (x 172B)
Class com.google.common.collect.AbstractListMultimap                                  : loaded 2 times (x 170B)
Class com.google.common.base.CharMatcher$Any                                          : loaded 2 times (x 110B)
Class com.google.common.reflect.TypeCapture                                           : loaded 2 times (x 69B)
Class com.google.common.cache.LocalCache$Strength                                     : loaded 2 times (x 79B)
Class com.google.common.collect.AbstractMapBasedMultimap$KeySet                       : loaded 2 times (x 135B)
Class com.google.common.collect.ArrayListMultimapGwtSerializationDependencies         : loaded 2 times (x 170B)
Class com.google.common.base.CharMatcher$RangesMatcher                                : loaded 2 times (x 110B)
Class org.objectweb.asm.Handler                                                       : loaded 2 times (x 70B)
Class com.bumptech.glide.annotation.GlideExtension                                    : loaded 2 times (x 68B)
Class com.google.common.collect.ImmutableList$SubList                                 : loaded 2 times (x 168B)
Class com.google.common.cache.LocalCache$ValueReference                               : loaded 2 times (x 68B)
Class com.google.common.collect.CollectSpliterators                                   : loaded 2 times (x 69B)
Class org.gradle.internal.classloader.ClasspathUtil                                   : loaded 2 times (x 69B)
Class org.objectweb.asm.CurrentFrame                                                  : loaded 2 times (x 71B)
Class com.google.common.util.concurrent.AbstractFuture                                : loaded 2 times (x 93B)
Class com.google.common.reflect.TypeResolver                                          : loaded 2 times (x 70B)
Class com.google.common.base.Splitter$1                                               : loaded 2 times (x 75B)
Class com.google.common.base.Ticker$1                                                 : loaded 2 times (x 70B)
Class com.google.common.collect.Maps$BiMapConverter                                   : loaded 2 times (x 88B)
Class org.gradle.api.internal.DefaultClassPathRegistry                                : loaded 2 times (x 74B)
Class com.google.common.collect.AbstractIterator$State                                : loaded 2 times (x 77B)
Class [Lorg.objectweb.asm.Symbol;                                                     : loaded 2 times (x 67B)
Class com.google.common.util.concurrent.AbstractFuture$Cancellation                   : loaded 2 times (x 70B)
Class com.google.common.base.Predicates                                               : loaded 2 times (x 69B)
Class com.google.common.collect.ImmutableSet$SetBuilderImpl                           : loaded 2 times (x 74B)
Class org.gradle.api.internal.classpath.DefaultModuleRegistry$DefaultModule           : loaded 2 times (x 84B)
Class com.google.common.base.CharMatcher$JavaIsoControl                               : loaded 2 times (x 110B)
Class com.google.common.collect.ImmutableMap$1                                        : loaded 2 times (x 79B)
Class com.bumptech.glide.annotation.compiler.RequestOptionsOverrideGenerator          : loaded 2 times (x 70B)
Class com.google.common.base.CharMatcher$Or                                           : loaded 2 times (x 110B)
Class com.google.common.base.Suppliers$SupplierOfInstance                             : loaded 2 times (x 77B)
Class org.objectweb.asm.RecordComponentVisitor                                        : loaded 2 times (x 75B)
Class com.google.common.reflect.Types$ClassOwnership$1                                : loaded 2 times (x 78B)
Class com.google.common.reflect.Invokable                                             : loaded 2 times (x 99B)
Class com.google.common.reflect.Types$ClassOwnership$2                                : loaded 2 times (x 78B)
Class com.google.common.reflect.Types$ClassOwnership$3                                : loaded 2 times (x 69B)
Class com.google.common.cache.LocalCache$HashIterator                                 : loaded 2 times (x 84B)
Class com.google.common.collect.Iterables                                             : loaded 2 times (x 69B)
Class com.google.common.base.CharMatcher$JavaLowerCase                                : loaded 2 times (x 109B)
Class com.google.common.cache.LocalCache$WriteThroughEntry                            : loaded 2 times (x 77B)
Class org.objectweb.asm.ClassTooLargeException                                        : loaded 2 times (x 81B)
Class org.gradle.api.internal.classpath.UnknownModuleException                        : loaded 2 times (x 80B)
Class com.google.common.collect.FluentIterable                                        : loaded 2 times (x 79B)
Class com.google.common.util.concurrent.AbstractFuture$Listener                       : loaded 2 times (x 70B)
Class com.google.common.collect.Iterables$5                                           : loaded 2 times (x 79B)
Class org.objectweb.asm.Edge                                                          : loaded 2 times (x 70B)
Class com.google.common.collect.Maps$EntryTransformer                                 : loaded 2 times (x 68B)
Class com.google.common.collect.ImmutableCollection$Builder                           : loaded 2 times (x 74B)
Class com.bumptech.glide.repackaged.com.squareup.javapoet.TypeName                    : loaded 2 times (x 77B)
Class com.bumptech.glide.annotation.compiler.GlideGenerator                           : loaded 2 times (x 70B)
Class [Lorg.objectweb.asm.SymbolTable$Entry;                                          : loaded 2 times (x 67B)
Class com.google.common.reflect.Types$JavaVersion                                     : loaded 2 times (x 81B)
Class com.google.common.collect.SingletonImmutableBiMap                               : loaded 2 times (x 141B)
Class com.google.common.base.CommonPattern                                            : loaded 2 times (x 72B)
Class com.google.common.base.Suppliers$MemoizingSupplier                              : loaded 2 times (x 77B)
Class com.google.common.base.Suppliers                                                : loaded 2 times (x 69B)
Class com.bumptech.glide.annotation.compiler.GlideAnnotationProcessor                 : loaded 2 times (x 85B)
Class org.objectweb.asm.ClassVisitor                                                  : loaded 2 times (x 85B)
Class com.bumptech.glide.repackaged.com.google.common.collect.SingletonImmutableSet   : loaded 2 times (x 141B)
Class com.google.common.cache.LoadingCache                                            : loaded 2 times (x 68B)
Class org.gradle.internal.service.ServiceLookupException                              : loaded 2 times (x 80B)
Class org.gradle.cache.GlobalCache                                                    : loaded 2 times (x 68B)
Class com.google.common.base.Present                                                  : loaded 2 times (x 79B)
Class com.google.common.base.CharMatcher$NegatedFastMatcher                           : loaded 2 times (x 111B)
Class [Lorg.gradle.api.internal.ClassPathProvider;                                    : loaded 2 times (x 67B)
Class com.google.common.util.concurrent.AbstractFuture$SafeAtomicHelper               : loaded 2 times (x 77B)
Class com.bumptech.glide.repackaged.com.google.common.collect.ImmutableList           : loaded 2 times (x 165B)
Class org.gradle.util.internal.GUtil                                                  : loaded 2 times (x 69B)
Class com.google.common.math.IntMath                                                  : loaded 2 times (x 69B)
Class [Lcom.google.common.reflect.Types$JavaVersion;                                  : loaded 2 times (x 67B)
Class com.google.common.collect.AbstractIterator                                      : loaded 2 times (x 80B)
Class org.gradle.internal.classloader.ClassLoaderSpec                                 : loaded 2 times (x 69B)
Class com.google.common.base.NullnessCasts                                            : loaded 2 times (x 69B)
Class org.objectweb.asm.Frame                                                         : loaded 2 times (x 71B)
Class com.google.common.cache.LocalCache$LocalManualCache                             : loaded 2 times (x 97B)
Class com.google.common.collect.AbstractMapEntry                                      : loaded 2 times (x 79B)
Class com.google.common.collect.ImmutableList$Builder                                 : loaded 2 times (x 75B)
Class com.google.common.base.CharMatcher$Negated                                      : loaded 2 times (x 111B)
Class com.google.common.cache.CacheLoader$1                                           : loaded 2 times (x 73B)
Class com.google.common.util.concurrent.AbstractFuture$TrustedFuture                  : loaded 2 times (x 95B)
Class com.google.common.collect.Maps$ViewCachingAbstractMap                           : loaded 2 times (x 123B)
Class com.google.common.collect.Sets                                                  : loaded 2 times (x 69B)
Class com.google.common.collect.ImmutableSet$Builder                                  : loaded 2 times (x 83B)
Class com.google.common.collect.Sets$FilteredSet                                      : loaded 2 times (x 135B)
Class com.google.common.base.CharMatcher$ForPredicate                                 : loaded 2 times (x 110B)
Class com.google.common.collect.ImmutableMap$MapViewOfValuesAsSingletonSets           : loaded 2 times (x 123B)
Class com.google.common.base.MoreObjects                                              : loaded 2 times (x 69B)
Class com.google.common.collect.SortedMapDifference                                   : loaded 2 times (x 68B)
Class org.objectweb.asm.SymbolTable                                                   : loaded 2 times (x 70B)
Class com.bumptech.glide.annotation.compiler.IndexerGenerator                         : loaded 2 times (x 70B)
Class com.google.common.cache.CacheStats                                              : loaded 2 times (x 69B)
Class org.objectweb.asm.Attribute                                                     : loaded 2 times (x 75B)
Class com.bumptech.glide.repackaged.com.squareup.javapoet.ParameterizedTypeName       : loaded 2 times (x 77B)
Class org.gradle.internal.classloader.VisitableURLClassLoader                         : loaded 2 times (x 114B)
Class com.google.common.cache.LocalCache$LocalLoadingCache                            : loaded 2 times (x 132B)
Class com.google.common.base.Supplier                                                 : loaded 2 times (x 68B)
Class com.google.common.collect.HashBiMap$BiEntry                                     : loaded 2 times (x 81B)
Class com.google.common.base.Objects                                                  : loaded 2 times (x 69B)
Class com.google.common.util.concurrent.AbstractFuture$AtomicHelper                   : loaded 2 times (x 76B)
Class com.google.common.collect.ImmutableBiMap                                        : loaded 2 times (x 141B)
Class org.gradle.internal.Cast                                                        : loaded 2 times (x 69B)
Class com.google.common.hash.PrimitiveSink                                            : loaded 2 times (x 68B)
Class com.bumptech.glide.repackaged.com.google.common.collect.Hashing                 : loaded 2 times (x 69B)
Class com.bumptech.glide.repackaged.com.google.common.collect.ObjectArrays            : loaded 2 times (x 69B)
Class Build_gradle                                                                    : loaded 2 times (x 128B)
Class org.gradle.api.internal.ClassPathRegistry                                       : loaded 2 times (x 68B)
Class com.google.common.cache.LocalCache$EntryFactory                                 : loaded 2 times (x 81B)
Class com.google.common.util.concurrent.UncheckedExecutionException                   : loaded 2 times (x 80B)
Class com.google.common.collect.ImmutableSet                                          : loaded 2 times (x 143B)
Class org.gradle.internal.classloader.VisitableURLClassLoader$InstrumentingVisitableURLClassLoader: loaded 2 times (x 120B)
Class org.gradle.internal.classloader.ClassLoaderHierarchy                            : loaded 2 times (x 68B)
Class com.google.common.collect.Lists$ReverseList                                     : loaded 2 times (x 160B)
Class com.google.common.io.Closer$Suppressor                                          : loaded 2 times (x 68B)
Class [Lorg.objectweb.asm.Type;                                                       : loaded 2 times (x 67B)
Class com.google.common.collect.Lists$ReverseList$1                                   : loaded 2 times (x 97B)
Class com.google.common.base.AbstractIterator$State                                   : loaded 2 times (x 77B)
Class com.google.common.cache.Weigher                                                 : loaded 2 times (x 68B)
Class com.google.common.base.CharMatcher$NamedFastMatcher                             : loaded 2 times (x 110B)
Class org.gradle.internal.InternalTransformer                                         : loaded 2 times (x 68B)
Class org.gradle.internal.service.ServiceLocator                                      : loaded 2 times (x 68B)
Class Settings_gradle$1                                                               : loaded 2 times (x 72B)
Class com.google.common.util.concurrent.SettableFuture                                : loaded 2 times (x 95B)
Class com.google.common.collect.ImmutableMapEntry                                     : loaded 2 times (x 83B)
Class com.google.common.reflect.Types$ParameterizedTypeImpl                           : loaded 2 times (x 79B)
Class com.google.common.collect.Maps$EntryFunction                                    : loaded 2 times (x 89B)
Class com.google.common.base.CharMatcher$Invisible                                    : loaded 2 times (x 110B)
Class com.google.common.base.Joiner$1                                                 : loaded 2 times (x 78B)
Class com.google.common.base.Joiner$2                                                 : loaded 2 times (x 77B)
Class com.google.common.collect.HashBiMap                                             : loaded 2 times (x 141B)
Class com.google.common.reflect.Types$JavaVersion$1                                   : loaded 2 times (x 81B)
Class com.google.common.base.CharMatcher$FastMatcher                                  : loaded 2 times (x 109B)
Class com.google.common.reflect.Types$JavaVersion$2                                   : loaded 2 times (x 81B)
Class com.google.common.reflect.Types$JavaVersion$3                                   : loaded 2 times (x 81B)
Class org.gradle.internal.classpath.DefaultClassPath$ImmutableUniqueList              : loaded 2 times (x 159B)
Class com.google.common.reflect.Types$JavaVersion$4                                   : loaded 2 times (x 81B)
Class com.google.common.reflect.Types$JavaVersion$5                                   : loaded 2 times (x 69B)
Class com.google.common.base.CharMatcher$JavaLetter                                   : loaded 2 times (x 109B)
Class org.gradle.internal.classpath.TransformedClassPath                              : loaded 2 times (x 94B)
Class com.bumptech.glide.annotation.compiler.RequestBuilderGenerator                  : loaded 2 times (x 70B)
Class com.google.common.collect.MapDifference                                         : loaded 2 times (x 68B)
Class com.google.common.reflect.TypeToken$SimpleTypeToken                             : loaded 2 times (x 71B)
Class com.google.common.collect.Sets$1                                                : loaded 2 times (x 137B)
Class com.google.common.collect.Sets$2                                                : loaded 2 times (x 137B)
Class com.google.common.util.concurrent.AbstractFuture$Trusted                        : loaded 2 times (x 68B)
Class com.google.common.collect.Sets$3                                                : loaded 2 times (x 137B)
Class com.google.common.collect.Sets$4                                                : loaded 2 times (x 137B)
Class com.google.common.reflect.Types$NativeTypeVariableEquals                        : loaded 2 times (x 69B)
Class Settings_gradle                                                                 : loaded 2 times (x 126B)
Class com.bumptech.glide.annotation.compiler.ProcessorUtil                            : loaded 2 times (x 70B)
Class org.objectweb.asm.MethodWriter                                                  : loaded 2 times (x 103B)
Class com.google.common.collect.Platform                                              : loaded 2 times (x 69B)
Class com.google.common.collect.ImmutableAsList                                       : loaded 2 times (x 169B)
Class com.google.common.util.concurrent.ExecutionError                                : loaded 2 times (x 80B)
Class com.google.common.base.Equivalence$Identity                                     : loaded 2 times (x 80B)
Class com.google.common.base.CharMatcher$AnyOf                                        : loaded 2 times (x 110B)
Class com.google.common.base.CharMatcher$IsEither                                     : loaded 2 times (x 109B)
Class com.google.common.collect.AbstractIterator$1                                    : loaded 2 times (x 69B)
Class com.google.common.cache.LocalCache                                              : loaded 2 times (x 185B)
Class com.google.common.collect.RegularImmutableList                                  : loaded 2 times (x 172B)
Class com.google.common.util.concurrent.AbstractFuture$UnsafeAtomicHelper$1           : loaded 2 times (x 74B)
Class com.google.common.base.CharMatcher$JavaUpperCase                                : loaded 2 times (x 109B)
Class com.bumptech.glide.annotation.compiler.RequestManagerGenerator                  : loaded 2 times (x 70B)
Class com.google.common.collect.Multiset                                              : loaded 2 times (x 68B)
Class com.bumptech.glide.annotation.compiler.GlideExtensionValidator                  : loaded 2 times (x 70B)
Class com.google.common.collect.ImmutableSet$CachingAsList                            : loaded 2 times (x 145B)
Class com.bumptech.glide.repackaged.com.squareup.javapoet.Util                        : loaded 2 times (x 69B)
Class com.google.common.reflect.Invokable$ConstructorInvokable                        : loaded 2 times (x 103B)
Class org.objectweb.asm.MethodVisitor                                                 : loaded 2 times (x 102B)
Class com.google.common.collect.AbstractMapBasedMultimap$KeySet$1                     : loaded 2 times (x 80B)
Class com.google.common.collect.ImmutableMapEntry$NonTerminalImmutableMapEntry        : loaded 2 times (x 83B)
Class com.google.common.collect.AbstractMapBasedMultimap                              : loaded 2 times (x 137B)


---------------  S Y S T E M  ---------------

OS:
 Windows 11 , 64 bit Build 22621 (10.0.22621.3235)
OS uptime: 0 days 0:19 hours

CPU: total 8 (initial active 8) (4 cores per cpu, 2 threads per core) family 6 model 140 stepping 1 microcode 0xb4, cx8, cmov, fxsr, ht, mmx, 3dnowpref, sse, sse2, sse3, ssse3, sse4.1, sse4.2, popcnt, lzcnt, tsc, tscinvbit, avx, avx2, aes, erms, clmul, bmi1, bmi2, adx, avx512f, avx512dq, avx512cd, avx512bw, avx512vl, sha, fma, vzeroupper, avx512_vpopcntdq, avx512_vpclmulqdq, avx512_vaes, avx512_vnni, clflush, clflushopt, clwb, avx512_vbmi2, avx512_vbmi

Memory: 4k page, system-wide physical 16106M (2681M free)
TotalPageFile size 19066M (AvailPageFile size 224M)
current process WorkingSet (physical memory assigned to process): 664M, peak: 664M
current process commit charge ("private bytes"): 698M, peak: 1214M

vm_info: OpenJDK 64-Bit Server VM (17.0.7+0-b2043.56-10550314) for windows-amd64 JRE (17.0.7+0-b2043.56-10550314), built on Jul 24 2023 18:27:45 by "androidbuild" with MS VC++ 16.10 / 16.11 (VS2019)

END.
