#
# There is insufficient memory for the Java Runtime Environment to continue.
# Native memory allocation (mmap) failed to map 286261248 bytes for G1 virtual space
# Possible reasons:
#   The system is out of physical RAM or swap space
#   The process is running with CompressedOops enabled, and the Java Heap may be blocking the growth of the native heap
# Possible solutions:
#   Reduce memory load on the system
#   Increase physical memory or swap space
#   Check if swap backing store is full
#   Decrease Java heap size (-Xmx/-Xms)
#   Decrease number of Java threads
#   Decrease Java thread stack sizes (-Xss)
#   Set larger code cache with -XX:ReservedCodeCacheSize=
#   JVM is running with Unscaled Compressed Oops mode in which the Java heap is
#     placed in the first 4GB address space. The Java Heap base address is the
#     maximum limit for the native heap growth. Please use -XX:HeapBaseMinAddress
#     to set the Java Heap base and to place the Java Heap above 4GB virtual address.
# This output file may be truncated or incomplete.
#
#  Out of Memory Error (os_windows.cpp:3771), pid=6840, tid=20336
#
# JRE version: OpenJDK Runtime Environment (17.0.7) (build 17.0.7+0-b2043.56-10550314)
# Java VM: OpenJDK 64-Bit Server VM (17.0.7+0-b2043.56-10550314, mixed mode, tiered, compressed oops, compressed class ptrs, g1 gc, windows-amd64)
# No core dump will be written. Minidumps are not enabled by default on client versions of Windows
#

---------------  S U M M A R Y ------------

Command Line: --add-opens=java.base/java.util=ALL-UNNAMED --add-opens=java.base/java.lang=ALL-UNNAMED --add-opens=java.base/java.lang.invoke=ALL-UNNAMED --add-opens=java.prefs/java.util.prefs=ALL-UNNAMED --add-opens=java.base/java.nio.charset=ALL-UNNAMED --add-opens=java.base/java.net=ALL-UNNAMED --add-opens=java.base/java.util.concurrent.atomic=ALL-UNNAMED -Xmx2048m -Dfile.encoding=UTF-8 -Duser.country=US -Duser.language=en -Duser.variant -javaagent:C:\Users\minhm\.gradle\wrapper\dists\gradle-8.2-bin\bbg7u40eoinfdyxsxr3z4i7ta\gradle-8.2\lib\agents\gradle-instrumentation-agent-8.2.jar org.gradle.launcher.daemon.bootstrap.GradleDaemon 8.2

Host: 11th Gen Intel(R) Core(TM) i5-1135G7 @ 2.40GHz, 8 cores, 15G,  Windows 11 , 64 bit Build 22621 (10.0.22621.3235)
Time: Sun Apr  7 14:12:37 2024 SE Asia Standard Time elapsed time: 11.280628 seconds (0d 0h 0m 11s)

---------------  T H R E A D  ---------------

Current thread (0x000001e7bb3ad5b0):  VMThread "VM Thread" [stack: 0x0000008357a00000,0x0000008357b00000] [id=20336]

Stack: [0x0000008357a00000,0x0000008357b00000]
Native frames: (J=compiled Java code, j=interpreted, Vv=VM code, C=native code)
V  [jvm.dll+0x683bfa]
V  [jvm.dll+0x8430a4]
V  [jvm.dll+0x8449be]
V  [jvm.dll+0x845023]
V  [jvm.dll+0x24ad2f]
V  [jvm.dll+0x680ac9]
V  [jvm.dll+0x67519a]
V  [jvm.dll+0x30b3cb]
V  [jvm.dll+0x312876]
V  [jvm.dll+0x36221e]
V  [jvm.dll+0x36244f]
V  [jvm.dll+0x2e14a8]
V  [jvm.dll+0x2df684]
V  [jvm.dll+0x2dec8c]
V  [jvm.dll+0x32382b]
V  [jvm.dll+0x8496eb]
V  [jvm.dll+0x84a424]
V  [jvm.dll+0x84a93d]
V  [jvm.dll+0x84ad14]
V  [jvm.dll+0x84ade0]
V  [jvm.dll+0x7f2aea]
V  [jvm.dll+0x682a35]
C  [ucrtbase.dll+0x29363]
C  [KERNEL32.DLL+0x1257d]
C  [ntdll.dll+0x5aa58]

VM_Operation (0x00000083626fe640): G1CollectForAllocation, mode: safepoint, requested by thread 0x000001e7c7547230


---------------  P R O C E S S  ---------------

Threads class SMR info:
_java_thread_list=0x000001e7c5244660, length=157, elements={
0x000001e7a13e0420, 0x000001e7bb404630, 0x000001e7bb4051e0, 0x000001e7bb4506a0,
0x000001e7bb451160, 0x000001e7bb451d10, 0x000001e7bb4567e0, 0x000001e7bb4574c0,
0x000001e7bb457f60, 0x000001e7bb458f60, 0x000001e7bb391800, 0x000001e7bb6a2da0,
0x000001e7bb6e0ed0, 0x000001e7c1472530, 0x000001e7c1ac1c60, 0x000001e7c2577720,
0x000001e7c20da400, 0x000001e7c20da8d0, 0x000001e7c14365d0, 0x000001e7c2667050,
0x000001e7c020def0, 0x000001e7c020d080, 0x000001e7c020d550, 0x000001e7c020da20,
0x000001e7c020cbb0, 0x000001e7c020c6e0, 0x000001e7c3595960, 0x000001e7c020e3c0,
0x000001e7c020c210, 0x000001e7c020aed0, 0x000001e7c020e890, 0x000001e7c020bd40,
0x000001e7c32bbf90, 0x000001e7c32b8f70, 0x000001e7c32b85d0, 0x000001e7c32b9de0,
0x000001e7c32b7c30, 0x000001e7c32b8100, 0x000001e7c32b68f0, 0x000001e7c32b6dc0,
0x000001e7c32ba2b0, 0x000001e7c32b7290, 0x000001e7c32bb5f0, 0x000001e7c32bb120,
0x000001e7c32b6420, 0x000001e7c32b7760, 0x000001e7c32b55b0, 0x000001e7c32b50e0,
0x000001e7c32b9910, 0x000001e7c32bc460, 0x000001e7c32b5a80, 0x000001e7c60638b0,
0x000001e7c6066400, 0x000001e7c60668d0, 0x000001e7c6067740, 0x000001e7c6064720,
0x000001e7c60685b0, 0x000001e7c60633e0, 0x000001e7c6068a80, 0x000001e7c6069420,
0x000001e7c60620a0, 0x000001e7c6061bd0, 0x000001e7c60650c0, 0x000001e7c6062570,
0x000001e7c6065590, 0x000001e7c6064bf0, 0x000001e7c203a110, 0x000001e7c2037a90,
0x000001e7c203dad0, 0x000001e7c2038dd0, 0x000001e7c203bdf0, 0x000001e7c203d600,
0x000001e7c203af80, 0x000001e7c6b30aa0, 0x000001e7c6b305d0, 0x000001e7c6630730,
0x000001e7c6630c00, 0x000001e7c66310d0, 0x000001e7c6631f40, 0x000001e7c5359770,
0x000001e7c53592a0, 0x000001e7c5359c40, 0x000001e7c5358dd0, 0x000001e7c5358900,
0x000001e7c5358430, 0x000001e7c3de07c0, 0x000001e7c66315a0, 0x000001e7c6631a70,
0x000001e7c6980bd0, 0x000001e7c697eef0, 0x000001e7c68143f0, 0x000001e7c6815c00,
0x000001e7c68148c0, 0x000001e7c6814d90, 0x000001e7c6815260, 0x000001e7c6815730,
0x000001e7c5835fa0, 0x000001e7c5834c60, 0x000001e7c5835130, 0x000001e7c5835ad0,
0x000001e7c5835600, 0x000001e7c68123e0, 0x000001e7c6a47f90, 0x000001e7c6a4a610,
0x000001e7c6a48460, 0x000001e7c6a49c70, 0x000001e7c6a48930, 0x000001e7c6a4a140,
0x000001e7c6a47ac0, 0x000001e7c6a47120, 0x000001e7c654e2e0, 0x000001e7c6b30100,
0x000001e7c6b2f290, 0x000001e7c6b2f760, 0x000001e7c6b2fc30, 0x000001e7c1f22730,
0x000001e7c1f235a0, 0x000001e7c1f23f40, 0x000001e7c654e7b0, 0x000001e7c697ea20,
0x000001e7c6981570, 0x000001e7c6980230, 0x000001e7c1f218c0, 0x000001e7c1f23a70,
0x000001e7c1f24410, 0x000001e7c1f24db0, 0x000001e7c6812d80, 0x000001e7c6813720,
0x000001e7c3ddeae0, 0x000001e7c3ddefb0, 0x000001e7c3de1fd0, 0x000001e7c3ddf950,
0x000001e7c3ddf480, 0x000001e7c6a48e00, 0x000001e7c6a475f0, 0x000001e7c6a497a0,
0x000001e7c6a492d0, 0x000001e7c6a4aae0, 0x000001e7c74d2ee0, 0x000001e7c74d5560,
0x000001e7c2038430, 0x000001e7c1f25280, 0x000001e7c3de1b00, 0x000001e7c3de1160,
0x000001e7c1f248e0, 0x000001e7c6813bf0, 0x000001e7c7548a40, 0x000001e7c68128b0,
0x000001e7c1f21d90, 0x000001e7c3af88a0, 0x000001e7c203a5e0, 0x000001e7c654ec80,
0x000001e7c7547bd0, 0x000001e7c3de02f0, 0x000001e7c654f150, 0x000001e7c74d5090,
0x000001e7c7547230
}

Java Threads: ( => current thread )
  0x000001e7a13e0420 JavaThread "main" [_thread_blocked, id=24548, stack(0x0000008357400000,0x0000008357500000)]
  0x000001e7bb404630 JavaThread "Reference Handler" daemon [_thread_blocked, id=15256, stack(0x0000008357b00000,0x0000008357c00000)]
  0x000001e7bb4051e0 JavaThread "Finalizer" daemon [_thread_blocked, id=8476, stack(0x0000008357c00000,0x0000008357d00000)]
  0x000001e7bb4506a0 JavaThread "Signal Dispatcher" daemon [_thread_blocked, id=18144, stack(0x0000008357d00000,0x0000008357e00000)]
  0x000001e7bb451160 JavaThread "Attach Listener" daemon [_thread_blocked, id=16960, stack(0x0000008357e00000,0x0000008357f00000)]
  0x000001e7bb451d10 JavaThread "Service Thread" daemon [_thread_blocked, id=16764, stack(0x0000008357f00000,0x0000008358000000)]
  0x000001e7bb4567e0 JavaThread "Monitor Deflation Thread" daemon [_thread_blocked, id=16648, stack(0x0000008358000000,0x0000008358100000)]
  0x000001e7bb4574c0 JavaThread "C2 CompilerThread0" daemon [_thread_blocked, id=9096, stack(0x0000008358100000,0x0000008358200000)]
  0x000001e7bb457f60 JavaThread "C1 CompilerThread0" daemon [_thread_blocked, id=17144, stack(0x0000008358200000,0x0000008358300000)]
  0x000001e7bb458f60 JavaThread "Sweeper thread" daemon [_thread_blocked, id=12496, stack(0x0000008358300000,0x0000008358400000)]
  0x000001e7bb391800 JavaThread "Common-Cleaner" daemon [_thread_blocked, id=8556, stack(0x0000008358400000,0x0000008358500000)]
  0x000001e7bb6a2da0 JavaThread "Notification Thread" daemon [_thread_blocked, id=20356, stack(0x0000008358500000,0x0000008358600000)]
  0x000001e7bb6e0ed0 JavaThread "C2 CompilerThread1" daemon [_thread_blocked, id=21348, stack(0x0000008358700000,0x0000008358800000)]
  0x000001e7c1472530 JavaThread "Daemon health stats" [_thread_blocked, id=12324, stack(0x0000008358e00000,0x0000008358f00000)]
  0x000001e7c1ac1c60 JavaThread "Incoming local TCP Connector on port 54264" [_thread_in_native, id=4472, stack(0x0000008358f00000,0x0000008359000000)]
  0x000001e7c2577720 JavaThread "Daemon periodic checks" [_thread_blocked, id=16760, stack(0x0000008359000000,0x0000008359100000)]
  0x000001e7c20da400 JavaThread "Daemon" [_thread_blocked, id=12444, stack(0x0000008359100000,0x0000008359200000)]
  0x000001e7c20da8d0 JavaThread "Handler for socket connection from /127.0.0.1:54264 to /127.0.0.1:54265" [_thread_in_native, id=24116, stack(0x0000008359200000,0x0000008359300000)]
  0x000001e7c14365d0 JavaThread "Cancel handler" [_thread_blocked, id=11536, stack(0x0000008359300000,0x0000008359400000)]
  0x000001e7c2667050 JavaThread "Daemon worker" [_thread_blocked, id=23204, stack(0x0000008359400000,0x0000008359500000)]
  0x000001e7c020def0 JavaThread "Asynchronous log dispatcher for DefaultDaemonConnection: socket connection from /127.0.0.1:54264 to /127.0.0.1:54265" [_thread_blocked, id=15108, stack(0x0000008359500000,0x0000008359600000)]
  0x000001e7c020d080 JavaThread "Stdin handler" [_thread_blocked, id=10556, stack(0x0000008359600000,0x0000008359700000)]
  0x000001e7c020d550 JavaThread "Daemon client event forwarder" [_thread_blocked, id=3988, stack(0x0000008359700000,0x0000008359800000)]
  0x000001e7c020da20 JavaThread "Cache worker for journal cache (C:\Users\minhm\.gradle\caches\journal-1)" [_thread_blocked, id=4180, stack(0x0000008359a00000,0x0000008359b00000)]
  0x000001e7c020cbb0 JavaThread "File lock request listener" [_thread_in_native, id=17788, stack(0x0000008359b00000,0x0000008359c00000)]
  0x000001e7c020c6e0 JavaThread "Cache worker for file hash cache (C:\Users\minhm\.gradle\caches\8.2\fileHashes)" [_thread_blocked, id=8504, stack(0x0000008359c00000,0x0000008359d00000)]
  0x000001e7c3595960 JavaThread "C2 CompilerThread2" daemon [_thread_in_native, id=4332, stack(0x0000008359d00000,0x0000008359e00000)]
  0x000001e7c020e3c0 JavaThread "File watcher server" daemon [_thread_blocked, id=7348, stack(0x0000008359e00000,0x0000008359f00000)]
  0x000001e7c020c210 JavaThread "File watcher consumer" daemon [_thread_blocked, id=17460, stack(0x0000008359f00000,0x000000835a000000)]
  0x000001e7c020aed0 JavaThread "Cache worker for checksums cache (D:\study\Android\appBaoHanh\.gradle\8.2\checksums)" [_thread_blocked, id=8268, stack(0x000000835a000000,0x000000835a100000)]
  0x000001e7c020e890 JavaThread "Cache worker for cache directory md-rule (C:\Users\minhm\.gradle\caches\8.2\md-rule)" [_thread_blocked, id=20188, stack(0x000000835a100000,0x000000835a200000)]
  0x000001e7c020bd40 JavaThread "Cache worker for file content cache (C:\Users\minhm\.gradle\caches\8.2\fileContent)" [_thread_blocked, id=24192, stack(0x000000835a200000,0x000000835a300000)]
  0x000001e7c32bbf90 JavaThread "Cache worker for file hash cache (D:\study\Android\appBaoHanh\.gradle\8.2\fileHashes)" [_thread_blocked, id=9516, stack(0x000000835a300000,0x000000835a400000)]
  0x000001e7c32b8f70 JavaThread "Cache worker for cache directory md-supplier (C:\Users\minhm\.gradle\caches\8.2\md-supplier)" [_thread_blocked, id=10672, stack(0x000000835a400000,0x000000835a500000)]
  0x000001e7c32b85d0 JavaThread "Cache worker for execution history cache (C:\Users\minhm\.gradle\caches\8.2\executionHistory)" [_thread_blocked, id=14636, stack(0x000000835a500000,0x000000835a600000)]
  0x000001e7c32b9de0 JavaThread "jar transforms" [_thread_blocked, id=19792, stack(0x000000835a600000,0x000000835a700000)]
  0x000001e7c32b7c30 JavaThread "jar transforms Thread 2" [_thread_blocked, id=9992, stack(0x000000835a700000,0x000000835a800000)]
  0x000001e7c32b8100 JavaThread "Cache worker for kotlin-dsl (C:\Users\minhm\.gradle\caches\8.2\kotlin-dsl)" [_thread_blocked, id=13012, stack(0x000000835a800000,0x000000835a900000)]
  0x000001e7c32b68f0 JavaThread "jar transforms Thread 3" [_thread_blocked, id=21392, stack(0x000000835a900000,0x000000835aa00000)]
  0x000001e7c32b6dc0 JavaThread "jar transforms Thread 4" [_thread_blocked, id=12708, stack(0x000000835aa00000,0x000000835ab00000)]
  0x000001e7c32ba2b0 JavaThread "jar transforms Thread 5" [_thread_blocked, id=14628, stack(0x000000835ab00000,0x000000835ac00000)]
  0x000001e7c32b7290 JavaThread "jar transforms Thread 6" [_thread_blocked, id=2604, stack(0x000000835ac00000,0x000000835ad00000)]
  0x000001e7c32bb5f0 JavaThread "Cache worker for dependencies-accessors (D:\study\Android\appBaoHanh\.gradle\8.2\dependencies-accessors)" [_thread_blocked, id=10988, stack(0x000000835ad00000,0x000000835ae00000)]
  0x000001e7c32bb120 JavaThread "Cache worker for Build Output Cleanup Cache (D:\study\Android\appBaoHanh\.gradle\buildOutputCleanup)" [_thread_blocked, id=3796, stack(0x000000835ae00000,0x000000835af00000)]
  0x000001e7c32b6420 JavaThread "jar transforms Thread 7" [_thread_blocked, id=14228, stack(0x000000835af00000,0x000000835b000000)]
  0x000001e7c32b7760 JavaThread "jar transforms Thread 8" [_thread_blocked, id=5664, stack(0x000000835b000000,0x000000835b100000)]
  0x000001e7c32b55b0 JavaThread "Unconstrained build operations" [_thread_blocked, id=10748, stack(0x000000835b100000,0x000000835b200000)]
  0x000001e7c32b50e0 JavaThread "Unconstrained build operations Thread 2" [_thread_blocked, id=21340, stack(0x000000835b200000,0x000000835b300000)]
  0x000001e7c32b9910 JavaThread "Unconstrained build operations Thread 3" [_thread_blocked, id=13856, stack(0x000000835b300000,0x000000835b400000)]
  0x000001e7c32bc460 JavaThread "Unconstrained build operations Thread 4" [_thread_blocked, id=1036, stack(0x000000835b400000,0x000000835b500000)]
  0x000001e7c32b5a80 JavaThread "Unconstrained build operations Thread 5" [_thread_blocked, id=2904, stack(0x000000835b500000,0x000000835b600000)]
  0x000001e7c60638b0 JavaThread "Unconstrained build operations Thread 6" [_thread_blocked, id=14252, stack(0x000000835b600000,0x000000835b700000)]
  0x000001e7c6066400 JavaThread "Unconstrained build operations Thread 7" [_thread_blocked, id=4620, stack(0x000000835b700000,0x000000835b800000)]
  0x000001e7c60668d0 JavaThread "build event listener" [_thread_blocked, id=12536, stack(0x000000835b800000,0x000000835b900000)]
  0x000001e7c6067740 JavaThread "Memory manager" [_thread_blocked, id=5964, stack(0x000000835b900000,0x000000835ba00000)]
  0x000001e7c6064720 JavaThread "pool-3-thread-1" [_thread_blocked, id=9076, stack(0x000000835bb00000,0x000000835bc00000)]
  0x000001e7c60685b0 JavaThread "build event listener" [_thread_blocked, id=21376, stack(0x000000835bc00000,0x000000835bd00000)]
  0x000001e7c60633e0 JavaThread "included builds" [_thread_blocked, id=9432, stack(0x000000835bd00000,0x000000835be00000)]
  0x000001e7c6068a80 JavaThread "Execution worker" [_thread_blocked, id=16364, stack(0x000000835be00000,0x000000835bf00000)]
  0x000001e7c6069420 JavaThread "Execution worker Thread 2" [_thread_blocked, id=16900, stack(0x000000835bf00000,0x000000835c000000)]
  0x000001e7c60620a0 JavaThread "Execution worker Thread 3" [_thread_blocked, id=3956, stack(0x000000835c000000,0x000000835c100000)]
  0x000001e7c6061bd0 JavaThread "Execution worker Thread 4" [_thread_blocked, id=10936, stack(0x000000835c100000,0x000000835c200000)]
  0x000001e7c60650c0 JavaThread "Execution worker Thread 5" [_thread_blocked, id=10584, stack(0x000000835c200000,0x000000835c300000)]
  0x000001e7c6062570 JavaThread "Execution worker Thread 6" [_thread_blocked, id=19348, stack(0x000000835c300000,0x000000835c400000)]
  0x000001e7c6065590 JavaThread "Execution worker Thread 7" [_thread_blocked, id=7724, stack(0x000000835c400000,0x000000835c500000)]
  0x000001e7c6064bf0 JavaThread "Cache worker for execution history cache (D:\study\Android\appBaoHanh\.gradle\8.2\executionHistory)" [_thread_blocked, id=23748, stack(0x000000835c500000,0x000000835c600000)]
  0x000001e7c203a110 JavaThread "Unconstrained build operations Thread 8" [_thread_blocked, id=19280, stack(0x000000835c600000,0x000000835c700000)]
  0x000001e7c2037a90 JavaThread "Unconstrained build operations Thread 9" [_thread_blocked, id=5316, stack(0x000000835c700000,0x000000835c800000)]
  0x000001e7c203dad0 JavaThread "Unconstrained build operations Thread 10" [_thread_blocked, id=16656, stack(0x000000835c800000,0x000000835c900000)]
  0x000001e7c2038dd0 JavaThread "Unconstrained build operations Thread 11" [_thread_blocked, id=20700, stack(0x000000835c900000,0x000000835ca00000)]
  0x000001e7c203bdf0 JavaThread "Unconstrained build operations Thread 12" [_thread_blocked, id=21812, stack(0x000000835ca00000,0x000000835cb00000)]
  0x000001e7c203d600 JavaThread "Unconstrained build operations Thread 13" [_thread_blocked, id=15876, stack(0x000000835cb00000,0x000000835cc00000)]
  0x000001e7c203af80 JavaThread "Unconstrained build operations Thread 14" [_thread_blocked, id=20424, stack(0x000000835cc00000,0x000000835cd00000)]
  0x000001e7c6b30aa0 JavaThread "Unconstrained build operations Thread 15" [_thread_blocked, id=22748, stack(0x000000835cd00000,0x000000835ce00000)]
  0x000001e7c6b305d0 JavaThread "Unconstrained build operations Thread 16" [_thread_blocked, id=20428, stack(0x000000835ce00000,0x000000835cf00000)]
  0x000001e7c6630730 JavaThread "Unconstrained build operations Thread 17" [_thread_blocked, id=4420, stack(0x000000835cf00000,0x000000835d000000)]
  0x000001e7c6630c00 JavaThread "Unconstrained build operations Thread 18" [_thread_blocked, id=4372, stack(0x000000835d000000,0x000000835d100000)]
  0x000001e7c66310d0 JavaThread "Unconstrained build operations Thread 19" [_thread_blocked, id=23528, stack(0x000000835d100000,0x000000835d200000)]
  0x000001e7c6631f40 JavaThread "Unconstrained build operations Thread 20" [_thread_blocked, id=13644, stack(0x000000835d200000,0x000000835d300000)]
  0x000001e7c5359770 JavaThread "Unconstrained build operations Thread 21" [_thread_blocked, id=15040, stack(0x000000835d300000,0x000000835d400000)]
  0x000001e7c53592a0 JavaThread "Unconstrained build operations Thread 22" [_thread_blocked, id=22452, stack(0x000000835d400000,0x000000835d500000)]
  0x000001e7c5359c40 JavaThread "Unconstrained build operations Thread 23" [_thread_blocked, id=5324, stack(0x000000835d500000,0x000000835d600000)]
  0x000001e7c5358dd0 JavaThread "Unconstrained build operations Thread 24" [_thread_blocked, id=4016, stack(0x000000835d600000,0x000000835d700000)]
  0x000001e7c5358900 JavaThread "Unconstrained build operations Thread 25" [_thread_blocked, id=4584, stack(0x000000835d700000,0x000000835d800000)]
  0x000001e7c5358430 JavaThread "Unconstrained build operations Thread 26" [_thread_blocked, id=22808, stack(0x000000835d800000,0x000000835d900000)]
  0x000001e7c3de07c0 JavaThread "Unconstrained build operations Thread 27" [_thread_blocked, id=18080, stack(0x000000835d900000,0x000000835da00000)]
  0x000001e7c66315a0 JavaThread "Unconstrained build operations Thread 28" [_thread_blocked, id=4664, stack(0x000000835da00000,0x000000835db00000)]
  0x000001e7c6631a70 JavaThread "Unconstrained build operations Thread 29" [_thread_blocked, id=20524, stack(0x000000835db00000,0x000000835dc00000)]
  0x000001e7c6980bd0 JavaThread "Unconstrained build operations Thread 30" [_thread_blocked, id=13296, stack(0x000000835dc00000,0x000000835dd00000)]
  0x000001e7c697eef0 JavaThread "Unconstrained build operations Thread 31" [_thread_blocked, id=20232, stack(0x000000835dd00000,0x000000835de00000)]
  0x000001e7c68143f0 JavaThread "Unconstrained build operations Thread 32" [_thread_blocked, id=6040, stack(0x000000835de00000,0x000000835df00000)]
  0x000001e7c6815c00 JavaThread "Unconstrained build operations Thread 33" [_thread_blocked, id=13352, stack(0x000000835df00000,0x000000835e000000)]
  0x000001e7c68148c0 JavaThread "Unconstrained build operations Thread 34" [_thread_blocked, id=8140, stack(0x000000835e000000,0x000000835e100000)]
  0x000001e7c6814d90 JavaThread "Unconstrained build operations Thread 35" [_thread_blocked, id=4136, stack(0x000000835e100000,0x000000835e200000)]
  0x000001e7c6815260 JavaThread "Unconstrained build operations Thread 36" [_thread_blocked, id=9696, stack(0x000000835e200000,0x000000835e300000)]
  0x000001e7c6815730 JavaThread "Unconstrained build operations Thread 37" [_thread_blocked, id=15276, stack(0x000000835e300000,0x000000835e400000)]
  0x000001e7c5835fa0 JavaThread "Unconstrained build operations Thread 38" [_thread_blocked, id=9988, stack(0x000000835e400000,0x000000835e500000)]
  0x000001e7c5834c60 JavaThread "Unconstrained build operations Thread 39" [_thread_blocked, id=23056, stack(0x000000835e500000,0x000000835e600000)]
  0x000001e7c5835130 JavaThread "Unconstrained build operations Thread 40" [_thread_blocked, id=4756, stack(0x000000835e600000,0x000000835e700000)]
  0x000001e7c5835ad0 JavaThread "Unconstrained build operations Thread 41" [_thread_blocked, id=8076, stack(0x000000835e700000,0x000000835e800000)]
  0x000001e7c5835600 JavaThread "Unconstrained build operations Thread 42" [_thread_blocked, id=12896, stack(0x000000835e800000,0x000000835e900000)]
  0x000001e7c68123e0 JavaThread "Unconstrained build operations Thread 43" [_thread_blocked, id=22676, stack(0x000000835e900000,0x000000835ea00000)]
  0x000001e7c6a47f90 JavaThread "Unconstrained build operations Thread 44" [_thread_blocked, id=1980, stack(0x000000835ea00000,0x000000835eb00000)]
  0x000001e7c6a4a610 JavaThread "Unconstrained build operations Thread 45" [_thread_blocked, id=7336, stack(0x000000835eb00000,0x000000835ec00000)]
  0x000001e7c6a48460 JavaThread "Unconstrained build operations Thread 46" [_thread_blocked, id=476, stack(0x000000835ec00000,0x000000835ed00000)]
  0x000001e7c6a49c70 JavaThread "Unconstrained build operations Thread 47" [_thread_blocked, id=20544, stack(0x000000835ed00000,0x000000835ee00000)]
  0x000001e7c6a48930 JavaThread "Unconstrained build operations Thread 48" [_thread_blocked, id=19472, stack(0x000000835ee00000,0x000000835ef00000)]
  0x000001e7c6a4a140 JavaThread "Unconstrained build operations Thread 49" [_thread_blocked, id=10292, stack(0x000000835ef00000,0x000000835f000000)]
  0x000001e7c6a47ac0 JavaThread "Unconstrained build operations Thread 50" [_thread_blocked, id=11552, stack(0x000000835f000000,0x000000835f100000)]
  0x000001e7c6a47120 JavaThread "Unconstrained build operations Thread 51" [_thread_blocked, id=10852, stack(0x000000835f100000,0x000000835f200000)]
  0x000001e7c654e2e0 JavaThread "WorkerExecutor Queue" [_thread_blocked, id=1664, stack(0x000000835f200000,0x000000835f300000)]
  0x000001e7c6b30100 JavaThread "Unconstrained build operations Thread 52" [_thread_blocked, id=3136, stack(0x000000835f300000,0x000000835f400000)]
  0x000001e7c6b2f290 JavaThread "Unconstrained build operations Thread 53" [_thread_blocked, id=13928, stack(0x000000835f400000,0x000000835f500000)]
  0x000001e7c6b2f760 JavaThread "Unconstrained build operations Thread 54" [_thread_blocked, id=13360, stack(0x000000835f500000,0x000000835f600000)]
  0x000001e7c6b2fc30 JavaThread "Unconstrained build operations Thread 55" [_thread_blocked, id=7528, stack(0x000000835f600000,0x000000835f700000)]
  0x000001e7c1f22730 JavaThread "Unconstrained build operations Thread 56" [_thread_blocked, id=1608, stack(0x000000835f700000,0x000000835f800000)]
  0x000001e7c1f235a0 JavaThread "Unconstrained build operations Thread 57" [_thread_blocked, id=15156, stack(0x000000835f800000,0x000000835f900000)]
  0x000001e7c1f23f40 JavaThread "Unconstrained build operations Thread 58" [_thread_blocked, id=16988, stack(0x000000835f900000,0x000000835fa00000)]
  0x000001e7c654e7b0 JavaThread "Unconstrained build operations Thread 59" [_thread_blocked, id=18172, stack(0x000000835fa00000,0x000000835fb00000)]
  0x000001e7c697ea20 JavaThread "Unconstrained build operations Thread 60" [_thread_blocked, id=23620, stack(0x000000835fb00000,0x000000835fc00000)]
  0x000001e7c6981570 JavaThread "Unconstrained build operations Thread 61" [_thread_blocked, id=6648, stack(0x000000835fc00000,0x000000835fd00000)]
  0x000001e7c6980230 JavaThread "Unconstrained build operations Thread 62" [_thread_blocked, id=12556, stack(0x000000835fd00000,0x000000835fe00000)]
  0x000001e7c1f218c0 JavaThread "Unconstrained build operations Thread 63" [_thread_blocked, id=22312, stack(0x000000835fe00000,0x000000835ff00000)]
  0x000001e7c1f23a70 JavaThread "Unconstrained build operations Thread 64" [_thread_blocked, id=3312, stack(0x000000835ff00000,0x0000008360000000)]
  0x000001e7c1f24410 JavaThread "Unconstrained build operations Thread 65" [_thread_blocked, id=17424, stack(0x0000008360000000,0x0000008360100000)]
  0x000001e7c1f24db0 JavaThread "WorkerExecutor Queue Thread 2" [_thread_blocked, id=14268, stack(0x0000008360100000,0x0000008360200000)]
  0x000001e7c6812d80 JavaThread "Unconstrained build operations Thread 66" [_thread_blocked, id=300, stack(0x0000008360200000,0x0000008360300000)]
  0x000001e7c6813720 JavaThread "Unconstrained build operations Thread 67" [_thread_blocked, id=6312, stack(0x0000008360300000,0x0000008360400000)]
  0x000001e7c3ddeae0 JavaThread "Unconstrained build operations Thread 68" [_thread_blocked, id=19108, stack(0x0000008360400000,0x0000008360500000)]
  0x000001e7c3ddefb0 JavaThread "Unconstrained build operations Thread 69" [_thread_blocked, id=16368, stack(0x0000008360500000,0x0000008360600000)]
  0x000001e7c3de1fd0 JavaThread "Unconstrained build operations Thread 70" [_thread_blocked, id=17588, stack(0x0000008360600000,0x0000008360700000)]
  0x000001e7c3ddf950 JavaThread "Unconstrained build operations Thread 71" [_thread_blocked, id=2972, stack(0x0000008360700000,0x0000008360800000)]
  0x000001e7c3ddf480 JavaThread "Unconstrained build operations Thread 72" [_thread_blocked, id=19824, stack(0x0000008360800000,0x0000008360900000)]
  0x000001e7c6a48e00 JavaThread "Unconstrained build operations Thread 73" [_thread_blocked, id=13292, stack(0x0000008360900000,0x0000008360a00000)]
  0x000001e7c6a475f0 JavaThread "Unconstrained build operations Thread 74" [_thread_blocked, id=15124, stack(0x0000008360a00000,0x0000008360b00000)]
  0x000001e7c6a497a0 JavaThread "Unconstrained build operations Thread 75" [_thread_blocked, id=23680, stack(0x0000008360b00000,0x0000008360c00000)]
  0x000001e7c6a492d0 JavaThread "Unconstrained build operations Thread 76" [_thread_blocked, id=6472, stack(0x0000008360c00000,0x0000008360d00000)]
  0x000001e7c6a4aae0 JavaThread "Unconstrained build operations Thread 77" [_thread_blocked, id=4212, stack(0x0000008360d00000,0x0000008360e00000)]
  0x000001e7c74d2ee0 JavaThread "Unconstrained build operations Thread 78" [_thread_blocked, id=11636, stack(0x0000008360e00000,0x0000008360f00000)]
  0x000001e7c74d5560 JavaThread "Unconstrained build operations Thread 79" [_thread_blocked, id=10452, stack(0x0000008360f00000,0x0000008361000000)]
  0x000001e7c2038430 JavaThread "WorkerExecutor Queue Thread 3" [_thread_blocked, id=4024, stack(0x0000008361000000,0x0000008361100000)]
  0x000001e7c1f25280 JavaThread "Unconstrained build operations Thread 80" [_thread_blocked, id=14612, stack(0x0000008361100000,0x0000008361200000)]
  0x000001e7c3de1b00 JavaThread "WorkerExecutor Queue Thread 4" [_thread_blocked, id=24432, stack(0x0000008361200000,0x0000008361300000)]
  0x000001e7c3de1160 JavaThread "WorkerExecutor Queue Thread 5" [_thread_blocked, id=9596, stack(0x0000008361300000,0x0000008361400000)]
  0x000001e7c1f248e0 JavaThread "pool-4-thread-1" [_thread_blocked, id=17764, stack(0x0000008361400000,0x0000008361500000)]
  0x000001e7c6813bf0 JavaThread "stderr" [_thread_in_native, id=19056, stack(0x0000008361500000,0x0000008361600000)]
  0x000001e7c7548a40 JavaThread "stdout" [_thread_in_native, id=14656, stack(0x0000008361600000,0x0000008361700000)]
  0x000001e7c68128b0 JavaThread "WorkerExecutor Queue Thread 6" [_thread_blocked, id=13332, stack(0x0000008361700000,0x0000008361800000)]
  0x000001e7c1f21d90 JavaThread "WorkerExecutor Queue Thread 7" [_thread_blocked, id=948, stack(0x0000008361800000,0x0000008361900000)]
  0x000001e7c3af88a0 JavaThread "ForkJoinPool-1-worker-1" daemon [_thread_blocked, id=15060, stack(0x0000008361f00000,0x0000008362000000)]
  0x000001e7c203a5e0 JavaThread "ForkJoinPool-1-worker-2" daemon [_thread_blocked, id=13328, stack(0x0000008362000000,0x0000008362100000)]
  0x000001e7c654ec80 JavaThread "ForkJoinPool-1-worker-3" daemon [_thread_blocked, id=3464, stack(0x0000008362100000,0x0000008362200000)]
  0x000001e7c7547bd0 JavaThread "ForkJoinPool-1-worker-4" daemon [_thread_blocked, id=13372, stack(0x0000008362200000,0x0000008362300000)]
  0x000001e7c3de02f0 JavaThread "ForkJoinPool-1-worker-5" daemon [_thread_blocked, id=23284, stack(0x0000008362300000,0x0000008362400000)]
  0x000001e7c654f150 JavaThread "ForkJoinPool-1-worker-6" daemon [_thread_blocked, id=21124, stack(0x0000008362400000,0x0000008362500000)]
  0x000001e7c74d5090 JavaThread "ForkJoinPool-1-worker-7" daemon [_thread_blocked, id=16056, stack(0x0000008362500000,0x0000008362600000)]
  0x000001e7c7547230 JavaThread "ForkJoinPool-1-worker-8" daemon [_thread_blocked, id=17664, stack(0x0000008362600000,0x0000008362700000)]

Other Threads:
=>0x000001e7bb3ad5b0 VMThread "VM Thread" [stack: 0x0000008357a00000,0x0000008357b00000] [id=20336]
  0x000001e7a13e1290 WatcherThread [stack: 0x0000008358600000,0x0000008358700000] [id=20148]
  0x000001e7a143c110 GCTaskThread "GC Thread#0" [stack: 0x0000008357500000,0x0000008357600000] [id=13516]
  0x000001e7c0afab60 GCTaskThread "GC Thread#1" [stack: 0x0000008358900000,0x0000008358a00000] [id=22868]
  0x000001e7c034f5f0 GCTaskThread "GC Thread#2" [stack: 0x0000008358a00000,0x0000008358b00000] [id=4784]
  0x000001e7c034f8a0 GCTaskThread "GC Thread#3" [stack: 0x0000008358b00000,0x0000008358c00000] [id=6512]
  0x000001e7c034fb50 GCTaskThread "GC Thread#4" [stack: 0x0000008358c00000,0x0000008358d00000] [id=22432]
  0x000001e7c034fe00 GCTaskThread "GC Thread#5" [stack: 0x0000008358d00000,0x0000008358e00000] [id=18448]
  0x000001e7c056c510 GCTaskThread "GC Thread#6" [stack: 0x0000008358800000,0x0000008358900000] [id=17544]
  0x000001e7c1bd8ff0 GCTaskThread "GC Thread#7" [stack: 0x0000008359800000,0x0000008359900000] [id=20176]
  0x000001e7a144d050 ConcurrentGCThread "G1 Main Marker" [stack: 0x0000008357600000,0x0000008357700000] [id=12432]
  0x000001e7a144da60 ConcurrentGCThread "G1 Conc#0" [stack: 0x0000008357700000,0x0000008357800000] [id=10764]
  0x000001e7c1bd92a0 ConcurrentGCThread "G1 Conc#1" [stack: 0x0000008359900000,0x0000008359a00000] [id=19512]
  0x000001e7bb13a150 ConcurrentGCThread "G1 Refine#0" [stack: 0x0000008357800000,0x0000008357900000] [id=16748]
  0x000001e7c38161e0 ConcurrentGCThread "G1 Refine#1" [stack: 0x000000835ba00000,0x000000835bb00000] [id=8096]
  0x000001e7c6dd12a0 ConcurrentGCThread "G1 Refine#2" [stack: 0x0000008361900000,0x0000008361a00000] [id=17720]
  0x000001e7c3995f70 ConcurrentGCThread "G1 Refine#3" [stack: 0x0000008361a00000,0x0000008361b00000] [id=12704]
  0x000001e7c5832a90 ConcurrentGCThread "G1 Refine#4" [stack: 0x0000008361b00000,0x0000008361c00000] [id=21616]
  0x000001e7c66278a0 ConcurrentGCThread "G1 Refine#5" [stack: 0x0000008361c00000,0x0000008361d00000] [id=21004]
  0x000001e7cc0f1f00 ConcurrentGCThread "G1 Refine#6" [stack: 0x0000008361d00000,0x0000008361e00000] [id=15332]
  0x000001e7c5cccda0 ConcurrentGCThread "G1 Refine#7" [stack: 0x0000008361e00000,0x0000008361f00000] [id=22508]
  0x000001e7bb13aa80 ConcurrentGCThread "G1 Service" [stack: 0x0000008357900000,0x0000008357a00000] [id=22804]

Threads with active compile tasks:
C2 CompilerThread0    11294 13627       4       com.android.tools.r8.dex.code.O::a (3284 bytes)
C2 CompilerThread1    11294 13823 %     4       com.android.tools.r8.dex.C::a @ 292 (992 bytes)
C2 CompilerThread2    11294 13824       4       com.android.tools.r8.dex.C::a (836 bytes)

VM state: at safepoint (normal execution)

VM Mutex/Monitor currently owned by a thread:  ([mutex/lock_event])
[0x000001e7a13dba40] Threads_lock - owner thread: 0x000001e7bb3ad5b0
[0x000001e7a13dbfe0] Heap_lock - owner thread: 0x000001e7c7547230

Heap address: 0x0000000080000000, size: 2048 MB, Compressed Oops mode: 32-bit

CDS archive(s) not mapped
Compressed class space mapped at: 0x0000000100000000-0x0000000140000000, reserved size: 1073741824
Narrow klass base: 0x0000000000000000, Narrow klass shift: 3, Narrow klass range: 0x140000000

GC Precious Log:
 CPUs: 8 total, 8 available
 Memory: 16106M
 Large Page Support: Disabled
 NUMA Support: Disabled
 Compressed Oops: Enabled (32-bit)
 Heap Region Size: 1M
 Heap Min Capacity: 8M
 Heap Initial Capacity: 252M
 Heap Max Capacity: 2G
 Pre-touch: Disabled
 Parallel Workers: 8
 Concurrent Workers: 2
 Concurrent Refinement Workers: 8
 Periodic GC: Disabled

Heap:
 garbage-first heap   total 290816K, used 233285K [0x0000000080000000, 0x0000000100000000)
  region size 1024K, 3 young (3072K), 3 survivors (3072K)
 Metaspace       used 110983K, committed 111808K, reserved 1179648K
  class space    used 15265K, committed 15680K, reserved 1048576K

Heap Regions: E=young(eden), S=young(survivor), O=old, HS=humongous(starts), HC=humongous(continues), CS=collection set, F=free, OA=open archive, CA=closed archive, TAMS=top-at-mark-start (previous, next)
|   0|0x0000000080000000, 0x0000000080100000, 0x0000000080100000|100%|HS|  |TAMS 0x0000000080100000, 0x0000000080000000| Complete 
|   1|0x0000000080100000, 0x0000000080200000, 0x0000000080200000|100%|HC|  |TAMS 0x0000000080200000, 0x0000000080100000| Complete 
|   2|0x0000000080200000, 0x0000000080300000, 0x0000000080300000|100%|HC|  |TAMS 0x0000000080300000, 0x0000000080200000| Complete 
|   3|0x0000000080300000, 0x0000000080400000, 0x0000000080400000|100%|HC|  |TAMS 0x0000000080400000, 0x0000000080300000| Complete 
|   4|0x0000000080400000, 0x0000000080500000, 0x0000000080500000|100%| O|  |TAMS 0x0000000080500000, 0x0000000080400000| Untracked 
|   5|0x0000000080500000, 0x0000000080600000, 0x0000000080600000|100%| O|  |TAMS 0x0000000080600000, 0x0000000080500000| Untracked 
|   6|0x0000000080600000, 0x0000000080700000, 0x0000000080700000|100%| O|  |TAMS 0x0000000080700000, 0x0000000080600000| Untracked 
|   7|0x0000000080700000, 0x0000000080800000, 0x0000000080800000|100%| O|  |TAMS 0x0000000080800000, 0x0000000080700000| Untracked 
|   8|0x0000000080800000, 0x0000000080900000, 0x0000000080900000|100%| O|  |TAMS 0x0000000080900000, 0x0000000080800000| Untracked 
|   9|0x0000000080900000, 0x0000000080a00000, 0x0000000080a00000|100%| O|  |TAMS 0x0000000080a00000, 0x0000000080900000| Untracked 
|  10|0x0000000080a00000, 0x0000000080b00000, 0x0000000080b00000|100%| O|  |TAMS 0x0000000080b00000, 0x0000000080a00000| Untracked 
|  11|0x0000000080b00000, 0x0000000080c00000, 0x0000000080c00000|100%| O|  |TAMS 0x0000000080c00000, 0x0000000080b00000| Untracked 
|  12|0x0000000080c00000, 0x0000000080d00000, 0x0000000080d00000|100%| O|  |TAMS 0x0000000080d00000, 0x0000000080c00000| Untracked 
|  13|0x0000000080d00000, 0x0000000080e00000, 0x0000000080e00000|100%| O|  |TAMS 0x0000000080e00000, 0x0000000080d00000| Untracked 
|  14|0x0000000080e00000, 0x0000000080f00000, 0x0000000080f00000|100%| O|  |TAMS 0x0000000080f00000, 0x0000000080e00000| Untracked 
|  15|0x0000000080f00000, 0x0000000081000000, 0x0000000081000000|100%| O|  |TAMS 0x0000000081000000, 0x0000000080f00000| Untracked 
|  16|0x0000000081000000, 0x0000000081100000, 0x0000000081100000|100%| O|  |TAMS 0x0000000081100000, 0x0000000081000000| Untracked 
|  17|0x0000000081100000, 0x0000000081200000, 0x0000000081200000|100%| O|  |TAMS 0x0000000081200000, 0x0000000081100000| Untracked 
|  18|0x0000000081200000, 0x0000000081300000, 0x0000000081300000|100%| O|  |TAMS 0x0000000081300000, 0x0000000081200000| Untracked 
|  19|0x0000000081300000, 0x0000000081400000, 0x0000000081400000|100%| O|  |TAMS 0x0000000081400000, 0x0000000081300000| Untracked 
|  20|0x0000000081400000, 0x0000000081500000, 0x0000000081500000|100%|HS|  |TAMS 0x0000000081500000, 0x0000000081400000| Complete 
|  21|0x0000000081500000, 0x0000000081600000, 0x0000000081600000|100%| O|  |TAMS 0x0000000081500000, 0x0000000081500000| Untracked 
|  22|0x0000000081600000, 0x0000000081700000, 0x0000000081700000|100%| O|  |TAMS 0x0000000081700000, 0x0000000081600000| Untracked 
|  23|0x0000000081700000, 0x0000000081800000, 0x0000000081800000|100%| O|  |TAMS 0x0000000081800000, 0x0000000081700000| Untracked 
|  24|0x0000000081800000, 0x0000000081900000, 0x0000000081900000|100%| O|  |TAMS 0x0000000081900000, 0x0000000081800000| Untracked 
|  25|0x0000000081900000, 0x0000000081a00000, 0x0000000081a00000|100%| O|  |TAMS 0x0000000081a00000, 0x0000000081900000| Untracked 
|  26|0x0000000081a00000, 0x0000000081b00000, 0x0000000081b00000|100%| O|  |TAMS 0x0000000081a00000, 0x0000000081a00000| Untracked 
|  27|0x0000000081b00000, 0x0000000081c00000, 0x0000000081c00000|100%| O|  |TAMS 0x0000000081c00000, 0x0000000081b00000| Untracked 
|  28|0x0000000081c00000, 0x0000000081d00000, 0x0000000081d00000|100%| O|  |TAMS 0x0000000081d00000, 0x0000000081c00000| Untracked 
|  29|0x0000000081d00000, 0x0000000081e00000, 0x0000000081e00000|100%|HS|  |TAMS 0x0000000081e00000, 0x0000000081d00000| Complete 
|  30|0x0000000081e00000, 0x0000000081f00000, 0x0000000081f00000|100%| O|  |TAMS 0x0000000081f00000, 0x0000000081e00000| Untracked 
|  31|0x0000000081f00000, 0x0000000082000000, 0x0000000082000000|100%| O|  |TAMS 0x0000000082000000, 0x0000000081f00000| Untracked 
|  32|0x0000000082000000, 0x0000000082100000, 0x0000000082100000|100%| O|  |TAMS 0x0000000082100000, 0x0000000082000000| Untracked 
|  33|0x0000000082100000, 0x0000000082200000, 0x0000000082200000|100%|HS|  |TAMS 0x0000000082200000, 0x0000000082100000| Complete 
|  34|0x0000000082200000, 0x0000000082300000, 0x0000000082300000|100%| O|  |TAMS 0x0000000082300000, 0x0000000082200000| Untracked 
|  35|0x0000000082300000, 0x0000000082400000, 0x0000000082400000|100%|HS|  |TAMS 0x0000000082400000, 0x0000000082300000| Complete 
|  36|0x0000000082400000, 0x0000000082500000, 0x0000000082500000|100%|HS|  |TAMS 0x0000000082500000, 0x0000000082400000| Complete 
|  37|0x0000000082500000, 0x0000000082600000, 0x0000000082600000|100%| O|  |TAMS 0x0000000082600000, 0x0000000082500000| Untracked 
|  38|0x0000000082600000, 0x0000000082700000, 0x0000000082700000|100%| O|  |TAMS 0x0000000082700000, 0x0000000082600000| Untracked 
|  39|0x0000000082700000, 0x0000000082800000, 0x0000000082800000|100%| O|  |TAMS 0x0000000082800000, 0x0000000082700000| Untracked 
|  40|0x0000000082800000, 0x0000000082900000, 0x0000000082900000|100%| O|  |TAMS 0x0000000082900000, 0x0000000082800000| Untracked 
|  41|0x0000000082900000, 0x0000000082a00000, 0x0000000082a00000|100%| O|  |TAMS 0x0000000082a00000, 0x0000000082900000| Untracked 
|  42|0x0000000082a00000, 0x0000000082b00000, 0x0000000082b00000|100%| O|  |TAMS 0x0000000082b00000, 0x0000000082a00000| Untracked 
|  43|0x0000000082b00000, 0x0000000082c00000, 0x0000000082c00000|100%| O|  |TAMS 0x0000000082c00000, 0x0000000082b00000| Untracked 
|  44|0x0000000082c00000, 0x0000000082d00000, 0x0000000082d00000|100%| O|  |TAMS 0x0000000082d00000, 0x0000000082c00000| Untracked 
|  45|0x0000000082d00000, 0x0000000082e00000, 0x0000000082e00000|100%| O|  |TAMS 0x0000000082e00000, 0x0000000082d00000| Untracked 
|  46|0x0000000082e00000, 0x0000000082f00000, 0x0000000082f00000|100%| O|  |TAMS 0x0000000082f00000, 0x0000000082e00000| Untracked 
|  47|0x0000000082f00000, 0x0000000083000000, 0x0000000083000000|100%| O|  |TAMS 0x0000000083000000, 0x0000000082f00000| Untracked 
|  48|0x0000000083000000, 0x0000000083100000, 0x0000000083100000|100%| O|  |TAMS 0x0000000083100000, 0x0000000083000000| Untracked 
|  49|0x0000000083100000, 0x0000000083200000, 0x0000000083200000|100%| O|  |TAMS 0x0000000083200000, 0x0000000083100000| Untracked 
|  50|0x0000000083200000, 0x0000000083300000, 0x0000000083300000|100%| O|  |TAMS 0x0000000083300000, 0x0000000083200000| Untracked 
|  51|0x0000000083300000, 0x0000000083400000, 0x0000000083400000|100%| O|  |TAMS 0x0000000083400000, 0x0000000083300000| Untracked 
|  52|0x0000000083400000, 0x0000000083500000, 0x0000000083500000|100%| O|  |TAMS 0x0000000083500000, 0x0000000083400000| Untracked 
|  53|0x0000000083500000, 0x0000000083600000, 0x0000000083600000|100%| O|  |TAMS 0x0000000083600000, 0x0000000083500000| Untracked 
|  54|0x0000000083600000, 0x0000000083700000, 0x0000000083700000|100%| O|  |TAMS 0x0000000083700000, 0x0000000083600000| Untracked 
|  55|0x0000000083700000, 0x0000000083800000, 0x0000000083800000|100%| O|  |TAMS 0x0000000083800000, 0x0000000083700000| Untracked 
|  56|0x0000000083800000, 0x0000000083900000, 0x0000000083900000|100%| O|  |TAMS 0x0000000083900000, 0x0000000083800000| Untracked 
|  57|0x0000000083900000, 0x0000000083a00000, 0x0000000083a00000|100%| O|  |TAMS 0x0000000083a00000, 0x0000000083900000| Untracked 
|  58|0x0000000083a00000, 0x0000000083b00000, 0x0000000083b00000|100%| O|  |TAMS 0x0000000083b00000, 0x0000000083a00000| Untracked 
|  59|0x0000000083b00000, 0x0000000083c00000, 0x0000000083c00000|100%| O|  |TAMS 0x0000000083c00000, 0x0000000083b00000| Untracked 
|  60|0x0000000083c00000, 0x0000000083d00000, 0x0000000083d00000|100%| O|  |TAMS 0x0000000083d00000, 0x0000000083c00000| Untracked 
|  61|0x0000000083d00000, 0x0000000083e00000, 0x0000000083e00000|100%| O|  |TAMS 0x0000000083e00000, 0x0000000083d00000| Untracked 
|  62|0x0000000083e00000, 0x0000000083f00000, 0x0000000083f00000|100%| O|  |TAMS 0x0000000083f00000, 0x0000000083e00000| Untracked 
|  63|0x0000000083f00000, 0x0000000084000000, 0x0000000084000000|100%| O|  |TAMS 0x0000000083fd3400, 0x0000000083f00000| Untracked 
|  64|0x0000000084000000, 0x0000000084100000, 0x0000000084100000|100%| O|  |TAMS 0x0000000084000000, 0x0000000084000000| Untracked 
|  65|0x0000000084100000, 0x0000000084200000, 0x0000000084200000|100%| O|  |TAMS 0x0000000084100000, 0x0000000084100000| Untracked 
|  66|0x0000000084200000, 0x0000000084300000, 0x0000000084300000|100%| O|  |TAMS 0x0000000084200000, 0x0000000084200000| Untracked 
|  67|0x0000000084300000, 0x0000000084400000, 0x0000000084400000|100%| O|  |TAMS 0x0000000084300000, 0x0000000084300000| Untracked 
|  68|0x0000000084400000, 0x0000000084500000, 0x0000000084500000|100%| O|  |TAMS 0x0000000084400000, 0x0000000084400000| Untracked 
|  69|0x0000000084500000, 0x0000000084600000, 0x0000000084600000|100%| O|  |TAMS 0x0000000084500000, 0x0000000084500000| Untracked 
|  70|0x0000000084600000, 0x0000000084700000, 0x0000000084700000|100%| O|  |TAMS 0x0000000084600000, 0x0000000084600000| Untracked 
|  71|0x0000000084700000, 0x0000000084800000, 0x0000000084800000|100%| O|  |TAMS 0x0000000084700000, 0x0000000084700000| Untracked 
|  72|0x0000000084800000, 0x0000000084900000, 0x0000000084900000|100%| O|  |TAMS 0x0000000084800000, 0x0000000084800000| Untracked 
|  73|0x0000000084900000, 0x0000000084a00000, 0x0000000084a00000|100%| O|  |TAMS 0x0000000084900000, 0x0000000084900000| Untracked 
|  74|0x0000000084a00000, 0x0000000084b00000, 0x0000000084b00000|100%| O|  |TAMS 0x0000000084a00000, 0x0000000084a00000| Untracked 
|  75|0x0000000084b00000, 0x0000000084c00000, 0x0000000084c00000|100%| O|  |TAMS 0x0000000084b00000, 0x0000000084b00000| Untracked 
|  76|0x0000000084c00000, 0x0000000084d00000, 0x0000000084d00000|100%| O|  |TAMS 0x0000000084c00000, 0x0000000084c00000| Untracked 
|  77|0x0000000084d00000, 0x0000000084e00000, 0x0000000084e00000|100%| O|  |TAMS 0x0000000084d00000, 0x0000000084d00000| Untracked 
|  78|0x0000000084e00000, 0x0000000084f00000, 0x0000000084f00000|100%| O|  |TAMS 0x0000000084e00000, 0x0000000084e00000| Untracked 
|  79|0x0000000084f00000, 0x0000000085000000, 0x0000000085000000|100%| O|  |TAMS 0x0000000084f00000, 0x0000000084f00000| Untracked 
|  80|0x0000000085000000, 0x0000000085100000, 0x0000000085100000|100%| O|  |TAMS 0x0000000085000000, 0x0000000085000000| Untracked 
|  81|0x0000000085100000, 0x0000000085200000, 0x0000000085200000|100%| O|  |TAMS 0x0000000085100000, 0x0000000085100000| Untracked 
|  82|0x0000000085200000, 0x0000000085300000, 0x0000000085300000|100%| O|  |TAMS 0x0000000085200000, 0x0000000085200000| Untracked 
|  83|0x0000000085300000, 0x0000000085400000, 0x0000000085400000|100%| O|  |TAMS 0x0000000085300000, 0x0000000085300000| Untracked 
|  84|0x0000000085400000, 0x0000000085500000, 0x0000000085500000|100%| O|  |TAMS 0x0000000085400000, 0x0000000085400000| Untracked 
|  85|0x0000000085500000, 0x0000000085600000, 0x0000000085600000|100%| O|  |TAMS 0x0000000085500000, 0x0000000085500000| Untracked 
|  86|0x0000000085600000, 0x0000000085700000, 0x0000000085700000|100%| O|  |TAMS 0x0000000085600000, 0x0000000085600000| Untracked 
|  87|0x0000000085700000, 0x0000000085800000, 0x0000000085800000|100%| O|  |TAMS 0x0000000085700000, 0x0000000085700000| Untracked 
|  88|0x0000000085800000, 0x0000000085900000, 0x0000000085900000|100%| O|  |TAMS 0x0000000085800000, 0x0000000085800000| Untracked 
|  89|0x0000000085900000, 0x0000000085a00000, 0x0000000085a00000|100%| O|  |TAMS 0x0000000085900000, 0x0000000085900000| Untracked 
|  90|0x0000000085a00000, 0x0000000085b00000, 0x0000000085b00000|100%| O|  |TAMS 0x0000000085a00000, 0x0000000085a00000| Untracked 
|  91|0x0000000085b00000, 0x0000000085c00000, 0x0000000085c00000|100%| O|  |TAMS 0x0000000085b00000, 0x0000000085b00000| Untracked 
|  92|0x0000000085c00000, 0x0000000085d00000, 0x0000000085d00000|100%| O|  |TAMS 0x0000000085c00000, 0x0000000085c00000| Untracked 
|  93|0x0000000085d00000, 0x0000000085e00000, 0x0000000085e00000|100%| O|  |TAMS 0x0000000085d00000, 0x0000000085d00000| Untracked 
|  94|0x0000000085e00000, 0x0000000085f00000, 0x0000000085f00000|100%| O|  |TAMS 0x0000000085e00000, 0x0000000085e00000| Untracked 
|  95|0x0000000085f00000, 0x0000000086000000, 0x0000000086000000|100%| O|  |TAMS 0x0000000085f00000, 0x0000000085f00000| Untracked 
|  96|0x0000000086000000, 0x0000000086100000, 0x0000000086100000|100%| O|  |TAMS 0x0000000086000000, 0x0000000086000000| Untracked 
|  97|0x0000000086100000, 0x0000000086200000, 0x0000000086200000|100%| O|  |TAMS 0x0000000086100000, 0x0000000086100000| Untracked 
|  98|0x0000000086200000, 0x0000000086300000, 0x0000000086300000|100%| O|  |TAMS 0x0000000086200000, 0x0000000086200000| Untracked 
|  99|0x0000000086300000, 0x0000000086400000, 0x0000000086400000|100%|HS|  |TAMS 0x0000000086300000, 0x0000000086300000| Complete 
| 100|0x0000000086400000, 0x0000000086500000, 0x0000000086500000|100%|HC|  |TAMS 0x0000000086400000, 0x0000000086400000| Complete 
| 101|0x0000000086500000, 0x0000000086600000, 0x0000000086600000|100%|HS|  |TAMS 0x0000000086500000, 0x0000000086500000| Complete 
| 102|0x0000000086600000, 0x0000000086700000, 0x0000000086700000|100%|HS|  |TAMS 0x0000000086600000, 0x0000000086600000| Complete 
| 103|0x0000000086700000, 0x0000000086800000, 0x0000000086800000|100%|HS|  |TAMS 0x0000000086700000, 0x0000000086700000| Complete 
| 104|0x0000000086800000, 0x0000000086900000, 0x0000000086900000|100%|HS|  |TAMS 0x0000000086800000, 0x0000000086800000| Complete 
| 105|0x0000000086900000, 0x0000000086a00000, 0x0000000086a00000|100%|HC|  |TAMS 0x0000000086900000, 0x0000000086900000| Complete 
| 106|0x0000000086a00000, 0x0000000086b00000, 0x0000000086b00000|100%|HS|  |TAMS 0x0000000086a00000, 0x0000000086a00000| Complete 
| 107|0x0000000086b00000, 0x0000000086c00000, 0x0000000086c00000|100%|HC|  |TAMS 0x0000000086b00000, 0x0000000086b00000| Complete 
| 108|0x0000000086c00000, 0x0000000086d00000, 0x0000000086d00000|100%|HS|  |TAMS 0x0000000086c00000, 0x0000000086c00000| Complete 
| 109|0x0000000086d00000, 0x0000000086e00000, 0x0000000086e00000|100%|HC|  |TAMS 0x0000000086d00000, 0x0000000086d00000| Complete 
| 110|0x0000000086e00000, 0x0000000086f00000, 0x0000000086f00000|100%|HC|  |TAMS 0x0000000086e00000, 0x0000000086e00000| Complete 
| 111|0x0000000086f00000, 0x0000000087000000, 0x0000000087000000|100%|HS|  |TAMS 0x0000000086f00000, 0x0000000086f00000| Complete 
| 112|0x0000000087000000, 0x0000000087100000, 0x0000000087100000|100%|HC|  |TAMS 0x0000000087000000, 0x0000000087000000| Complete 
| 113|0x0000000087100000, 0x0000000087200000, 0x0000000087200000|100%|HC|  |TAMS 0x0000000087100000, 0x0000000087100000| Complete 
| 114|0x0000000087200000, 0x0000000087300000, 0x0000000087300000|100%|HS|  |TAMS 0x0000000087200000, 0x0000000087200000| Complete 
| 115|0x0000000087300000, 0x0000000087400000, 0x0000000087400000|100%|HC|  |TAMS 0x0000000087300000, 0x0000000087300000| Complete 
| 116|0x0000000087400000, 0x0000000087500000, 0x0000000087500000|100%| O|  |TAMS 0x0000000087400000, 0x0000000087400000| Untracked 
| 117|0x0000000087500000, 0x0000000087600000, 0x0000000087600000|100%|HS|  |TAMS 0x0000000087500000, 0x0000000087500000| Complete 
| 118|0x0000000087600000, 0x0000000087700000, 0x0000000087700000|100%|HC|  |TAMS 0x0000000087600000, 0x0000000087600000| Complete 
| 119|0x0000000087700000, 0x0000000087800000, 0x0000000087800000|100%| O|  |TAMS 0x0000000087700000, 0x0000000087700000| Untracked 
| 120|0x0000000087800000, 0x0000000087900000, 0x0000000087900000|100%|HS|  |TAMS 0x0000000087800000, 0x0000000087800000| Complete 
| 121|0x0000000087900000, 0x0000000087a00000, 0x0000000087a00000|100%|HS|  |TAMS 0x0000000087900000, 0x0000000087900000| Complete 
| 122|0x0000000087a00000, 0x0000000087b00000, 0x0000000087b00000|100%|HS|  |TAMS 0x0000000087a00000, 0x0000000087a00000| Complete 
| 123|0x0000000087b00000, 0x0000000087c00000, 0x0000000087c00000|100%|HS|  |TAMS 0x0000000087b00000, 0x0000000087b00000| Complete 
| 124|0x0000000087c00000, 0x0000000087d00000, 0x0000000087d00000|100%|HS|  |TAMS 0x0000000087c00000, 0x0000000087c00000| Complete 
| 125|0x0000000087d00000, 0x0000000087e00000, 0x0000000087e00000|100%|HS|  |TAMS 0x0000000087d00000, 0x0000000087d00000| Complete 
| 126|0x0000000087e00000, 0x0000000087f00000, 0x0000000087f00000|100%|HC|  |TAMS 0x0000000087e00000, 0x0000000087e00000| Complete 
| 127|0x0000000087f00000, 0x0000000088000000, 0x0000000088000000|100%|HS|  |TAMS 0x0000000087f00000, 0x0000000087f00000| Complete 
| 128|0x0000000088000000, 0x0000000088100000, 0x0000000088100000|100%|HC|  |TAMS 0x0000000088000000, 0x0000000088000000| Complete 
| 129|0x0000000088100000, 0x0000000088200000, 0x0000000088200000|100%|HS|  |TAMS 0x0000000088100000, 0x0000000088100000| Complete 
| 130|0x0000000088200000, 0x0000000088300000, 0x0000000088300000|100%|HC|  |TAMS 0x0000000088200000, 0x0000000088200000| Complete 
| 131|0x0000000088300000, 0x0000000088400000, 0x0000000088400000|100%| O|  |TAMS 0x0000000088300000, 0x0000000088300000| Untracked 
| 132|0x0000000088400000, 0x0000000088500000, 0x0000000088500000|100%| O|  |TAMS 0x0000000088400000, 0x0000000088400000| Untracked 
| 133|0x0000000088500000, 0x0000000088600000, 0x0000000088600000|100%| O|  |TAMS 0x0000000088500000, 0x0000000088500000| Untracked 
| 134|0x0000000088600000, 0x0000000088700000, 0x0000000088700000|100%| O|  |TAMS 0x0000000088600000, 0x0000000088600000| Untracked 
| 135|0x0000000088700000, 0x0000000088800000, 0x0000000088800000|100%| O|  |TAMS 0x0000000088700000, 0x0000000088700000| Untracked 
| 136|0x0000000088800000, 0x0000000088900000, 0x0000000088900000|100%| O|  |TAMS 0x0000000088800000, 0x0000000088800000| Untracked 
| 137|0x0000000088900000, 0x0000000088a00000, 0x0000000088a00000|100%| O|  |TAMS 0x0000000088900000, 0x0000000088900000| Untracked 
| 138|0x0000000088a00000, 0x0000000088b00000, 0x0000000088b00000|100%| O|  |TAMS 0x0000000088a00000, 0x0000000088a00000| Untracked 
| 139|0x0000000088b00000, 0x0000000088c00000, 0x0000000088c00000|100%| O|  |TAMS 0x0000000088b00000, 0x0000000088b00000| Untracked 
| 140|0x0000000088c00000, 0x0000000088d00000, 0x0000000088d00000|100%| O|  |TAMS 0x0000000088c00000, 0x0000000088c00000| Untracked 
| 141|0x0000000088d00000, 0x0000000088e00000, 0x0000000088e00000|100%| O|  |TAMS 0x0000000088d00000, 0x0000000088d00000| Untracked 
| 142|0x0000000088e00000, 0x0000000088f00000, 0x0000000088f00000|100%| O|  |TAMS 0x0000000088e00000, 0x0000000088e00000| Untracked 
| 143|0x0000000088f00000, 0x0000000089000000, 0x0000000089000000|100%| O|  |TAMS 0x0000000088f00000, 0x0000000088f00000| Untracked 
| 144|0x0000000089000000, 0x0000000089100000, 0x0000000089100000|100%| O|  |TAMS 0x0000000089000000, 0x0000000089000000| Untracked 
| 145|0x0000000089100000, 0x0000000089200000, 0x0000000089200000|100%| O|  |TAMS 0x0000000089100000, 0x0000000089100000| Untracked 
| 146|0x0000000089200000, 0x0000000089300000, 0x0000000089300000|100%| O|  |TAMS 0x0000000089200000, 0x0000000089200000| Untracked 
| 147|0x0000000089300000, 0x0000000089400000, 0x0000000089400000|100%| O|  |TAMS 0x0000000089300000, 0x0000000089300000| Untracked 
| 148|0x0000000089400000, 0x0000000089500000, 0x0000000089500000|100%|HS|  |TAMS 0x0000000089400000, 0x0000000089400000| Complete 
| 149|0x0000000089500000, 0x0000000089600000, 0x0000000089600000|100%|HC|  |TAMS 0x0000000089500000, 0x0000000089500000| Complete 
| 150|0x0000000089600000, 0x0000000089700000, 0x0000000089700000|100%|HC|  |TAMS 0x0000000089600000, 0x0000000089600000| Complete 
| 151|0x0000000089700000, 0x0000000089800000, 0x0000000089800000|100%| O|  |TAMS 0x0000000089700000, 0x0000000089700000| Untracked 
| 152|0x0000000089800000, 0x0000000089900000, 0x0000000089900000|100%| O|  |TAMS 0x0000000089800000, 0x0000000089800000| Untracked 
| 153|0x0000000089900000, 0x0000000089a00000, 0x0000000089a00000|100%| O|  |TAMS 0x0000000089900000, 0x0000000089900000| Untracked 
| 154|0x0000000089a00000, 0x0000000089b00000, 0x0000000089b00000|100%| O|  |TAMS 0x0000000089a00000, 0x0000000089a00000| Untracked 
| 155|0x0000000089b00000, 0x0000000089c00000, 0x0000000089c00000|100%| O|  |TAMS 0x0000000089b00000, 0x0000000089b00000| Untracked 
| 156|0x0000000089c00000, 0x0000000089d00000, 0x0000000089d00000|100%| O|  |TAMS 0x0000000089c00000, 0x0000000089c00000| Untracked 
| 157|0x0000000089d00000, 0x0000000089e00000, 0x0000000089e00000|100%| O|  |TAMS 0x0000000089d00000, 0x0000000089d00000| Untracked 
| 158|0x0000000089e00000, 0x0000000089f00000, 0x0000000089f00000|100%| O|  |TAMS 0x0000000089e00000, 0x0000000089e00000| Untracked 
| 159|0x0000000089f00000, 0x000000008a000000, 0x000000008a000000|100%| O|  |TAMS 0x0000000089f00000, 0x0000000089f00000| Untracked 
| 160|0x000000008a000000, 0x000000008a100000, 0x000000008a100000|100%| O|  |TAMS 0x000000008a000000, 0x000000008a000000| Untracked 
| 161|0x000000008a100000, 0x000000008a200000, 0x000000008a200000|100%| O|  |TAMS 0x000000008a100000, 0x000000008a100000| Untracked 
| 162|0x000000008a200000, 0x000000008a300000, 0x000000008a300000|100%| O|  |TAMS 0x000000008a200000, 0x000000008a200000| Untracked 
| 163|0x000000008a300000, 0x000000008a400000, 0x000000008a400000|100%| O|  |TAMS 0x000000008a300000, 0x000000008a300000| Untracked 
| 164|0x000000008a400000, 0x000000008a500000, 0x000000008a500000|100%| O|  |TAMS 0x000000008a400000, 0x000000008a400000| Untracked 
| 165|0x000000008a500000, 0x000000008a600000, 0x000000008a600000|100%| O|  |TAMS 0x000000008a500000, 0x000000008a500000| Untracked 
| 166|0x000000008a600000, 0x000000008a700000, 0x000000008a700000|100%| O|  |TAMS 0x000000008a600000, 0x000000008a600000| Untracked 
| 167|0x000000008a700000, 0x000000008a800000, 0x000000008a800000|100%| O|  |TAMS 0x000000008a700000, 0x000000008a700000| Untracked 
| 168|0x000000008a800000, 0x000000008a900000, 0x000000008a900000|100%| O|  |TAMS 0x000000008a800000, 0x000000008a800000| Untracked 
| 169|0x000000008a900000, 0x000000008aa00000, 0x000000008aa00000|100%|HS|  |TAMS 0x000000008a900000, 0x000000008a900000| Complete 
| 170|0x000000008aa00000, 0x000000008ab00000, 0x000000008ab00000|100%|HC|  |TAMS 0x000000008aa00000, 0x000000008aa00000| Complete 
| 171|0x000000008ab00000, 0x000000008ac00000, 0x000000008ac00000|100%|HC|  |TAMS 0x000000008ab00000, 0x000000008ab00000| Complete 
| 172|0x000000008ac00000, 0x000000008ad00000, 0x000000008ad00000|100%| O|  |TAMS 0x000000008ac00000, 0x000000008ac00000| Untracked 
| 173|0x000000008ad00000, 0x000000008ae00000, 0x000000008ae00000|100%| O|  |TAMS 0x000000008ad00000, 0x000000008ad00000| Untracked 
| 174|0x000000008ae00000, 0x000000008af00000, 0x000000008af00000|100%| O|  |TAMS 0x000000008ae00000, 0x000000008ae00000| Untracked 
| 175|0x000000008af00000, 0x000000008b000000, 0x000000008b000000|100%| O|  |TAMS 0x000000008af00000, 0x000000008af00000| Untracked 
| 176|0x000000008b000000, 0x000000008b100000, 0x000000008b100000|100%| O|  |TAMS 0x000000008b000000, 0x000000008b000000| Untracked 
| 177|0x000000008b100000, 0x000000008b200000, 0x000000008b200000|100%| O|  |TAMS 0x000000008b100000, 0x000000008b100000| Untracked 
| 178|0x000000008b200000, 0x000000008b300000, 0x000000008b300000|100%| O|  |TAMS 0x000000008b200000, 0x000000008b200000| Untracked 
| 179|0x000000008b300000, 0x000000008b400000, 0x000000008b400000|100%| O|  |TAMS 0x000000008b300000, 0x000000008b300000| Untracked 
| 180|0x000000008b400000, 0x000000008b500000, 0x000000008b500000|100%| O|  |TAMS 0x000000008b400000, 0x000000008b400000| Untracked 
| 181|0x000000008b500000, 0x000000008b600000, 0x000000008b600000|100%| O|  |TAMS 0x000000008b500000, 0x000000008b500000| Untracked 
| 182|0x000000008b600000, 0x000000008b700000, 0x000000008b700000|100%| O|  |TAMS 0x000000008b600000, 0x000000008b600000| Untracked 
| 183|0x000000008b700000, 0x000000008b800000, 0x000000008b800000|100%| O|  |TAMS 0x000000008b700000, 0x000000008b700000| Untracked 
| 184|0x000000008b800000, 0x000000008b900000, 0x000000008b900000|100%| O|  |TAMS 0x000000008b800000, 0x000000008b800000| Untracked 
| 185|0x000000008b900000, 0x000000008ba00000, 0x000000008ba00000|100%| O|  |TAMS 0x000000008b900000, 0x000000008b900000| Untracked 
| 186|0x000000008ba00000, 0x000000008bb00000, 0x000000008bb00000|100%| O|  |TAMS 0x000000008ba00000, 0x000000008ba00000| Untracked 
| 187|0x000000008bb00000, 0x000000008bc00000, 0x000000008bc00000|100%| O|  |TAMS 0x000000008bb00000, 0x000000008bb00000| Untracked 
| 188|0x000000008bc00000, 0x000000008bd00000, 0x000000008bd00000|100%| O|  |TAMS 0x000000008bc00000, 0x000000008bc00000| Untracked 
| 189|0x000000008bd00000, 0x000000008be00000, 0x000000008be00000|100%| O|  |TAMS 0x000000008bd00000, 0x000000008bd00000| Untracked 
| 190|0x000000008be00000, 0x000000008bf00000, 0x000000008bf00000|100%| O|  |TAMS 0x000000008be00000, 0x000000008be00000| Untracked 
| 191|0x000000008bf00000, 0x000000008c000000, 0x000000008c000000|100%| O|  |TAMS 0x000000008bf00000, 0x000000008bf00000| Untracked 
| 192|0x000000008c000000, 0x000000008c100000, 0x000000008c100000|100%| O|  |TAMS 0x000000008c000000, 0x000000008c000000| Untracked 
| 193|0x000000008c100000, 0x000000008c200000, 0x000000008c200000|100%| O|  |TAMS 0x000000008c100000, 0x000000008c100000| Untracked 
| 194|0x000000008c200000, 0x000000008c300000, 0x000000008c300000|100%| O|  |TAMS 0x000000008c200000, 0x000000008c200000| Untracked 
| 195|0x000000008c300000, 0x000000008c400000, 0x000000008c400000|100%| O|  |TAMS 0x000000008c300000, 0x000000008c300000| Untracked 
| 196|0x000000008c400000, 0x000000008c500000, 0x000000008c500000|100%| O|  |TAMS 0x000000008c400000, 0x000000008c400000| Untracked 
| 197|0x000000008c500000, 0x000000008c600000, 0x000000008c600000|100%| O|  |TAMS 0x000000008c500000, 0x000000008c500000| Untracked 
| 198|0x000000008c600000, 0x000000008c700000, 0x000000008c700000|100%| O|  |TAMS 0x000000008c600000, 0x000000008c600000| Untracked 
| 199|0x000000008c700000, 0x000000008c800000, 0x000000008c800000|100%| O|  |TAMS 0x000000008c700000, 0x000000008c700000| Untracked 
| 200|0x000000008c800000, 0x000000008c900000, 0x000000008c900000|100%| O|  |TAMS 0x000000008c800000, 0x000000008c800000| Untracked 
| 201|0x000000008c900000, 0x000000008ca00000, 0x000000008ca00000|100%| O|  |TAMS 0x000000008c900000, 0x000000008c900000| Untracked 
| 202|0x000000008ca00000, 0x000000008cb00000, 0x000000008cb00000|100%| O|  |TAMS 0x000000008ca00000, 0x000000008ca00000| Untracked 
| 203|0x000000008cb00000, 0x000000008cc00000, 0x000000008cc00000|100%| O|  |TAMS 0x000000008cb00000, 0x000000008cb00000| Untracked 
| 204|0x000000008cc00000, 0x000000008cd00000, 0x000000008cd00000|100%| O|  |TAMS 0x000000008cc00000, 0x000000008cc00000| Untracked 
| 205|0x000000008cd00000, 0x000000008ce00000, 0x000000008ce00000|100%| O|  |TAMS 0x000000008cd00000, 0x000000008cd00000| Untracked 
| 206|0x000000008ce00000, 0x000000008cf00000, 0x000000008cf00000|100%| O|  |TAMS 0x000000008ce00000, 0x000000008ce00000| Untracked 
| 207|0x000000008cf00000, 0x000000008d000000, 0x000000008d000000|100%| O|  |TAMS 0x000000008cf00000, 0x000000008cf00000| Untracked 
| 208|0x000000008d000000, 0x000000008d100000, 0x000000008d100000|100%| O|  |TAMS 0x000000008d000000, 0x000000008d000000| Untracked 
| 209|0x000000008d100000, 0x000000008d200000, 0x000000008d200000|100%| O|  |TAMS 0x000000008d100000, 0x000000008d100000| Untracked 
| 210|0x000000008d200000, 0x000000008d300000, 0x000000008d300000|100%| O|  |TAMS 0x000000008d200000, 0x000000008d200000| Untracked 
| 211|0x000000008d300000, 0x000000008d400000, 0x000000008d400000|100%| O|  |TAMS 0x000000008d300000, 0x000000008d300000| Untracked 
| 212|0x000000008d400000, 0x000000008d500000, 0x000000008d500000|100%| O|  |TAMS 0x000000008d400000, 0x000000008d400000| Untracked 
| 213|0x000000008d500000, 0x000000008d600000, 0x000000008d600000|100%| O|  |TAMS 0x000000008d500000, 0x000000008d500000| Untracked 
| 214|0x000000008d600000, 0x000000008d700000, 0x000000008d700000|100%| O|  |TAMS 0x000000008d600000, 0x000000008d600000| Untracked 
| 215|0x000000008d700000, 0x000000008d7d1600, 0x000000008d800000| 81%| O|  |TAMS 0x000000008d700000, 0x000000008d700000| Untracked 
| 216|0x000000008d800000, 0x000000008d800000, 0x000000008d900000|  0%| F|  |TAMS 0x000000008d800000, 0x000000008d800000| Untracked 
| 217|0x000000008d900000, 0x000000008d900000, 0x000000008da00000|  0%| F|  |TAMS 0x000000008d900000, 0x000000008d900000| Untracked 
| 218|0x000000008da00000, 0x000000008da00000, 0x000000008db00000|  0%| F|  |TAMS 0x000000008da00000, 0x000000008da00000| Untracked 
| 219|0x000000008db00000, 0x000000008db00000, 0x000000008dc00000|  0%| F|  |TAMS 0x000000008db00000, 0x000000008db00000| Untracked 
| 220|0x000000008dc00000, 0x000000008dc00000, 0x000000008dd00000|  0%| F|  |TAMS 0x000000008dc00000, 0x000000008dc00000| Untracked 
| 221|0x000000008dd00000, 0x000000008dd00000, 0x000000008de00000|  0%| F|  |TAMS 0x000000008dd00000, 0x000000008dd00000| Untracked 
| 222|0x000000008de00000, 0x000000008de00000, 0x000000008df00000|  0%| F|  |TAMS 0x000000008de00000, 0x000000008de00000| Untracked 
| 223|0x000000008df00000, 0x000000008df00000, 0x000000008e000000|  0%| F|  |TAMS 0x000000008df00000, 0x000000008df00000| Untracked 
| 224|0x000000008e000000, 0x000000008e000000, 0x000000008e100000|  0%| F|  |TAMS 0x000000008e000000, 0x000000008e000000| Untracked 
| 225|0x000000008e100000, 0x000000008e100000, 0x000000008e200000|  0%| F|  |TAMS 0x000000008e100000, 0x000000008e100000| Untracked 
| 226|0x000000008e200000, 0x000000008e200000, 0x000000008e300000|  0%| F|  |TAMS 0x000000008e200000, 0x000000008e200000| Untracked 
| 227|0x000000008e300000, 0x000000008e300000, 0x000000008e400000|  0%| F|  |TAMS 0x000000008e300000, 0x000000008e300000| Untracked 
| 228|0x000000008e400000, 0x000000008e400000, 0x000000008e500000|  0%| F|  |TAMS 0x000000008e400000, 0x000000008e400000| Untracked 
| 229|0x000000008e500000, 0x000000008e500000, 0x000000008e600000|  0%| F|  |TAMS 0x000000008e500000, 0x000000008e500000| Untracked 
| 230|0x000000008e600000, 0x000000008e600000, 0x000000008e700000|  0%| F|  |TAMS 0x000000008e600000, 0x000000008e600000| Untracked 
| 231|0x000000008e700000, 0x000000008e700000, 0x000000008e800000|  0%| F|  |TAMS 0x000000008e700000, 0x000000008e700000| Untracked 
| 232|0x000000008e800000, 0x000000008e800000, 0x000000008e900000|  0%| F|  |TAMS 0x000000008e800000, 0x000000008e800000| Untracked 
| 233|0x000000008e900000, 0x000000008e900000, 0x000000008ea00000|  0%| F|  |TAMS 0x000000008e900000, 0x000000008e900000| Untracked 
| 234|0x000000008ea00000, 0x000000008ea00000, 0x000000008eb00000|  0%| F|  |TAMS 0x000000008ea00000, 0x000000008ea00000| Untracked 
| 235|0x000000008eb00000, 0x000000008eb00000, 0x000000008ec00000|  0%| F|  |TAMS 0x000000008eb00000, 0x000000008eb00000| Untracked 
| 236|0x000000008ec00000, 0x000000008ec00000, 0x000000008ed00000|  0%| F|  |TAMS 0x000000008ec00000, 0x000000008ec00000| Untracked 
| 237|0x000000008ed00000, 0x000000008ed00000, 0x000000008ee00000|  0%| F|  |TAMS 0x000000008ed00000, 0x000000008ed00000| Untracked 
| 238|0x000000008ee00000, 0x000000008ee00000, 0x000000008ef00000|  0%| F|  |TAMS 0x000000008ee00000, 0x000000008ee00000| Untracked 
| 239|0x000000008ef00000, 0x000000008ef00000, 0x000000008f000000|  0%| F|  |TAMS 0x000000008ef00000, 0x000000008ef00000| Untracked 
| 240|0x000000008f000000, 0x000000008f000000, 0x000000008f100000|  0%| F|  |TAMS 0x000000008f000000, 0x000000008f000000| Untracked 
| 241|0x000000008f100000, 0x000000008f100000, 0x000000008f200000|  0%| F|  |TAMS 0x000000008f100000, 0x000000008f100000| Untracked 
| 242|0x000000008f200000, 0x000000008f200000, 0x000000008f300000|  0%| F|  |TAMS 0x000000008f200000, 0x000000008f200000| Untracked 
| 243|0x000000008f300000, 0x000000008f300000, 0x000000008f400000|  0%| F|  |TAMS 0x000000008f300000, 0x000000008f300000| Untracked 
| 244|0x000000008f400000, 0x000000008f400000, 0x000000008f500000|  0%| F|  |TAMS 0x000000008f400000, 0x000000008f400000| Untracked 
| 245|0x000000008f500000, 0x000000008f500000, 0x000000008f600000|  0%| F|  |TAMS 0x000000008f500000, 0x000000008f500000| Untracked 
| 246|0x000000008f600000, 0x000000008f600000, 0x000000008f700000|  0%| F|  |TAMS 0x000000008f600000, 0x000000008f600000| Untracked 
| 247|0x000000008f700000, 0x000000008f700000, 0x000000008f800000|  0%| F|  |TAMS 0x000000008f700000, 0x000000008f700000| Untracked 
| 248|0x000000008f800000, 0x000000008f800000, 0x000000008f900000|  0%| F|  |TAMS 0x000000008f800000, 0x000000008f800000| Untracked 
| 249|0x000000008f900000, 0x000000008f900000, 0x000000008fa00000|  0%| F|  |TAMS 0x000000008f900000, 0x000000008f900000| Untracked 
| 250|0x000000008fa00000, 0x000000008fa00000, 0x000000008fb00000|  0%| F|  |TAMS 0x000000008fa00000, 0x000000008fa00000| Untracked 
| 251|0x000000008fb00000, 0x000000008fb00000, 0x000000008fc00000|  0%| F|  |TAMS 0x000000008fb00000, 0x000000008fb00000| Untracked 
| 252|0x000000008fc00000, 0x000000008fc00000, 0x000000008fd00000|  0%| F|  |TAMS 0x000000008fc00000, 0x000000008fc00000| Untracked 
| 253|0x000000008fd00000, 0x000000008fd00000, 0x000000008fe00000|  0%| F|  |TAMS 0x000000008fd00000, 0x000000008fd00000| Untracked 
| 254|0x000000008fe00000, 0x000000008ff00000, 0x000000008ff00000|100%| S|CS|TAMS 0x000000008fe00000, 0x000000008fe00000| Complete 
| 255|0x000000008ff00000, 0x0000000090000000, 0x0000000090000000|100%| S|CS|TAMS 0x000000008ff00000, 0x000000008ff00000| Complete 
| 256|0x0000000090000000, 0x0000000090100000, 0x0000000090100000|100%| S|CS|TAMS 0x0000000090000000, 0x0000000090000000| Complete 
| 257|0x0000000090100000, 0x0000000090100000, 0x0000000090200000|  0%| F|  |TAMS 0x0000000090100000, 0x0000000090100000| Untracked 
| 258|0x0000000090200000, 0x0000000090200000, 0x0000000090300000|  0%| F|  |TAMS 0x0000000090200000, 0x0000000090200000| Untracked 
| 259|0x0000000090300000, 0x0000000090300000, 0x0000000090400000|  0%| F|  |TAMS 0x0000000090300000, 0x0000000090300000| Untracked 
| 260|0x0000000090400000, 0x0000000090400000, 0x0000000090500000|  0%| F|  |TAMS 0x0000000090400000, 0x0000000090400000| Untracked 
| 261|0x0000000090500000, 0x0000000090500000, 0x0000000090600000|  0%| F|  |TAMS 0x0000000090500000, 0x0000000090500000| Untracked 
| 262|0x0000000090600000, 0x0000000090600000, 0x0000000090700000|  0%| F|  |TAMS 0x0000000090600000, 0x0000000090600000| Untracked 
| 263|0x0000000090700000, 0x0000000090700000, 0x0000000090800000|  0%| F|  |TAMS 0x0000000090700000, 0x0000000090700000| Untracked 
| 264|0x0000000090800000, 0x0000000090800000, 0x0000000090900000|  0%| F|  |TAMS 0x0000000090800000, 0x0000000090800000| Untracked 
| 265|0x0000000090900000, 0x0000000090900000, 0x0000000090a00000|  0%| F|  |TAMS 0x0000000090900000, 0x0000000090900000| Untracked 
| 266|0x0000000090a00000, 0x0000000090a00000, 0x0000000090b00000|  0%| F|  |TAMS 0x0000000090a00000, 0x0000000090a00000| Untracked 
| 267|0x0000000090b00000, 0x0000000090b00000, 0x0000000090c00000|  0%| F|  |TAMS 0x0000000090b00000, 0x0000000090b00000| Untracked 
| 268|0x0000000090c00000, 0x0000000090c00000, 0x0000000090d00000|  0%| F|  |TAMS 0x0000000090c00000, 0x0000000090c00000| Untracked 
| 269|0x0000000090d00000, 0x0000000090d00000, 0x0000000090e00000|  0%| F|  |TAMS 0x0000000090d00000, 0x0000000090d00000| Untracked 
| 270|0x0000000090e00000, 0x0000000090e00000, 0x0000000090f00000|  0%| F|  |TAMS 0x0000000090e00000, 0x0000000090e00000| Untracked 
| 271|0x0000000090f00000, 0x0000000090f00000, 0x0000000091000000|  0%| F|  |TAMS 0x0000000090f00000, 0x0000000090f00000| Untracked 
| 272|0x0000000091000000, 0x0000000091000000, 0x0000000091100000|  0%| F|  |TAMS 0x0000000091000000, 0x0000000091000000| Untracked 
| 273|0x0000000091100000, 0x0000000091100000, 0x0000000091200000|  0%| F|  |TAMS 0x0000000091100000, 0x0000000091100000| Untracked 
| 274|0x0000000091200000, 0x0000000091200000, 0x0000000091300000|  0%| F|  |TAMS 0x0000000091200000, 0x0000000091200000| Untracked 
|2039|0x00000000ff700000, 0x00000000ff800000, 0x00000000ff800000|100%| O|  |TAMS 0x00000000ff700000, 0x00000000ff700000| Untracked 
|2040|0x00000000ff800000, 0x00000000ff900000, 0x00000000ff900000|100%| O|  |TAMS 0x00000000ff800000, 0x00000000ff800000| Untracked 
|2041|0x00000000ff900000, 0x00000000ffa00000, 0x00000000ffa00000|100%| O|  |TAMS 0x00000000ff900000, 0x00000000ff900000| Untracked 
|2042|0x00000000ffa00000, 0x00000000ffb00000, 0x00000000ffb00000|100%| O|  |TAMS 0x00000000ffa00000, 0x00000000ffa00000| Untracked 
|2043|0x00000000ffb00000, 0x00000000ffc00000, 0x00000000ffc00000|100%| O|  |TAMS 0x00000000ffb00000, 0x00000000ffb00000| Untracked 
|2044|0x00000000ffc00000, 0x00000000ffd00000, 0x00000000ffd00000|100%| O|  |TAMS 0x00000000ffc00000, 0x00000000ffc00000| Untracked 
|2045|0x00000000ffd00000, 0x00000000ffe00000, 0x00000000ffe00000|100%| O|  |TAMS 0x00000000ffd00000, 0x00000000ffd00000| Untracked 
|2046|0x00000000ffe00000, 0x00000000fff00000, 0x00000000fff00000|100%| O|  |TAMS 0x00000000ffe00000, 0x00000000ffe00000| Untracked 
|2047|0x00000000fff00000, 0x0000000100000000, 0x0000000100000000|100%| O|  |TAMS 0x00000000fff00000, 0x00000000fff00000| Untracked 

Card table byte_map: [0x000001e7b3fe0000,0x000001e7b43e0000] _byte_map_base: 0x000001e7b3be0000

Marking Bits (Prev, Next): (CMBitMap*) 0x000001e7a143c760, (CMBitMap*) 0x000001e7a143c720
 Prev Bits: [0x000001e7b67e0000, 0x000001e7b87e0000)
 Next Bits: [0x000001e7b47e0000, 0x000001e7b67e0000)

Polling page: 0x000001e7a0ba0000

Metaspace:

Usage:
  Non-class:     93.47 MB used.
      Class:     14.91 MB used.
       Both:    108.38 MB used.

Virtual space:
  Non-class space:      128.00 MB reserved,      93.88 MB ( 73%) committed,  2 nodes.
      Class space:        1.00 GB reserved,      15.31 MB (  1%) committed,  1 nodes.
             Both:        1.12 GB reserved,     109.19 MB (  9%) committed. 

Chunk freelists:
   Non-Class:  1.33 MB
       Class:  704.00 KB
        Both:  2.02 MB

MaxMetaspaceSize: unlimited
CompressedClassSpaceSize: 1.00 GB
Initial GC threshold: 21.00 MB
Current GC threshold: 137.19 MB
CDS: off
MetaspaceReclaimPolicy: balanced
 - commit_granule_bytes: 65536.
 - commit_granule_words: 8192.
 - virtual_space_node_default_size: 8388608.
 - enlarge_chunks_in_place: 1.
 - new_chunks_are_fully_committed: 0.
 - uncommit_free_chunks: 1.
 - use_allocation_guard: 0.
 - handle_deallocations: 1.


Internal statistics:

num_allocs_failed_limit: 9.
num_arena_births: 1274.
num_arena_deaths: 0.
num_vsnodes_births: 3.
num_vsnodes_deaths: 0.
num_space_committed: 1746.
num_space_uncommitted: 0.
num_chunks_returned_to_freelist: 9.
num_chunks_taken_from_freelist: 5458.
num_chunk_merges: 9.
num_chunk_splits: 3643.
num_chunks_enlarged: 2486.
num_inconsistent_stats: 0.

CodeHeap 'non-profiled nmethods': size=120000Kb used=6925Kb max_used=7500Kb free=113074Kb
 bounds [0x000001e7ac380000, 0x000001e7acae0000, 0x000001e7b38b0000]
CodeHeap 'profiled nmethods': size=120000Kb used=22291Kb max_used=23205Kb free=97708Kb
 bounds [0x000001e7a48b0000, 0x000001e7a5f90000, 0x000001e7abde0000]
CodeHeap 'non-nmethods': size=5760Kb used=2438Kb max_used=2488Kb free=3321Kb
 bounds [0x000001e7abde0000, 0x000001e7ac060000, 0x000001e7ac380000]
 total_blobs=12712 nmethods=11752 adapters=871
 compilation: enabled
              stopped_count=0, restarted_count=0
 full_count=0

Compilation events (20 events):
Event: 11.231 Thread 0x000001e7bb457f60 14113       2       com.android.tools.r8.dex.code.H2::<init> (7 bytes)
Event: 11.232 Thread 0x000001e7bb457f60 nmethod 14113 0x000001e7a56fc610 code [0x000001e7a56fc7a0, 0x000001e7a56fc8c8]
Event: 11.233 Thread 0x000001e7bb457f60 14115       2       com.android.tools.r8.dex.code.j::<init> (7 bytes)
Event: 11.233 Thread 0x000001e7bb457f60 nmethod 14115 0x000001e7a56fc190 code [0x000001e7a56fc320, 0x000001e7a56fc448]
Event: 11.238 Thread 0x000001e7bb457f60 14118       2       com.android.tools.r8.utils.A1::j0 (28 bytes)
Event: 11.238 Thread 0x000001e7bb457f60 nmethod 14118 0x000001e7a5890390 code [0x000001e7a5890520, 0x000001e7a58906f8]
Event: 11.243 Thread 0x000001e7bb457f60 14119       2       com.android.tools.r8.dex.code.U2::<init> (7 bytes)
Event: 11.243 Thread 0x000001e7bb457f60 nmethod 14119 0x000001e7a5890010 code [0x000001e7a58901a0, 0x000001e7a58902c8]
Event: 11.243 Thread 0x000001e7bb457f60 14120       2       com.android.tools.r8.utils.A1$g::b (13 bytes)
Event: 11.243 Thread 0x000001e7bb457f60 nmethod 14120 0x000001e7a588fc10 code [0x000001e7a588fda0, 0x000001e7a588feb8]
Event: 11.245 Thread 0x000001e7bb457f60 14122       2       com.android.tools.r8.dex.code.B0::<init> (7 bytes)
Event: 11.245 Thread 0x000001e7bb457f60 nmethod 14122 0x000001e7a5aa6910 code [0x000001e7a5aa6aa0, 0x000001e7a5aa6bc8]
Event: 11.245 Thread 0x000001e7bb457f60 14123       2       com.android.tools.r8.dex.code.R1::<init> (8 bytes)
Event: 11.245 Thread 0x000001e7bb457f60 nmethod 14123 0x000001e7a5aa6590 code [0x000001e7a5aa6720, 0x000001e7a5aa6848]
Event: 11.246 Thread 0x000001e7bb457f60 14124       2       com.android.tools.r8.utils.A1::b (75 bytes)
Event: 11.247 Thread 0x000001e7bb457f60 nmethod 14124 0x000001e7a50d6c90 code [0x000001e7a50d6e40, 0x000001e7a50d70f8]
Event: 11.250 Thread 0x000001e7bb457f60 14126       2       com.android.tools.r8.graph.y1$$Lambda$1923/0x0000000100f38d88::apply (15 bytes)
Event: 11.250 Thread 0x000001e7bb457f60 nmethod 14126 0x000001e7a5aa6110 code [0x000001e7a5aa62a0, 0x000001e7a5aa6438]
Event: 11.251 Thread 0x000001e7bb457f60 14127       2       com.android.tools.r8.graph.J0::<init> (10 bytes)
Event: 11.251 Thread 0x000001e7bb457f60 nmethod 14127 0x000001e7a50d6910 code [0x000001e7a50d6aa0, 0x000001e7a50d6bb8]

GC Heap History (20 events):
Event: 7.375 GC heap after
{Heap after GC invocations=34 (full 0):
 garbage-first heap   total 138240K, used 71496K [0x0000000080000000, 0x0000000100000000)
  region size 1024K, 3 young (3072K), 3 survivors (3072K)
 Metaspace       used 91080K, committed 91712K, reserved 1179648K
  class space    used 12505K, committed 12800K, reserved 1048576K
}
Event: 7.627 GC heap before
{Heap before GC invocations=34 (full 0):
 garbage-first heap   total 138240K, used 112456K [0x0000000080000000, 0x0000000100000000)
  region size 1024K, 43 young (44032K), 3 survivors (3072K)
 Metaspace       used 92112K, committed 92736K, reserved 1179648K
  class space    used 12641K, committed 12928K, reserved 1048576K
}
Event: 7.635 GC heap after
{Heap after GC invocations=35 (full 0):
 garbage-first heap   total 138240K, used 76733K [0x0000000080000000, 0x0000000100000000)
  region size 1024K, 6 young (6144K), 6 survivors (6144K)
 Metaspace       used 92112K, committed 92736K, reserved 1179648K
  class space    used 12641K, committed 12928K, reserved 1048576K
}
Event: 7.860 GC heap before
{Heap before GC invocations=35 (full 0):
 garbage-first heap   total 138240K, used 117693K [0x0000000080000000, 0x0000000100000000)
  region size 1024K, 42 young (43008K), 6 survivors (6144K)
 Metaspace       used 93972K, committed 94592K, reserved 1179648K
  class space    used 12779K, committed 13056K, reserved 1048576K
}
Event: 7.867 GC heap after
{Heap after GC invocations=36 (full 0):
 garbage-first heap   total 281600K, used 83105K [0x0000000080000000, 0x0000000100000000)
  region size 1024K, 6 young (6144K), 6 survivors (6144K)
 Metaspace       used 93972K, committed 94592K, reserved 1179648K
  class space    used 12779K, committed 13056K, reserved 1048576K
}
Event: 8.590 GC heap before
{Heap before GC invocations=36 (full 0):
 garbage-first heap   total 281600K, used 210081K [0x0000000080000000, 0x0000000100000000)
  region size 1024K, 131 young (134144K), 6 survivors (6144K)
 Metaspace       used 96742K, committed 97408K, reserved 1179648K
  class space    used 13218K, committed 13568K, reserved 1048576K
}
Event: 8.602 GC heap after
{Heap after GC invocations=37 (full 0):
 garbage-first heap   total 281600K, used 94868K [0x0000000080000000, 0x0000000100000000)
  region size 1024K, 17 young (17408K), 17 survivors (17408K)
 Metaspace       used 96742K, committed 97408K, reserved 1179648K
  class space    used 13218K, committed 13568K, reserved 1048576K
}
Event: 9.259 GC heap before
{Heap before GC invocations=37 (full 0):
 garbage-first heap   total 281600K, used 208532K [0x0000000080000000, 0x0000000100000000)
  region size 1024K, 129 young (132096K), 17 survivors (17408K)
 Metaspace       used 101614K, committed 102400K, reserved 1179648K
  class space    used 13815K, committed 14208K, reserved 1048576K
}
Event: 9.271 GC heap after
{Heap after GC invocations=38 (full 0):
 garbage-first heap   total 281600K, used 102531K [0x0000000080000000, 0x0000000100000000)
  region size 1024K, 9 young (9216K), 9 survivors (9216K)
 Metaspace       used 101614K, committed 102400K, reserved 1179648K
  class space    used 13815K, committed 14208K, reserved 1048576K
}
Event: 9.834 GC heap before
{Heap before GC invocations=38 (full 0):
 garbage-first heap   total 281600K, used 215171K [0x0000000080000000, 0x0000000100000000)
  region size 1024K, 120 young (122880K), 9 survivors (9216K)
 Metaspace       used 103579K, committed 104320K, reserved 1179648K
  class space    used 14047K, committed 14400K, reserved 1048576K
}
Event: 9.842 GC heap after
{Heap after GC invocations=39 (full 0):
 garbage-first heap   total 281600K, used 110727K [0x0000000080000000, 0x0000000100000000)
  region size 1024K, 10 young (10240K), 10 survivors (10240K)
 Metaspace       used 103579K, committed 104320K, reserved 1179648K
  class space    used 14047K, committed 14400K, reserved 1048576K
}
Event: 10.410 GC heap before
{Heap before GC invocations=39 (full 0):
 garbage-first heap   total 281600K, used 253063K [0x0000000080000000, 0x0000000100000000)
  region size 1024K, 116 young (118784K), 10 survivors (10240K)
 Metaspace       used 107856K, committed 108672K, reserved 1179648K
  class space    used 14644K, committed 15040K, reserved 1048576K
}
Event: 10.420 GC heap after
{Heap after GC invocations=40 (full 0):
 garbage-first heap   total 285696K, used 156068K [0x0000000080000000, 0x0000000100000000)
  region size 1024K, 15 young (15360K), 15 survivors (15360K)
 Metaspace       used 107856K, committed 108672K, reserved 1179648K
  class space    used 14644K, committed 15040K, reserved 1048576K
}
Event: 10.885 GC heap before
{Heap before GC invocations=40 (full 0):
 garbage-first heap   total 285696K, used 249252K [0x0000000080000000, 0x0000000100000000)
  region size 1024K, 85 young (87040K), 15 survivors (15360K)
 Metaspace       used 108165K, committed 108992K, reserved 1179648K
  class space    used 14689K, committed 15104K, reserved 1048576K
}
Event: 10.906 GC heap after
{Heap after GC invocations=41 (full 0):
 garbage-first heap   total 290816K, used 188416K [0x0000000080000000, 0x0000000100000000)
  region size 1024K, 11 young (11264K), 11 survivors (11264K)
 Metaspace       used 108165K, committed 108992K, reserved 1179648K
  class space    used 14689K, committed 15104K, reserved 1048576K
}
Event: 11.092 GC heap before
{Heap before GC invocations=41 (full 0):
 garbage-first heap   total 290816K, used 234496K [0x0000000080000000, 0x0000000100000000)
  region size 1024K, 53 young (54272K), 11 survivors (11264K)
 Metaspace       used 110785K, committed 111552K, reserved 1179648K
  class space    used 15257K, committed 15616K, reserved 1048576K
}
Event: 11.115 GC heap after
{Heap after GC invocations=42 (full 0):
 garbage-first heap   total 290816K, used 207255K [0x0000000080000000, 0x0000000100000000)
  region size 1024K, 7 young (7168K), 7 survivors (7168K)
 Metaspace       used 110785K, committed 111552K, reserved 1179648K
  class space    used 15257K, committed 15616K, reserved 1048576K
}
Event: 11.199 GC heap before
{Heap before GC invocations=42 (full 0):
 garbage-first heap   total 290816K, used 237975K [0x0000000080000000, 0x0000000100000000)
  region size 1024K, 37 young (37888K), 7 survivors (7168K)
 Metaspace       used 110975K, committed 111808K, reserved 1179648K
  class space    used 15265K, committed 15680K, reserved 1048576K
}
Event: 11.220 GC heap after
{Heap after GC invocations=43 (full 0):
 garbage-first heap   total 290816K, used 223061K [0x0000000080000000, 0x0000000100000000)
  region size 1024K, 5 young (5120K), 5 survivors (5120K)
 Metaspace       used 110975K, committed 111808K, reserved 1179648K
  class space    used 15265K, committed 15680K, reserved 1048576K
}
Event: 11.257 GC heap before
{Heap before GC invocations=43 (full 0):
 garbage-first heap   total 290816K, used 241493K [0x0000000080000000, 0x0000000100000000)
  region size 1024K, 23 young (23552K), 5 survivors (5120K)
 Metaspace       used 110983K, committed 111808K, reserved 1179648K
  class space    used 15265K, committed 15680K, reserved 1048576K
}

Dll operation events (3 events):
Event: 0.005 Loaded shared library C:\Program Files\Android\Android Studio\jbr\bin\java.dll
Event: 0.087 Loaded shared library C:\Program Files\Android\Android Studio\jbr\bin\zip.dll
Event: 0.274 Loaded shared library C:\Program Files\Android\Android Studio\jbr\bin\verify.dll

Deoptimization events (20 events):
Event: 11.010 Thread 0x000001e7c7547230 DEOPT PACKING pc=0x000001e7ac996864 sp=0x00000083626fead0
Event: 11.010 Thread 0x000001e7c7547230 DEOPT UNPACKING pc=0x000001e7abe3a1a3 sp=0x00000083626fea68 mode 2
Event: 11.092 Thread 0x000001e7c3af88a0 Uncommon trap: trap_request=0xffffff45 fr.pc=0x000001e7ac4cc52c relative=0x000000000000038c
Event: 11.092 Thread 0x000001e7c3af88a0 Uncommon trap: reason=unstable_if action=reinterpret pc=0x000001e7ac4cc52c method=java.util.concurrent.ConcurrentLinkedQueue.offer(Ljava/lang/Object;)Z @ 96 c2
Event: 11.092 Thread 0x000001e7c3af88a0 DEOPT PACKING pc=0x000001e7ac4cc52c sp=0x0000008361fff000
Event: 11.092 Thread 0x000001e7c3af88a0 DEOPT UNPACKING pc=0x000001e7abe3a1a3 sp=0x0000008361ffef98 mode 2
Event: 11.125 Thread 0x000001e7c3de02f0 DEOPT PACKING pc=0x000001e7a5130b45 sp=0x00000083623fe810
Event: 11.125 Thread 0x000001e7c3de02f0 DEOPT UNPACKING pc=0x000001e7abe3ace3 sp=0x00000083623fdd28 mode 0
Event: 11.142 Thread 0x000001e7c3de02f0 DEOPT PACKING pc=0x000001e7a497dbc4 sp=0x00000083623fe9a0
Event: 11.142 Thread 0x000001e7c3de02f0 DEOPT UNPACKING pc=0x000001e7abe3ace3 sp=0x00000083623fde98 mode 0
Event: 11.151 Thread 0x000001e7c203a5e0 DEOPT PACKING pc=0x000001e7a5130b45 sp=0x00000083620fe7c0
Event: 11.151 Thread 0x000001e7c203a5e0 DEOPT UNPACKING pc=0x000001e7abe3ace3 sp=0x00000083620fdcd8 mode 0
Event: 11.168 Thread 0x000001e7c3af88a0 DEOPT PACKING pc=0x000001e7a5130b45 sp=0x0000008361ffec80
Event: 11.168 Thread 0x000001e7c3af88a0 DEOPT UNPACKING pc=0x000001e7abe3ace3 sp=0x0000008361ffe198 mode 0
Event: 11.184 Thread 0x000001e7c74d5090 DEOPT PACKING pc=0x000001e7a5130b45 sp=0x00000083625fe640
Event: 11.184 Thread 0x000001e7c74d5090 DEOPT UNPACKING pc=0x000001e7abe3ace3 sp=0x00000083625fdb58 mode 0
Event: 11.238 Thread 0x000001e7c203a5e0 DEOPT PACKING pc=0x000001e7a5130b45 sp=0x00000083620fe4a0
Event: 11.238 Thread 0x000001e7c203a5e0 DEOPT UNPACKING pc=0x000001e7abe3ace3 sp=0x00000083620fd9b8 mode 0
Event: 11.254 Thread 0x000001e7c3af88a0 DEOPT PACKING pc=0x000001e7a5130b45 sp=0x0000008361ffe970
Event: 11.254 Thread 0x000001e7c3af88a0 DEOPT UNPACKING pc=0x000001e7abe3ace3 sp=0x0000008361ffde88 mode 0

Classes unloaded (0 events):
No events

Classes redefined (0 events):
No events

Internal exceptions (20 events):
Event: 9.961 Thread 0x000001e7c2038430 Exception <a 'java/lang/NoSuchMethodError'{0x000000008eb559f0}: 'java.lang.Object java.lang.invoke.DirectMethodHandle$Holder.invokeStaticInit(java.lang.Object, java.lang.Object, long, java.lang.Object)'> (0x000000008eb559f0) 
thrown [s\src\hotspot\share\interpreter\linkResolver.cpp, line 771]
Event: 10.034 Thread 0x000001e7c6065590 Exception <a 'java/lang/NoSuchMethodError'{0x000000008de779c0}: static Lkotlin/InitializedLazyImpl;.<clinit>()V> (0x000000008de779c0) 
thrown [s\src\hotspot\share\prims\jni.cpp, line 1108]
Event: 10.069 Thread 0x000001e7c3de1b00 Exception <a 'sun/nio/fs/WindowsException'{0x000000008da24f08}> (0x000000008da24f08) 
thrown [s\src\hotspot\share\prims\jni.cpp, line 517]
Event: 10.069 Thread 0x000001e7c3de1b00 Exception <a 'sun/nio/fs/WindowsException'{0x000000008da25258}> (0x000000008da25258) 
thrown [s\src\hotspot\share\prims\jni.cpp, line 517]
Event: 10.070 Thread 0x000001e7c3de1b00 Exception <a 'sun/nio/fs/WindowsException'{0x000000008da261e0}> (0x000000008da261e0) 
thrown [s\src\hotspot\share\prims\jni.cpp, line 517]
Event: 10.070 Thread 0x000001e7c3de1b00 Exception <a 'sun/nio/fs/WindowsException'{0x000000008da26538}> (0x000000008da26538) 
thrown [s\src\hotspot\share\prims\jni.cpp, line 517]
Event: 10.206 Thread 0x000001e7c654e2e0 Exception <a 'sun/nio/fs/WindowsException'{0x000000008ceb84d8}> (0x000000008ceb84d8) 
thrown [s\src\hotspot\share\prims\jni.cpp, line 517]
Event: 10.393 Thread 0x000001e7c654e2e0 Exception <a 'java/lang/NoSuchMethodError'{0x000000008bba39b8}: 'java.lang.Object java.lang.invoke.DirectMethodHandle$Holder.invokeStaticInit(java.lang.Object, java.lang.Object, java.lang.Object, java.lang.Object, java.lang.Object, java.lang.Object, java.lang.Object, java.lang.Object, java.lang.Object, java.lang.Object, java.lang.Object, java.lang.Object, java.lang.Object, java.lang.Object, java.lang.Object, java.lang.Object, java.lang.Object, java.lang.Object, java.lang.Object, java.lang.Object, int, java
Event: 10.942 Thread 0x000001e7c3af88a0 Implicit null exception at 0x000001e7ac61e95d to 0x000001e7ac61eac8
Event: 10.942 Thread 0x000001e7c654ec80 Implicit null exception at 0x000001e7ac61e95d to 0x000001e7ac61eac8
Event: 10.942 Thread 0x000001e7c3af88a0 Implicit null exception at 0x000001e7acaa0e3e to 0x000001e7acaa1618
Event: 10.942 Thread 0x000001e7c654ec80 Implicit null exception at 0x000001e7acaa0e3e to 0x000001e7acaa1618
Event: 10.942 Thread 0x000001e7c3af88a0 Exception <a 'java/lang/IncompatibleClassChangeError'{0x00000000906188c0}: Found class java.lang.Object, but interface was expected> (0x00000000906188c0) 
thrown [s\src\hotspot\share\interpreter\linkResolver.cpp, line 838]
Event: 10.942 Thread 0x000001e7c654f150 Exception <a 'java/lang/IncompatibleClassChangeError'{0x000000009060c1c0}: Found class java.lang.Object, but interface was expected> (0x000000009060c1c0) 
thrown [s\src\hotspot\share\interpreter\linkResolver.cpp, line 838]
Event: 10.942 Thread 0x000001e7c203a5e0 Exception <a 'java/lang/IncompatibleClassChangeError'{0x00000000907ea030}: Found class java.lang.Object, but interface was expected> (0x00000000907ea030) 
thrown [s\src\hotspot\share\interpreter\linkResolver.cpp, line 838]
Event: 10.959 Thread 0x000001e7c3af88a0 Exception <a 'java/lang/NoSuchMethodError'{0x0000000090365288}: 'long java.lang.invoke.DirectMethodHandle$Holder.invokeStatic(java.lang.Object, java.lang.Object, java.lang.Object)'> (0x0000000090365288) 
thrown [s\src\hotspot\share\interpreter\linkResolver.cpp, line 771]
Event: 10.964 Thread 0x000001e7c74d5090 Exception <a 'java/lang/IncompatibleClassChangeError'{0x0000000090123e88}: Found class java.lang.Object, but interface was expected> (0x0000000090123e88) 
thrown [s\src\hotspot\share\interpreter\linkResolver.cpp, line 838]
Event: 10.964 Thread 0x000001e7c203a5e0 Exception <a 'java/lang/IncompatibleClassChangeError'{0x000000009011b1a0}: Found class java.lang.Object, but interface was expected> (0x000000009011b1a0) 
thrown [s\src\hotspot\share\interpreter\linkResolver.cpp, line 838]
Event: 10.965 Thread 0x000001e7c74d5090 Exception <a 'java/lang/IncompatibleClassChangeError'{0x0000000090137f48}: Found class java.lang.Object, but interface was expected> (0x0000000090137f48) 
thrown [s\src\hotspot\share\interpreter\linkResolver.cpp, line 838]
Event: 10.965 Thread 0x000001e7c203a5e0 Exception <a 'java/lang/IncompatibleClassChangeError'{0x000000009013f1b8}: Found class java.lang.Object, but interface was expected> (0x000000009013f1b8) 
thrown [s\src\hotspot\share\interpreter\linkResolver.cpp, line 838]

VM Operations (20 events):
Event: 10.245 Executing VM operation: HandshakeAllThreads done
Event: 10.410 Executing VM operation: G1CollectForAllocation
Event: 10.420 Executing VM operation: G1CollectForAllocation done
Event: 10.502 Executing VM operation: HandshakeAllThreads
Event: 10.503 Executing VM operation: HandshakeAllThreads done
Event: 10.526 Executing VM operation: HandshakeAllThreads
Event: 10.526 Executing VM operation: HandshakeAllThreads done
Event: 10.837 Executing VM operation: HandshakeAllThreads
Event: 10.837 Executing VM operation: HandshakeAllThreads done
Event: 10.885 Executing VM operation: G1CollectForAllocation
Event: 10.906 Executing VM operation: G1CollectForAllocation done
Event: 11.092 Executing VM operation: G1CollectForAllocation
Event: 11.119 Executing VM operation: G1CollectForAllocation done
Event: 11.142 Executing VM operation: HandshakeAllThreads
Event: 11.142 Executing VM operation: HandshakeAllThreads done
Event: 11.179 Executing VM operation: HandshakeAllThreads
Event: 11.180 Executing VM operation: HandshakeAllThreads done
Event: 11.198 Executing VM operation: G1CollectForAllocation
Event: 11.221 Executing VM operation: G1CollectForAllocation done
Event: 11.257 Executing VM operation: G1CollectForAllocation

Events (20 events):
Event: 10.942 Thread 0x000001e7c3de02f0 Thread added: 0x000001e7c3de02f0
Event: 10.942 Thread 0x000001e7c654f150 Thread added: 0x000001e7c654f150
Event: 10.942 Thread 0x000001e7c74d5090 Thread added: 0x000001e7c74d5090
Event: 10.942 Thread 0x000001e7c7547230 Thread added: 0x000001e7c7547230
Event: 10.949 loading class java/lang/reflect/GenericSignatureFormatError
Event: 10.949 loading class java/lang/reflect/GenericSignatureFormatError done
Event: 10.958 loading class java/util/AbstractList$RandomAccessSubList
Event: 10.958 loading class java/util/AbstractList$SubList
Event: 10.958 loading class java/util/AbstractList$SubList done
Event: 10.958 loading class java/util/AbstractList$RandomAccessSubList done
Event: 10.958 loading class java/util/AbstractList$SubList$1
Event: 10.958 loading class java/util/AbstractList$SubList$1 done
Event: 10.998 loading class java/nio/ShortBuffer
Event: 10.998 loading class java/nio/ShortBuffer done
Event: 10.998 loading class java/nio/HeapShortBuffer
Event: 10.998 loading class java/nio/HeapShortBuffer done
Event: 11.172 loading class java/util/concurrent/LinkedBlockingDeque$Itr
Event: 11.172 loading class java/util/concurrent/LinkedBlockingDeque$AbstractItr
Event: 11.172 loading class java/util/concurrent/LinkedBlockingDeque$AbstractItr done
Event: 11.173 loading class java/util/concurrent/LinkedBlockingDeque$Itr done


Dynamic libraries:
0x00007ff64d630000 - 0x00007ff64d63a000 	C:\Program Files\Android\Android Studio\jbr\bin\java.exe
0x00007ff954190000 - 0x00007ff9543a6000 	C:\WINDOWS\SYSTEM32\ntdll.dll
0x00007ff952620000 - 0x00007ff9526e4000 	C:\WINDOWS\System32\KERNEL32.DLL
0x00007ff951540000 - 0x00007ff9518e6000 	C:\WINDOWS\System32\KERNELBASE.dll
0x00007ff9518f0000 - 0x00007ff951a01000 	C:\WINDOWS\System32\ucrtbase.dll
0x00007ff933700000 - 0x00007ff933717000 	C:\Program Files\Android\Android Studio\jbr\bin\jli.dll
0x00007ff931ce0000 - 0x00007ff931cfb000 	C:\Program Files\Android\Android Studio\jbr\bin\VCRUNTIME140.dll
0x00007ff952840000 - 0x00007ff9529ed000 	C:\WINDOWS\System32\USER32.dll
0x00007ff935700000 - 0x00007ff935993000 	C:\WINDOWS\WinSxS\amd64_microsoft.windows.common-controls_6595b64144ccf1df_6.0.22621.3235_none_270f74e173860f98\COMCTL32.dll
0x00007ff951a10000 - 0x00007ff951a36000 	C:\WINDOWS\System32\win32u.dll
0x00007ff953f10000 - 0x00007ff953fb7000 	C:\WINDOWS\System32\msvcrt.dll
0x00007ff952d80000 - 0x00007ff952da9000 	C:\WINDOWS\System32\GDI32.dll
0x00007ff951d00000 - 0x00007ff951e18000 	C:\WINDOWS\System32\gdi32full.dll
0x00007ff951a40000 - 0x00007ff951ada000 	C:\WINDOWS\System32\msvcp_win.dll
0x00007ff952ad0000 - 0x00007ff952b01000 	C:\WINDOWS\System32\IMM32.DLL
0x00007ff94a620000 - 0x00007ff94a62c000 	C:\Program Files\Android\Android Studio\jbr\bin\vcruntime140_1.dll
0x00007ff921480000 - 0x00007ff92150d000 	C:\Program Files\Android\Android Studio\jbr\bin\msvcp140.dll
0x00007ff8e7140000 - 0x00007ff8e7dc0000 	C:\Program Files\Android\Android Studio\jbr\bin\server\jvm.dll
0x00007ff953560000 - 0x00007ff953612000 	C:\WINDOWS\System32\ADVAPI32.dll
0x00007ff952db0000 - 0x00007ff952e58000 	C:\WINDOWS\System32\sechost.dll
0x00007ff951c50000 - 0x00007ff951c78000 	C:\WINDOWS\System32\bcrypt.dll
0x00007ff952500000 - 0x00007ff952615000 	C:\WINDOWS\System32\RPCRT4.dll
0x00007ff949d80000 - 0x00007ff949db4000 	C:\WINDOWS\SYSTEM32\WINMM.dll
0x00007ff948100000 - 0x00007ff94810a000 	C:\WINDOWS\SYSTEM32\VERSION.dll
0x00007ff932d90000 - 0x00007ff932d99000 	C:\WINDOWS\SYSTEM32\WSOCK32.dll
0x00007ff9527c0000 - 0x00007ff952831000 	C:\WINDOWS\System32\WS2_32.dll
0x00007ff950600000 - 0x00007ff950618000 	C:\WINDOWS\SYSTEM32\kernel.appcore.dll
0x00007ff94a7a0000 - 0x00007ff94a7aa000 	C:\Program Files\Android\Android Studio\jbr\bin\jimage.dll
0x00007ff94ed50000 - 0x00007ff94ef83000 	C:\WINDOWS\SYSTEM32\DBGHELP.DLL
0x00007ff952ec0000 - 0x00007ff953248000 	C:\WINDOWS\System32\combase.dll
0x00007ff9529f0000 - 0x00007ff952ac7000 	C:\WINDOWS\System32\OLEAUT32.dll
0x00007ff930170000 - 0x00007ff9301a2000 	C:\WINDOWS\SYSTEM32\dbgcore.DLL
0x00007ff951c80000 - 0x00007ff951cfa000 	C:\WINDOWS\System32\bcryptPrimitives.dll
0x00007ff934500000 - 0x00007ff93450e000 	C:\Program Files\Android\Android Studio\jbr\bin\instrument.dll
0x00007ff949f80000 - 0x00007ff949fa5000 	C:\Program Files\Android\Android Studio\jbr\bin\java.dll
0x00007ff94a780000 - 0x00007ff94a798000 	C:\Program Files\Android\Android Studio\jbr\bin\zip.dll
0x00007ff9536b0000 - 0x00007ff953f0d000 	C:\WINDOWS\System32\SHELL32.dll
0x00007ff94f440000 - 0x00007ff94fd38000 	C:\WINDOWS\SYSTEM32\windows.storage.dll
0x00007ff94f300000 - 0x00007ff94f43e000 	C:\WINDOWS\SYSTEM32\wintypes.dll
0x00007ff953fc0000 - 0x00007ff9540b3000 	C:\WINDOWS\System32\SHCORE.dll
0x00007ff9526f0000 - 0x00007ff95274e000 	C:\WINDOWS\System32\shlwapi.dll
0x00007ff951400000 - 0x00007ff951426000 	C:\WINDOWS\SYSTEM32\profapi.dll
0x00007ff9365e0000 - 0x00007ff9365f9000 	C:\Program Files\Android\Android Studio\jbr\bin\net.dll
0x00007ff94a990000 - 0x00007ff94aac7000 	C:\WINDOWS\SYSTEM32\WINHTTP.dll
0x00007ff950a80000 - 0x00007ff950ae9000 	C:\WINDOWS\system32\mswsock.dll
0x00007ff935b70000 - 0x00007ff935b86000 	C:\Program Files\Android\Android Studio\jbr\bin\nio.dll
0x00007ff9365d0000 - 0x00007ff9365e0000 	C:\Program Files\Android\Android Studio\jbr\bin\verify.dll
0x00007ff910780000 - 0x00007ff9107a7000 	C:\Users\minhm\.gradle\native\68d5fa5c4cc2d200863cafc0d521ce42e7d3e7ee720ec0a83991735586a16f82\windows-amd64\native-platform.dll
0x00007ff9152a0000 - 0x00007ff9153e4000 	C:\Users\minhm\.gradle\native\e376f236ea51e6404a007f0833ffe2c6e607c4080706a723a18a27aeea778392\windows-amd64\native-platform-file-events.dll
0x00007ff934520000 - 0x00007ff934529000 	C:\Program Files\Android\Android Studio\jbr\bin\management.dll
0x00007ff934510000 - 0x00007ff93451b000 	C:\Program Files\Android\Android Studio\jbr\bin\management_ext.dll
0x00007ff9536a0000 - 0x00007ff9536a8000 	C:\WINDOWS\System32\PSAPI.DLL
0x00007ff950cd0000 - 0x00007ff950ceb000 	C:\WINDOWS\SYSTEM32\CRYPTSP.dll
0x00007ff950560000 - 0x00007ff950595000 	C:\WINDOWS\system32\rsaenh.dll
0x00007ff950b70000 - 0x00007ff950b9c000 	C:\WINDOWS\SYSTEM32\USERENV.dll
0x00007ff950cf0000 - 0x00007ff950cfc000 	C:\WINDOWS\SYSTEM32\CRYPTBASE.dll
0x00007ff950010000 - 0x00007ff95003d000 	C:\WINDOWS\SYSTEM32\IPHLPAPI.DLL
0x00007ff952cd0000 - 0x00007ff952cd9000 	C:\WINDOWS\System32\NSI.dll
0x00007ff94aaf0000 - 0x00007ff94ab09000 	C:\WINDOWS\SYSTEM32\dhcpcsvc6.DLL
0x00007ff94a3f0000 - 0x00007ff94a40f000 	C:\WINDOWS\SYSTEM32\dhcpcsvc.DLL
0x00007ff950080000 - 0x00007ff950179000 	C:\WINDOWS\SYSTEM32\DNSAPI.dll
0x00007ff937c70000 - 0x00007ff937c78000 	C:\WINDOWS\system32\wshunix.dll

dbghelp: loaded successfully - version: 4.0.5 - missing functions: none
symbol engine: initialized successfully - sym options: 0x614 - pdb path: .;C:\Program Files\Android\Android Studio\jbr\bin;C:\WINDOWS\SYSTEM32;C:\WINDOWS\WinSxS\amd64_microsoft.windows.common-controls_6595b64144ccf1df_6.0.22621.3235_none_270f74e173860f98;C:\Program Files\Android\Android Studio\jbr\bin\server;C:\Users\minhm\.gradle\native\68d5fa5c4cc2d200863cafc0d521ce42e7d3e7ee720ec0a83991735586a16f82\windows-amd64;C:\Users\minhm\.gradle\native\e376f236ea51e6404a007f0833ffe2c6e607c4080706a723a18a27aeea778392\windows-amd64

VM Arguments:
jvm_args: --add-opens=java.base/java.util=ALL-UNNAMED --add-opens=java.base/java.lang=ALL-UNNAMED --add-opens=java.base/java.lang.invoke=ALL-UNNAMED --add-opens=java.prefs/java.util.prefs=ALL-UNNAMED --add-opens=java.base/java.nio.charset=ALL-UNNAMED --add-opens=java.base/java.net=ALL-UNNAMED --add-opens=java.base/java.util.concurrent.atomic=ALL-UNNAMED -Xmx2048m -Dfile.encoding=UTF-8 -Duser.country=US -Duser.language=en -Duser.variant -javaagent:C:\Users\minhm\.gradle\wrapper\dists\gradle-8.2-bin\bbg7u40eoinfdyxsxr3z4i7ta\gradle-8.2\lib\agents\gradle-instrumentation-agent-8.2.jar 
java_command: org.gradle.launcher.daemon.bootstrap.GradleDaemon 8.2
java_class_path (initial): C:\Users\minhm\.gradle\wrapper\dists\gradle-8.2-bin\bbg7u40eoinfdyxsxr3z4i7ta\gradle-8.2\lib\gradle-launcher-8.2.jar
Launcher Type: SUN_STANDARD

[Global flags]
     intx CICompilerCount                          = 4                                         {product} {ergonomic}
     uint ConcGCThreads                            = 2                                         {product} {ergonomic}
     uint G1ConcRefinementThreads                  = 8                                         {product} {ergonomic}
   size_t G1HeapRegionSize                         = 1048576                                   {product} {ergonomic}
    uintx GCDrainStackTargetSize                   = 64                                        {product} {ergonomic}
   size_t InitialHeapSize                          = 264241152                                 {product} {ergonomic}
   size_t MarkStackSize                            = 4194304                                   {product} {ergonomic}
   size_t MaxHeapSize                              = 2147483648                                {product} {command line}
   size_t MaxNewSize                               = 1287651328                                {product} {ergonomic}
   size_t MinHeapDeltaBytes                        = 1048576                                   {product} {ergonomic}
   size_t MinHeapSize                              = 8388608                                   {product} {ergonomic}
    uintx NonNMethodCodeHeapSize                   = 5839372                                {pd product} {ergonomic}
    uintx NonProfiledCodeHeapSize                  = 122909434                              {pd product} {ergonomic}
    uintx ProfiledCodeHeapSize                     = 122909434                              {pd product} {ergonomic}
    uintx ReservedCodeCacheSize                    = 251658240                              {pd product} {ergonomic}
     bool SegmentedCodeCache                       = true                                      {product} {ergonomic}
   size_t SoftMaxHeapSize                          = 2147483648                             {manageable} {ergonomic}
     bool UseCompressedClassPointers               = true                           {product lp64_product} {ergonomic}
     bool UseCompressedOops                        = true                           {product lp64_product} {ergonomic}
     bool UseG1GC                                  = true                                      {product} {ergonomic}
     bool UseLargePagesIndividualAllocation        = false                                  {pd product} {ergonomic}

Logging:
Log output configuration:
 #0: stdout all=warning uptime,level,tags
 #1: stderr all=off uptime,level,tags

Environment Variables:
JAVA_HOME=C:\Program Files\Java\jdk-21
CLASSPATH=C:\Program Files\Java\jdk-21\lib
PATH="C:\Program Files\Java\jdk-21\bin;";C:\Program Files\Common Files\Oracle\Java\javapath;C:\Program Files\Microsoft\jdk-11.0.16.101-hotspot\bin;C:\WINDOWS\system32;C:\WINDOWS;C:\WINDOWS\System32\Wbem;C:\WINDOWS\System32\WindowsPowerShell\v1.0\;C:\WINDOWS\System32\OpenSSH\;C:\Program Files\Microsoft SQL Server\150\Tools\Binn\;C:\Program Files\Microsoft SQL Server\Client SDK\ODBC\170\Tools\Binn\;C:\Program Files (x86)\Microsoft SQL Server\160\Tools\Binn\;C:\Program Files\Microsoft SQL Server\160\Tools\Binn\;C:\Program Files\Microsoft SQL Server\160\DTS\Binn\;C:\Program Files (x86)\Microsoft SQL Server\160\DTS\Binn\;C:\Program Files\Azure Data Studio\bin;C:\MinGW\bin;C:\Program Files\Git\cmd;C:\Program Files\Java\jdk-21\bin;D:\VScode\Microsoft VS Code\bin
USERNAME=minhm
OS=Windows_NT
PROCESSOR_IDENTIFIER=Intel64 Family 6 Model 140 Stepping 1, GenuineIntel
TMP=C:\Users\minhm\AppData\Local\Temp
TEMP=C:\Users\minhm\AppData\Local\Temp


JNI global refs:
JNI global refs: 29, weak refs: 46

JNI global refs memory usage: 843, weak refs: 1473

OOME stack traces (most recent first):
Classloader memory used:
Loader org.gradle.internal.classloader.VisitableURLClassLoader                         : 4731K
Loader org.gradle.internal.classloader.VisitableURLClassLoader$InstrumentingVisitableURLClassLoader: 4525K
Loader bootstrap                                                                       : 3143K
Loader org.gradle.initialization.MixInLegacyTypesClassLoader                           : 1285K
Loader jdk.internal.reflect.DelegatingClassLoader                                      : 87383B
Loader jdk.internal.loader.ClassLoaders$PlatformClassLoader                            : 71735B
Loader jdk.internal.loader.ClassLoaders$AppClassLoader                                 : 28080B
Loader org.gradle.groovy.scripts.internal.DefaultScriptCompilationHandler$ScriptClassLoader: 3061B
Loader org.codehaus.groovy.runtime.callsite.CallSiteClassLoader                        : 795B
Loader sun.reflect.misc.MethodUtil                                                     : 373B

Classes loaded by more than one classloader:
Class Program                                                                         : loaded 5 times (x 70B)
Class [Lcom.google.common.collect.MapMakerInternalMap$Segment;                        : loaded 2 times (x 67B)
Class com.google.common.collect.Iterators$MergingIterator                             : loaded 2 times (x 79B)
Class com.google.common.io.Closer$SuppressingSuppressor                               : loaded 2 times (x 73B)
Class org.objectweb.asm.ModuleVisitor                                                 : loaded 2 times (x 78B)
Class com.google.common.io.ByteSource                                                 : loaded 2 times (x 82B)
Class [Lcom.google.common.collect.AbstractMapEntry;                                   : loaded 2 times (x 67B)
Class com.google.common.io.AppendableWriter                                           : loaded 2 times (x 98B)
Class com.google.common.collect.ImmutableRangeSet$AsSet                               : loaded 2 times (x 233B)
Class com.google.common.collect.SingletonImmutableList                                : loaded 2 times (x 167B)
Class com.google.common.cache.CacheLoader$SupplierToCacheLoader                       : loaded 2 times (x 73B)
Class org.gradle.internal.classpath.ClassPath                                         : loaded 2 times (x 68B)
Class com.google.common.io.FileWriteMode                                              : loaded 2 times (x 77B)
Class com.google.common.cache.RemovalListener                                         : loaded 2 times (x 68B)
Class org.gradle.api.internal.classpath.DefaultModuleRegistry                         : loaded 2 times (x 84B)
Class com.google.common.collect.FluentIterable$1                                      : loaded 2 times (x 79B)
Class com.google.common.collect.FluentIterable$2                                      : loaded 2 times (x 79B)
Class com.google.common.collect.FluentIterable$3                                      : loaded 2 times (x 79B)
Class Settings_gradle$1$1                                                             : loaded 2 times (x 72B)
Class com.google.common.collect.ImmutableEnumSet                                      : loaded 2 times (x 144B)
Class [Lcom.google.common.collect.MapMaker$Dummy;                                     : loaded 2 times (x 67B)
Class com.google.common.collect.ListMultimap                                          : loaded 2 times (x 68B)
Class com.google.common.base.CharMatcher$JavaDigit                                    : loaded 2 times (x 109B)
Class com.google.common.base.CharMatcher$Digit                                        : loaded 2 times (x 110B)
Class com.google.common.collect.AbstractMultimap                                      : loaded 2 times (x 121B)
Class com.google.common.io.ByteSource$ConcatenatedByteSource                          : loaded 2 times (x 83B)
Class com.google.common.cache.CacheBuilder$OneWeigher                                 : loaded 2 times (x 80B)
Class org.gradle.api.Action                                                           : loaded 2 times (x 68B)
Class com.google.common.io.ByteSource$SlicedByteSource                                : loaded 2 times (x 83B)
Class com.google.common.collect.ImmutableEntry                                        : loaded 2 times (x 80B)
Class com.google.common.collect.Lists$StringAsImmutableList                           : loaded 2 times (x 167B)
Class com.google.common.cache.LocalCache$StrongEntry                                  : loaded 2 times (x 106B)
Class com.google.common.collect.MapMakerInternalMap$InternalEntryHelper               : loaded 2 times (x 68B)
Class org.objectweb.asm.FieldWriter                                                   : loaded 2 times (x 75B)
Class com.google.common.base.CharMatcher                                              : loaded 2 times (x 109B)
Class com.google.common.io.CharSource$AsByteSource                                    : loaded 2 times (x 83B)
Class com.google.common.base.CharMatcher$IsNot                                        : loaded 2 times (x 109B)
Class com.google.common.collect.RegularImmutableSortedSet                             : loaded 2 times (x 233B)
Class com.google.common.collect.Maps$IteratorBasedAbstractMap                         : loaded 2 times (x 123B)
Class com.google.common.base.Splitter                                                 : loaded 2 times (x 70B)
Class [Lcom.google.common.cache.Weigher;                                              : loaded 2 times (x 67B)
Class com.google.common.collect.Iterators$ArrayItr                                    : loaded 2 times (x 95B)
Class com.google.common.collect.MapMakerInternalMap$Strength                          : loaded 2 times (x 78B)
Class com.google.common.cache.LocalCache$Segment                                      : loaded 2 times (x 152B)
Class org.gradle.api.internal.DefaultClassPathProvider                                : loaded 2 times (x 74B)
Class org.gradle.internal.installation.GradleInstallation$1                           : loaded 2 times (x 73B)
Class com.google.common.cache.LocalCache$AbstractReferenceEntry                       : loaded 2 times (x 105B)
Class org.objectweb.asm.Type                                                          : loaded 2 times (x 70B)
Class com.google.common.util.concurrent.AbstractFuture$Failure                        : loaded 2 times (x 70B)
Class com.google.common.base.CharMatcher$BitSetMatcher                                : loaded 2 times (x 110B)
Class com.google.common.collect.ImmutableMap$IteratorBasedImmutableMap                : loaded 2 times (x 123B)
Class com.google.common.io.Files$FileByteSource                                       : loaded 2 times (x 83B)
Class com.google.common.collect.ImmutableMap                                          : loaded 2 times (x 118B)
Class com.google.common.base.Converter                                                : loaded 2 times (x 88B)
Class com.google.common.collect.ImmutableSortedSetFauxverideShim                      : loaded 2 times (x 145B)
Class com.google.common.collect.ImmutableSet$EmptySetBuilderImpl                      : loaded 2 times (x 74B)
Class com.google.common.io.CharSource$ConcatenatedCharSource                          : loaded 2 times (x 84B)
Class com.google.common.base.Equivalence                                              : loaded 2 times (x 80B)
Class com.google.common.primitives.Ints                                               : loaded 2 times (x 69B)
Class com.google.common.cache.LocalCache$EntryFactory$1                               : loaded 2 times (x 81B)
Class com.google.common.cache.LocalCache$EntryFactory$2                               : loaded 2 times (x 81B)
Class com.google.common.cache.LocalCache$EntryFactory$3                               : loaded 2 times (x 81B)
Class com.google.common.cache.LocalCache$EntryFactory$4                               : loaded 2 times (x 81B)
Class com.google.common.cache.LocalCache$EntryFactory$5                               : loaded 2 times (x 81B)
Class com.google.common.cache.LocalCache$EntryFactory$6                               : loaded 2 times (x 81B)
Class com.google.common.cache.LocalCache$EntryFactory$7                               : loaded 2 times (x 81B)
Class com.google.common.cache.LocalCache$EntryFactory$8                               : loaded 2 times (x 81B)
Class com.google.common.base.Predicate                                                : loaded 2 times (x 68B)
Class com.google.common.cache.LocalCache$StrongValueReference                         : loaded 2 times (x 88B)
Class org.gradle.internal.classloader.FilteringClassLoader                            : loaded 2 times (x 102B)
Class com.google.common.collect.AbstractMapBasedMultimap$WrappedCollection            : loaded 2 times (x 122B)
Class com.google.common.collect.RegularImmutableSet                                   : loaded 2 times (x 146B)
Class [Lcom.google.common.cache.LocalCache$Strength;                                  : loaded 2 times (x 67B)
Class org.gradle.internal.classpath.DefaultClassPath$ImmutableUniqueList$Builder      : loaded 2 times (x 73B)
Class com.google.common.collect.AbstractRangeSet                                      : loaded 2 times (x 112B)
Class com.google.common.collect.Maps$8                                                : loaded 2 times (x 80B)
Class com.google.common.base.PatternCompiler                                          : loaded 2 times (x 68B)
Class [Lcom.google.common.cache.CacheBuilder$NullListener;                            : loaded 2 times (x 67B)
Class com.google.common.io.CharStreams$NullWriter                                     : loaded 2 times (x 97B)
Class com.google.common.base.CharMatcher$InRange                                      : loaded 2 times (x 109B)
Class com.google.common.collect.Maps$KeySet                                           : loaded 2 times (x 135B)
Class com.google.common.collect.ImmutableMultimap$EntryCollection                     : loaded 2 times (x 125B)
Class com.google.common.collect.Sets$SetView                                          : loaded 2 times (x 136B)
Class com.google.common.collect.BiMap                                                 : loaded 2 times (x 68B)
Class com.google.common.collect.Lists                                                 : loaded 2 times (x 69B)
Class org.objectweb.asm.AnnotationWriter                                              : loaded 2 times (x 76B)
Class com.google.common.math.IntMath$1                                                : loaded 2 times (x 69B)
Class org.gradle.internal.classloader.ClassLoaderVisitor                              : loaded 2 times (x 74B)
Class org.objectweb.asm.Label                                                         : loaded 2 times (x 71B)
Class com.google.common.cache.CacheBuilder$NullListener                               : loaded 2 times (x 80B)
Class com.google.common.collect.ImmutableMultimap                                     : loaded 2 times (x 145B)
Class org.apache.commons.io.filefilter.IOFileFilter                                   : loaded 2 times (x 68B)
Class com.google.common.math.MathPreconditions                                        : loaded 2 times (x 69B)
Class org.gradle.internal.service.DefaultServiceLocator                               : loaded 2 times (x 81B)
Class org.gradle.internal.service.UnknownServiceException                             : loaded 2 times (x 81B)
Class com.google.common.util.concurrent.AbstractFuture$SynchronizedHelper             : loaded 2 times (x 76B)
Class com.google.common.collect.ArrayListMultimap                                     : loaded 2 times (x 170B)
Class com.google.common.base.Strings                                                  : loaded 2 times (x 69B)
Class com.google.common.io.Closer                                                     : loaded 2 times (x 76B)
Class com.google.common.cache.CacheLoader$InvalidCacheLoadException                   : loaded 2 times (x 80B)
Class org.gradle.internal.classloader.DefaultClassLoaderFactory                       : loaded 2 times (x 80B)
Class com.google.common.collect.UnmodifiableIterator                                  : loaded 2 times (x 78B)
Class com.google.common.base.Stopwatch                                                : loaded 2 times (x 70B)
Class com.google.common.base.Platform$JdkPatternCompiler                              : loaded 2 times (x 73B)
Class com.google.common.collect.Interners$InternerImpl                                : loaded 2 times (x 73B)
Class com.google.common.cache.LocalCache$LoadingValueReference                        : loaded 2 times (x 94B)
Class com.google.common.base.CharMatcher$SingleWidth                                  : loaded 2 times (x 110B)
Class com.google.common.collect.Hashing                                               : loaded 2 times (x 69B)
Class com.google.common.collect.MapMakerInternalMap$AbstractStrongKeyEntry            : loaded 2 times (x 80B)
Class com.google.common.collect.ImmutableRangeSet$ComplementRanges                    : loaded 2 times (x 167B)
Class com.google.common.base.JdkPattern                                               : loaded 2 times (x 73B)
Class com.google.common.base.Optional                                                 : loaded 2 times (x 78B)
Class com.google.common.collect.Multimap                                              : loaded 2 times (x 68B)
Class com.google.common.base.FunctionalEquivalence                                    : loaded 2 times (x 81B)
Class org.objectweb.asm.AnnotationVisitor                                             : loaded 2 times (x 75B)
Class org.objectweb.asm.RecordComponentWriter                                         : loaded 2 times (x 76B)
Class com.google.common.cache.LocalCache$1                                            : loaded 2 times (x 87B)
Class com.google.common.cache.LocalCache$2                                            : loaded 2 times (x 140B)
Class com.google.common.collect.RegularImmutableBiMap                                 : loaded 2 times (x 146B)
Class org.gradle.internal.classloader.VisitableURLClassLoader$Spec                    : loaded 2 times (x 72B)
Class org.gradle.api.GradleException                                                  : loaded 2 times (x 80B)
Class com.google.common.base.CharMatcher$JavaLetterOrDigit                            : loaded 2 times (x 109B)
Class org.gradle.api.internal.classpath.ModuleRegistry                                : loaded 2 times (x 68B)
Class com.google.common.collect.ForwardingObject                                      : loaded 2 times (x 70B)
Class com.google.common.cache.CacheBuilder                                            : loaded 2 times (x 70B)
Class org.objectweb.asm.ByteVector                                                    : loaded 2 times (x 76B)
Class com.google.common.collect.ImmutableCollection                                   : loaded 2 times (x 123B)
Class com.google.common.collect.ImmutableRangeSet                                     : loaded 2 times (x 113B)
Class com.google.common.base.PairwiseEquivalence                                      : loaded 2 times (x 81B)
Class com.google.common.base.Ticker                                                   : loaded 2 times (x 70B)
Class org.gradle.api.internal.ClassPathProvider                                       : loaded 2 times (x 68B)
Class com.google.common.base.Ascii                                                    : loaded 2 times (x 69B)
Class com.google.common.collect.RegularImmutableMap$Values                            : loaded 2 times (x 167B)
Class org.objectweb.asm.ModuleWriter                                                  : loaded 2 times (x 79B)
Class org.gradle.internal.classloader.ClasspathUtil$1                                 : loaded 2 times (x 74B)
Class com.google.common.io.ByteSource$AsCharSource                                    : loaded 2 times (x 84B)
Class com.google.common.collect.ImmutableEnumMap                                      : loaded 2 times (x 123B)
Class com.google.common.collect.ForwardingMap                                         : loaded 2 times (x 130B)
Class com.google.common.collect.ImmutableList$ReverseImmutableList                    : loaded 2 times (x 168B)
Class com.google.common.cache.AbstractCache$StatsCounter                              : loaded 2 times (x 68B)
Class org.objectweb.asm.FieldVisitor                                                  : loaded 2 times (x 74B)
Class org.objectweb.asm.Symbol                                                        : loaded 2 times (x 71B)
Class com.google.common.cache.LocalCache$Strength$1                                   : loaded 2 times (x 79B)
Class com.google.common.collect.EmptyImmutableListMultimap                            : loaded 2 times (x 174B)
Class com.google.common.cache.LocalCache$Strength$2                                   : loaded 2 times (x 79B)
Class com.google.common.cache.LocalCache$Strength$3                                   : loaded 2 times (x 79B)
Class org.gradle.internal.classloader.ClassLoaderFactory                              : loaded 2 times (x 68B)
Class com.google.common.collect.ObjectArrays                                          : loaded 2 times (x 69B)
Class com.google.common.base.Absent                                                   : loaded 2 times (x 78B)
Class com.google.common.util.concurrent.AbstractFuture$Waiter                         : loaded 2 times (x 70B)
Class com.google.common.util.concurrent.Uninterruptibles                              : loaded 2 times (x 69B)
Class com.google.common.collect.Iterators$10                                          : loaded 2 times (x 79B)
Class com.google.common.collect.Iterators$EmptyModifiableIterator                     : loaded 2 times (x 84B)
Class com.google.common.collect.ImmutableList                                         : loaded 2 times (x 166B)
Class org.gradle.api.internal.classpath.ManifestUtil                                  : loaded 2 times (x 69B)
Class org.gradle.api.specs.Spec                                                       : loaded 2 times (x 68B)
Class com.google.common.collect.RangeSet                                              : loaded 2 times (x 68B)
Class com.google.common.cache.CacheLoader$UnsupportedLoadingOperationException        : loaded 2 times (x 80B)
Class com.google.common.base.CharMatcher$Whitespace                                   : loaded 2 times (x 110B)
Class com.google.common.util.concurrent.ListenableFuture                              : loaded 2 times (x 68B)
Class com.google.common.collect.MapMaker$Dummy                                        : loaded 2 times (x 77B)
Class com.google.common.collect.Iterators$1                                           : loaded 2 times (x 79B)
Class com.google.common.collect.BaseImmutableMultimap                                 : loaded 2 times (x 121B)
Class com.google.common.collect.Iterators$4                                           : loaded 2 times (x 80B)
Class com.google.common.collect.RegularImmutableMap$BucketOverflowException           : loaded 2 times (x 80B)
Class com.google.common.collect.Iterators$5                                           : loaded 2 times (x 80B)
Class com.google.common.util.concurrent.AbstractFuture$UnsafeAtomicHelper             : loaded 2 times (x 76B)
Class com.google.common.base.Joiner                                                   : loaded 2 times (x 77B)
Class com.google.common.base.Equivalence$Equals                                       : loaded 2 times (x 80B)
Class com.google.common.base.Preconditions                                            : loaded 2 times (x 69B)
Class com.google.common.base.Function                                                 : loaded 2 times (x 68B)
Class com.google.common.collect.Iterators$9                                           : loaded 2 times (x 79B)
Class org.gradle.internal.IoActions                                                   : loaded 2 times (x 69B)
Class com.google.common.collect.MapMakerInternalMap$StrongKeyDummyValueEntry$Helper   : loaded 2 times (x 77B)
Class com.google.common.cache.ReferenceEntry                                          : loaded 2 times (x 68B)
Class com.google.common.collect.RegularImmutableMap$KeySet                            : loaded 2 times (x 148B)
Class com.google.common.collect.CollectPreconditions                                  : loaded 2 times (x 69B)
Class com.google.common.primitives.IntsMethodsForWeb                                  : loaded 2 times (x 69B)
Class com.google.common.collect.RangeGwtSerializationDependencies                     : loaded 2 times (x 69B)
Class com.google.common.collect.Maps                                                  : loaded 2 times (x 69B)
Class com.google.common.collect.RegularImmutableMap                                   : loaded 2 times (x 119B)
Class com.google.common.collect.AbstractIndexedListIterator                           : loaded 2 times (x 94B)
Class com.google.common.collect.ImmutableMultimap$Builder                             : loaded 2 times (x 81B)
Class com.google.common.base.CharMatcher$None                                         : loaded 2 times (x 110B)
Class org.gradle.api.internal.classpath.EffectiveClassPath                            : loaded 2 times (x 88B)
Class com.google.common.collect.UnmodifiableListIterator                              : loaded 2 times (x 93B)
Class com.google.common.io.Files                                                      : loaded 2 times (x 69B)
Class com.google.common.cache.CacheLoader$FunctionToCacheLoader                       : loaded 2 times (x 73B)
Class com.google.common.cache.CacheBuilder$1                                          : loaded 2 times (x 83B)
Class com.google.common.cache.CacheBuilder$2                                          : loaded 2 times (x 77B)
Class com.google.common.collect.ImmutableList$1                                       : loaded 2 times (x 95B)
Class com.google.common.base.Splitter$Strategy                                        : loaded 2 times (x 68B)
Class com.google.common.cache.CacheBuilder$3                                          : loaded 2 times (x 70B)
Class com.google.common.io.CharStreams                                                : loaded 2 times (x 69B)
Class com.google.common.collect.ImmutableMapEntrySet$RegularEntrySet                  : loaded 2 times (x 149B)
Class [Lcom.google.common.cache.RemovalListener;                                      : loaded 2 times (x 67B)
Class [Lcom.google.common.collect.ImmutableMapEntry;                                  : loaded 2 times (x 67B)
Class com.google.common.collect.Interners                                             : loaded 2 times (x 69B)
Class com.google.common.collect.MapMakerInternalMap$Strength$1                        : loaded 2 times (x 78B)
Class org.gradle.internal.installation.CurrentGradleInstallation                      : loaded 2 times (x 71B)
Class com.google.common.collect.MapMakerInternalMap$Strength$2                        : loaded 2 times (x 78B)
Class org.gradle.internal.agents.InstrumentingClassLoader                             : loaded 2 times (x 68B)
Class org.gradle.internal.installation.CurrentGradleInstallationLocator               : loaded 2 times (x 69B)
Class [Lcom.google.common.cache.LocalCache$Segment;                                   : loaded 2 times (x 67B)
Class org.gradle.api.internal.classpath.Module                                        : loaded 2 times (x 68B)
Class com.google.common.io.ByteSource$ByteArrayByteSource                             : loaded 2 times (x 83B)
Class com.google.common.collect.ImmutableSortedSet                                    : loaded 2 times (x 233B)
Class com.google.common.base.Splitter$1$1                                             : loaded 2 times (x 84B)
Class com.google.common.collect.MapMakerInternalMap$Segment                           : loaded 2 times (x 140B)
Class com.google.common.collect.ImmutableSet$JdkBackedSetBuilderImpl                  : loaded 2 times (x 74B)
Class com.google.common.collect.ImmutableSet$RegularSetBuilderImpl                    : loaded 2 times (x 75B)
Class org.gradle.internal.service.CachingServiceLocator                               : loaded 2 times (x 80B)
Class [Lcom.google.common.collect.ImmutableEntry;                                     : loaded 2 times (x 67B)
Class com.google.common.collect.Sets$ImprovedAbstractSet                              : loaded 2 times (x 133B)
Class com.google.common.collect.AbstractMapBasedMultimap$AsMap                        : loaded 2 times (x 126B)
Class org.gradle.internal.classpath.DefaultClassPath                                  : loaded 2 times (x 88B)
Class com.google.common.collect.MapMakerInternalMap$1                                 : loaded 2 times (x 81B)
Class com.google.common.util.concurrent.AbstractFuture$SetFuture                      : loaded 2 times (x 73B)
Class com.google.common.collect.CollectCollectors                                     : loaded 2 times (x 69B)
Class com.google.common.base.Splitter$SplittingIterator                               : loaded 2 times (x 82B)
Class com.google.common.collect.ImmutableMultisetGwtSerializationDependencies         : loaded 2 times (x 123B)
Class com.google.common.collect.ImmutableListMultimap                                 : loaded 2 times (x 174B)
Class com.google.common.cache.LocalCache$LocalManualCache$1                           : loaded 2 times (x 73B)
Class Build_gradle$1                                                                  : loaded 2 times (x 72B)
Class Build_gradle$2                                                                  : loaded 2 times (x 76B)
Class [Lcom.google.common.collect.AbstractIterator$State;                             : loaded 2 times (x 67B)
Class org.objectweb.asm.SymbolTable$Entry                                             : loaded 2 times (x 72B)
Class [Lcom.google.common.cache.LocalCache$EntryFactory;                              : loaded 2 times (x 67B)
Class com.google.common.base.CharMatcher$Is                                           : loaded 2 times (x 109B)
Class com.google.common.base.Platform                                                 : loaded 2 times (x 69B)
Class com.google.common.collect.RegularImmutableAsList                                : loaded 2 times (x 176B)
Class com.google.common.base.Suppliers$NonSerializableMemoizingSupplier               : loaded 2 times (x 77B)
Class com.google.common.collect.PeekingIterator                                       : loaded 2 times (x 68B)
Class com.google.common.collect.ImmutableMapEntrySet                                  : loaded 2 times (x 149B)
Class com.google.common.cache.CacheLoader                                             : loaded 2 times (x 72B)
Class com.google.common.collect.ImmutableBiMapFauxverideShim                          : loaded 2 times (x 118B)
Class org.objectweb.asm.MethodTooLargeException                                       : loaded 2 times (x 81B)
Class com.google.common.cache.Cache                                                   : loaded 2 times (x 68B)
Class com.google.common.collect.Maps$EntrySet                                         : loaded 2 times (x 134B)
Class org.gradle.internal.classloader.SystemClassLoaderSpec                           : loaded 2 times (x 69B)
Class com.google.common.io.LineBuffer                                                 : loaded 2 times (x 73B)
Class com.google.common.util.concurrent.internal.InternalFutureFailureAccess          : loaded 2 times (x 70B)
Class com.google.common.io.CharSource$StringCharSource                                : loaded 2 times (x 84B)
Class com.google.common.base.Charsets                                                 : loaded 2 times (x 69B)
Class com.google.common.primitives.Ints$IntConverter                                  : loaded 2 times (x 88B)
Class com.google.common.collect.SingletonImmutableSet                                 : loaded 2 times (x 144B)
Class com.google.common.collect.Interners$InternerBuilder                             : loaded 2 times (x 74B)
Class [Lcom.google.common.base.AbstractIterator$State;                                : loaded 2 times (x 67B)
Class com.google.common.collect.ImmutableMap$Builder                                  : loaded 2 times (x 80B)
Class com.google.common.io.LineReader$1                                               : loaded 2 times (x 73B)
Class com.google.common.base.AbstractIterator                                         : loaded 2 times (x 78B)
Class org.objectweb.asm.ClassWriter                                                   : loaded 2 times (x 102B)
Class com.google.common.collect.Range                                                 : loaded 2 times (x 85B)
Class com.google.common.base.AbstractIterator$1                                       : loaded 2 times (x 69B)
Class [Lcom.google.common.cache.CacheBuilder$OneWeigher;                              : loaded 2 times (x 67B)
Class com.google.common.collect.Iterators                                             : loaded 2 times (x 69B)
Class com.google.common.base.CharMatcher$1                                            : loaded 2 times (x 111B)
Class com.google.common.base.CharMatcher$Ascii                                        : loaded 2 times (x 110B)
Class com.google.common.cache.LocalCache$ComputingValueReference                      : loaded 2 times (x 94B)
Class com.google.common.collect.ImmutableList$SerializedForm                          : loaded 2 times (x 71B)
Class org.gradle.api.UncheckedIOException                                             : loaded 2 times (x 80B)
Class com.google.common.base.CharMatcher$And                                          : loaded 2 times (x 110B)
Class [Lcom.google.common.io.FileWriteMode;                                           : loaded 2 times (x 67B)
Class com.google.common.io.Files$FileByteSink                                         : loaded 2 times (x 75B)
Class com.google.common.collect.IndexedImmutableSet                                   : loaded 2 times (x 148B)
Class com.google.common.base.ExtraObjectsMethodsForWeb                                : loaded 2 times (x 69B)
Class com.google.common.collect.IndexedImmutableSet$1                                 : loaded 2 times (x 172B)
Class com.google.common.collect.AbstractListMultimap                                  : loaded 2 times (x 170B)
Class com.google.common.base.CharMatcher$Any                                          : loaded 2 times (x 110B)
Class org.gradle.internal.installation.GradleInstallation                             : loaded 2 times (x 73B)
Class com.google.common.cache.LocalCache$Strength                                     : loaded 2 times (x 79B)
Class com.google.common.collect.AbstractMapBasedMultimap$KeySet                       : loaded 2 times (x 135B)
Class com.google.common.collect.SortedIterable                                        : loaded 2 times (x 68B)
Class com.google.common.collect.ArrayListMultimapGwtSerializationDependencies         : loaded 2 times (x 170B)
Class com.google.common.base.CharMatcher$RangesMatcher                                : loaded 2 times (x 110B)
Class com.google.common.collect.AbstractMapBasedMultimap$RandomAccessWrappedList      : loaded 2 times (x 165B)
Class org.objectweb.asm.Handler                                                       : loaded 2 times (x 70B)
Class com.google.common.collect.ImmutableList$SubList                                 : loaded 2 times (x 168B)
Class com.google.common.cache.LocalCache$ValueReference                               : loaded 2 times (x 68B)
Class com.google.common.collect.CollectSpliterators                                   : loaded 2 times (x 69B)
Class com.google.common.io.Java8Compatibility                                         : loaded 2 times (x 69B)
Class org.gradle.internal.classloader.ClasspathUtil                                   : loaded 2 times (x 69B)
Class org.apache.commons.io.FileUtils                                                 : loaded 2 times (x 69B)
Class org.objectweb.asm.CurrentFrame                                                  : loaded 2 times (x 71B)
Class com.google.common.util.concurrent.AbstractFuture                                : loaded 2 times (x 93B)
Class com.google.common.base.Splitter$1                                               : loaded 2 times (x 75B)
Class com.google.common.base.Ticker$1                                                 : loaded 2 times (x 70B)
Class com.google.common.collect.Maps$BiMapConverter                                   : loaded 2 times (x 88B)
Class org.gradle.api.internal.DefaultClassPathRegistry                                : loaded 2 times (x 74B)
Class com.google.common.collect.AbstractIterator$State                                : loaded 2 times (x 77B)
Class [Lorg.objectweb.asm.Symbol;                                                     : loaded 2 times (x 67B)
Class com.google.common.util.concurrent.AbstractFuture$Cancellation                   : loaded 2 times (x 70B)
Class com.google.common.collect.Interner                                              : loaded 2 times (x 68B)
Class com.google.common.collect.ImmutableSet$SetBuilderImpl                           : loaded 2 times (x 74B)
Class org.gradle.api.internal.classpath.DefaultModuleRegistry$DefaultModule           : loaded 2 times (x 84B)
Class com.google.common.io.LineReader                                                 : loaded 2 times (x 70B)
Class com.google.common.base.CharMatcher$JavaIsoControl                               : loaded 2 times (x 110B)
Class com.google.common.collect.ImmutableMap$1                                        : loaded 2 times (x 79B)
Class com.google.common.base.CharMatcher$Or                                           : loaded 2 times (x 110B)
Class com.google.common.base.Suppliers$SupplierOfInstance                             : loaded 2 times (x 77B)
Class org.objectweb.asm.RecordComponentVisitor                                        : loaded 2 times (x 75B)
Class com.google.common.collect.Iterables                                             : loaded 2 times (x 69B)
Class com.google.common.base.CharMatcher$JavaLowerCase                                : loaded 2 times (x 109B)
Class org.objectweb.asm.ClassTooLargeException                                        : loaded 2 times (x 81B)
Class org.gradle.api.internal.classpath.UnknownModuleException                        : loaded 2 times (x 80B)
Class com.google.common.collect.FluentIterable                                        : loaded 2 times (x 79B)
Class com.google.common.util.concurrent.AbstractFuture$Listener                       : loaded 2 times (x 70B)
Class com.google.common.collect.CollectSpliterators$1                                 : loaded 2 times (x 88B)
Class com.google.common.collect.Iterables$4                                           : loaded 2 times (x 79B)
Class org.objectweb.asm.Edge                                                          : loaded 2 times (x 70B)
Class com.google.common.collect.Maps$EntryTransformer                                 : loaded 2 times (x 68B)
Class com.google.common.collect.ImmutableCollection$Builder                           : loaded 2 times (x 74B)
Class org.apache.commons.io.FilenameUtils                                             : loaded 2 times (x 69B)
Class [Lorg.objectweb.asm.SymbolTable$Entry;                                          : loaded 2 times (x 67B)
Class com.google.common.collect.SingletonImmutableBiMap                               : loaded 2 times (x 141B)
Class com.google.common.base.CommonPattern                                            : loaded 2 times (x 72B)
Class com.google.common.base.Suppliers$MemoizingSupplier                              : loaded 2 times (x 77B)
Class com.google.common.base.Suppliers                                                : loaded 2 times (x 69B)
Class [Lcom.google.common.collect.Iterators$EmptyModifiableIterator;                  : loaded 2 times (x 67B)
Class org.objectweb.asm.ClassVisitor                                                  : loaded 2 times (x 85B)
Class com.google.common.cache.LoadingCache                                            : loaded 2 times (x 68B)
Class org.gradle.internal.service.ServiceLookupException                              : loaded 2 times (x 80B)
Class com.google.common.collect.MapMakerInternalMap$StrongKeyDummyValueSegment        : loaded 2 times (x 140B)
Class org.gradle.cache.GlobalCache                                                    : loaded 2 times (x 68B)
Class com.google.common.base.Present                                                  : loaded 2 times (x 79B)
Class com.google.common.base.CharMatcher$NegatedFastMatcher                           : loaded 2 times (x 111B)
Class [Lorg.gradle.api.internal.ClassPathProvider;                                    : loaded 2 times (x 67B)
Class com.google.common.util.concurrent.AbstractFuture$SafeAtomicHelper               : loaded 2 times (x 77B)
Class com.google.common.collect.ImmutableMultimap$Values                              : loaded 2 times (x 124B)
Class org.gradle.util.internal.GUtil                                                  : loaded 2 times (x 69B)
Class com.google.common.math.IntMath                                                  : loaded 2 times (x 69B)
Class com.google.common.collect.AbstractIterator                                      : loaded 2 times (x 80B)
Class org.gradle.internal.classloader.ClassLoaderSpec                                 : loaded 2 times (x 69B)
Class com.google.common.io.LineProcessor                                              : loaded 2 times (x 68B)
Class com.google.common.base.NullnessCasts                                            : loaded 2 times (x 69B)
Class com.google.common.io.CharSink                                                   : loaded 2 times (x 77B)
Class org.objectweb.asm.Frame                                                         : loaded 2 times (x 71B)
Class com.google.common.cache.LocalCache$LocalManualCache                             : loaded 2 times (x 97B)
Class com.google.common.collect.AbstractMapEntry                                      : loaded 2 times (x 79B)
Class com.google.common.collect.ImmutableList$Builder                                 : loaded 2 times (x 75B)
Class com.google.common.base.CharMatcher$Negated                                      : loaded 2 times (x 111B)
Class com.google.common.cache.CacheLoader$1                                           : loaded 2 times (x 73B)
Class [Lcom.google.common.collect.MapMakerInternalMap$Strength;                       : loaded 2 times (x 67B)
Class com.google.common.util.concurrent.AbstractFuture$TrustedFuture                  : loaded 2 times (x 95B)
Class com.google.common.collect.MapMakerInternalMap$InternalEntry                     : loaded 2 times (x 68B)
Class org.apache.commons.io.FileExistsException                                       : loaded 2 times (x 80B)
Class com.google.common.collect.Maps$ViewCachingAbstractMap                           : loaded 2 times (x 123B)
Class com.google.common.collect.Sets                                                  : loaded 2 times (x 69B)
Class com.google.common.collect.ImmutableSet$Builder                                  : loaded 2 times (x 83B)
Class com.google.common.collect.MapMakerInternalMap                                   : loaded 2 times (x 159B)
Class com.google.common.base.CharMatcher$ForPredicate                                 : loaded 2 times (x 110B)
Class com.google.common.collect.ImmutableMap$MapViewOfValuesAsSingletonSets           : loaded 2 times (x 123B)
Class com.google.common.collect.ImmutableMapKeySet                                    : loaded 2 times (x 148B)
Class com.google.common.base.MoreObjects                                              : loaded 2 times (x 69B)
Class com.google.common.collect.SortedMapDifference                                   : loaded 2 times (x 68B)
Class org.objectweb.asm.SymbolTable                                                   : loaded 2 times (x 70B)
Class com.google.common.cache.CacheStats                                              : loaded 2 times (x 69B)
Class org.objectweb.asm.Attribute                                                     : loaded 2 times (x 75B)
Class org.gradle.internal.classloader.VisitableURLClassLoader                         : loaded 2 times (x 114B)
Class com.google.common.cache.LocalCache$LocalLoadingCache                            : loaded 2 times (x 132B)
Class com.google.common.io.CharSource$CharSequenceCharSource                          : loaded 2 times (x 84B)
Class com.google.common.base.Supplier                                                 : loaded 2 times (x 68B)
Class com.google.common.collect.ImmutableMultimap$Keys                                : loaded 2 times (x 164B)
Class com.google.common.base.Objects                                                  : loaded 2 times (x 69B)
Class com.google.common.util.concurrent.AbstractFuture$AtomicHelper                   : loaded 2 times (x 76B)
Class com.google.common.collect.ImmutableBiMap                                        : loaded 2 times (x 141B)
Class org.gradle.internal.Cast                                                        : loaded 2 times (x 69B)
Class com.google.common.hash.PrimitiveSink                                            : loaded 2 times (x 68B)
Class Build_gradle                                                                    : loaded 2 times (x 128B)
Class com.google.common.io.CharSource$EmptyCharSource                                 : loaded 2 times (x 84B)
Class org.gradle.api.internal.ClassPathRegistry                                       : loaded 2 times (x 68B)
Class com.google.common.cache.LocalCache$EntryFactory                                 : loaded 2 times (x 81B)
Class com.google.common.util.concurrent.UncheckedExecutionException                   : loaded 2 times (x 80B)
Class com.google.common.collect.ImmutableSet                                          : loaded 2 times (x 143B)
Class org.gradle.internal.classloader.VisitableURLClassLoader$InstrumentingVisitableURLClassLoader: loaded 2 times (x 120B)
Class org.gradle.internal.classloader.ClassLoaderHierarchy                            : loaded 2 times (x 68B)
Class com.google.common.io.Closer$Suppressor                                          : loaded 2 times (x 68B)
Class com.google.common.collect.AbstractMapBasedMultimap$WrappedList                  : loaded 2 times (x 165B)
Class [Lorg.objectweb.asm.Type;                                                       : loaded 2 times (x 67B)
Class com.google.common.collect.MapMakerInternalMap$WeakValueReference                : loaded 2 times (x 68B)
Class com.google.common.base.AbstractIterator$State                                   : loaded 2 times (x 77B)
Class com.google.common.cache.Weigher                                                 : loaded 2 times (x 68B)
Class com.google.common.collect.MapMakerInternalMap$StrongValueEntry                  : loaded 2 times (x 68B)
Class com.google.common.base.CharMatcher$NamedFastMatcher                             : loaded 2 times (x 110B)
Class org.gradle.internal.InternalTransformer                                         : loaded 2 times (x 68B)
Class org.gradle.internal.service.ServiceLocator                                      : loaded 2 times (x 68B)
Class Settings_gradle$1                                                               : loaded 2 times (x 72B)
Class com.google.common.collect.ImmutableRangeSet$1                                   : loaded 2 times (x 169B)
Class com.google.common.util.concurrent.SettableFuture                                : loaded 2 times (x 95B)
Class com.google.common.io.Files$2                                                    : loaded 2 times (x 74B)
Class com.google.common.collect.ImmutableMapEntry                                     : loaded 2 times (x 83B)
Class com.google.common.base.CharMatcher$Invisible                                    : loaded 2 times (x 110B)
Class com.google.common.base.Joiner$1                                                 : loaded 2 times (x 78B)
Class com.google.common.collect.MapMaker                                              : loaded 2 times (x 70B)
Class com.google.common.base.Joiner$2                                                 : loaded 2 times (x 77B)
Class com.google.common.collect.ImmutableMultiset                                     : loaded 2 times (x 161B)
Class com.google.common.base.CharMatcher$FastMatcher                                  : loaded 2 times (x 109B)
Class org.gradle.internal.classpath.DefaultClassPath$ImmutableUniqueList              : loaded 2 times (x 159B)
Class com.google.common.base.CharMatcher$JavaLetter                                   : loaded 2 times (x 109B)
Class com.google.common.collect.ImmutableMultimap$1                                   : loaded 2 times (x 80B)
Class com.google.common.collect.ImmutableMultimap$2                                   : loaded 2 times (x 79B)
Class org.gradle.internal.classpath.TransformedClassPath                              : loaded 2 times (x 94B)
Class com.google.common.collect.MapDifference                                         : loaded 2 times (x 68B)
Class com.google.common.io.ByteSource$EmptyByteSource                                 : loaded 2 times (x 83B)
Class com.google.common.collect.Sets$1                                                : loaded 2 times (x 137B)
Class com.google.common.collect.Sets$2                                                : loaded 2 times (x 137B)
Class com.google.common.util.concurrent.AbstractFuture$Trusted                        : loaded 2 times (x 68B)
Class com.google.common.collect.Sets$3                                                : loaded 2 times (x 137B)
Class com.google.common.graph.SuccessorsFunction                                      : loaded 2 times (x 68B)
Class com.google.common.collect.Sets$4                                                : loaded 2 times (x 137B)
Class Settings_gradle                                                                 : loaded 2 times (x 126B)
Class com.google.common.io.ByteSink                                                   : loaded 2 times (x 74B)
Class org.objectweb.asm.MethodWriter                                                  : loaded 2 times (x 103B)
Class com.google.common.collect.Platform                                              : loaded 2 times (x 69B)
Class com.google.common.collect.ImmutableAsList                                       : loaded 2 times (x 169B)
Class com.google.common.util.concurrent.ExecutionError                                : loaded 2 times (x 80B)
Class com.google.common.io.ByteSink$AsCharSink                                        : loaded 2 times (x 78B)
Class com.google.common.base.Equivalence$Identity                                     : loaded 2 times (x 80B)
Class com.google.common.base.CharMatcher$AnyOf                                        : loaded 2 times (x 110B)
Class com.google.common.base.CharMatcher$IsEither                                     : loaded 2 times (x 109B)
Class com.google.common.collect.AbstractIterator$1                                    : loaded 2 times (x 69B)
Class com.google.common.io.CharSource                                                 : loaded 2 times (x 83B)
Class com.google.common.cache.LocalCache                                              : loaded 2 times (x 185B)
Class com.google.common.collect.ImmutableRangeSet$Builder                             : loaded 2 times (x 75B)
Class com.google.common.collect.RegularImmutableList                                  : loaded 2 times (x 172B)
Class com.google.common.util.concurrent.AbstractFuture$UnsafeAtomicHelper$1           : loaded 2 times (x 74B)
Class com.google.common.base.CharMatcher$JavaUpperCase                                : loaded 2 times (x 109B)
Class com.google.common.collect.Multiset                                              : loaded 2 times (x 68B)
Class com.google.common.collect.ImmutableSet$CachingAsList                            : loaded 2 times (x 145B)
Class org.objectweb.asm.MethodVisitor                                                 : loaded 2 times (x 102B)
Class com.google.common.collect.AbstractMapBasedMultimap$KeySet$1                     : loaded 2 times (x 80B)
Class com.google.common.collect.ImmutableMapEntry$NonTerminalImmutableMapEntry        : loaded 2 times (x 83B)
Class com.google.common.collect.AbstractMapBasedMultimap                              : loaded 2 times (x 137B)


---------------  S Y S T E M  ---------------

OS:
 Windows 11 , 64 bit Build 22621 (10.0.22621.3235)
OS uptime: 10 days 17:08 hours

CPU: total 8 (initial active 8) (4 cores per cpu, 2 threads per core) family 6 model 140 stepping 1 microcode 0xb4, cx8, cmov, fxsr, ht, mmx, 3dnowpref, sse, sse2, sse3, ssse3, sse4.1, sse4.2, popcnt, lzcnt, tsc, tscinvbit, avx, avx2, aes, erms, clmul, bmi1, bmi2, adx, avx512f, avx512dq, avx512cd, avx512bw, avx512vl, sha, fma, vzeroupper, avx512_vpopcntdq, avx512_vpclmulqdq, avx512_vaes, avx512_vnni, clflush, clflushopt, clwb, avx512_vbmi2, avx512_vbmi

Memory: 4k page, system-wide physical 16106M (3513M free)
TotalPageFile size 19106M (AvailPageFile size 272M)
current process WorkingSet (physical memory assigned to process): 606M, peak: 606M
current process commit charge ("private bytes"): 651M, peak: 925M

vm_info: OpenJDK 64-Bit Server VM (17.0.7+0-b2043.56-10550314) for windows-amd64 JRE (17.0.7+0-b2043.56-10550314), built on Jul 24 2023 18:27:45 by "androidbuild" with MS VC++ 16.10 / 16.11 (VS2019)

END.
